krěpъ	bcs	krȉjep	krîjep	krîjep
pasti	bcs	pȁsti	pâsti	pâsti
pri	bcs	pri	pri	pri
děvìca	bcs	djèvica	djěʋitsa	djěʋit͡sa
ěrostь	bcs	járōst	jǎːroːst	jǎːroːst
miglъ	bcs	màgla	mǎɡla	mǎɡla
nukati	bcs	nȕkati	nûkati	nûkati
bìti	bcs	bȉti	bîti	bîti
aščerъ	bcs	jȁster	jâster	jâster
monisto	bcs	monisto	monisto	monisto
perkъ	bcs	prȉjek	prîjek	prîjek
kъ	bcs	k(a)	ka	ka
kъn	bcs	k(a)	ka	ka
dajati	bcs	dajȁt	dajât	dajât
gъrnъ	bcs	grno	ɡrno	ɡrno
vě̀trъ	bcs	vjȅtar	ʋjêtar	ʋjêtar
zidъ	bcs	zȋd	zîːd	zîːd
brìti	bcs	brȉti	brîti	brîti
sьrna	bcs	sŕna	sřːna	sřːna
brusьnica	bcs	brùsnica	brǔsnitsa	brǔsnit͡sa
kl̨ùka	bcs	kljȕka	kʎûka	kʎûka
dъvogubъ	bcs	dvògub	dʋǒɡub	dʋǒɡub
sokъ	bcs	sȍk	sôk	sôk
děl̨a	bcs	dijel	dijel	dijel
klìknǫti	bcs	klȉknuti	klîknuti	klîknuti
virъ	bcs	vȋr	ʋîːr	ʋîːr
smьjàti	bcs	smìjati se	smǐjati	smǐjati
morvi	bcs	mrȃv	mrâːʋ	mrâːʋ
grьměti	bcs	gr̀mljeti	ɡřmʎeti	ɡř̩mʎeti
cè̌sta	bcs	cȅsta	tsêsta	t͡sêsta
dȃrъ	bcs	dȃr	dâːr	dâːr
mȍr̨e	bcs	mȍre	môre	môre
obrěsti	bcs	obresti	obresti	obresti
gròzdъ	bcs	grȏzd	ɡrôːzd	ɡrôːzd
sy̑nъ	bcs	sȋn	sîːn	sîːn
sě̑no	bcs	sȉjeno	sîjeno	sîjeno
medvě̀dь	bcs	mèdvjed	mědʋjed	mědʋjed
protivo	bcs	prȍtīv	prôtiːʋ	prôtiːʋ
gospodinъ	bcs	gospòdin	ɡospǒdin	ɡospǒdin
kȏstь	bcs	kȏst	kôːst	kôːst
ę̄trò	bcs	jȅtra	jêtra	jêtra
xorna	bcs	hrána	xrǎːna	xrǎːna
čuditi sę	bcs	čȕditi se	tʃûditi	tʃûditi se
lokati	bcs	lòkati	lǒkati	lǒkati
čь̀rnъ	bcs	cȓn	tsr̂ːn	t͡sr̂ːn
erębica	bcs	jerèbica	jerěbitsa	jerěbit͡sa
stogъ	bcs	stȏg	stôːɡ	stôːɡ
znamenьje	bcs	znȁmēnje	znâmeːɲe	znâmeːɲe
četvьrtъ	bcs	čètvȓtī	tʃětʋrːtiː	tʃětʋr̩ːtiː
čekati	bcs	čȅkati	tʃêkati	tʃêkati
vȏzъ	bcs	vȏz	ʋôːz	ʋôːz
žьzlъ	bcs	žèzlo	ʒězlo	ʒězlo
bȏrvъ	bcs	brȃv	brâːʋ	brâːʋ
grę̑zь	bcs	grȇz	ɡrêːz	ɡrêːz
jьmàti	bcs	ìmati	ǐmati	ǐmati
pa	bcs	po	po	po
grǫbъ	bcs	grȗb	ɡrûːb	ɡrûːb
dristati	bcs	drískati	drǐːskati	drǐːskati
bol̨e	bcs	bȍlje	bôʎe	bôʎe
brȏdъ	bcs	brȏd	brôːd	brôːd
sъn	bcs	s(a)	sa	sa
kotьcь	bcs	kòtac	kǒtats	kǒtat͡s
korỳto	bcs	kòrito	kǒrito	kǒrito
rìnǫti	bcs	rȉnuti	rînuti	rînuti
bě̑sъ	bcs	bȉjes	bîjes	bîjes
lišiti	bcs	líšit	lǐːʃit	lǐːʃit
mъrmiti	bcs	mrmljiti	mrmʎiti	mr̩mʎiti
emežь	bcs	jèmeš	jěmeʃ	jěmeʃ
pàǭkъ	bcs	pȁūk	pâuːk	pâuːk
lěviti	bcs	léviti	lěːʋiti	lěːʋiti
bràtъ	bcs	brȁt	brât	brât
glьjь	bcs	glȇj	ɡlêːj	ɡlêːi̯
nìščь	bcs	nȉšt	nîʃt	nîʃt
gńilъ	bcs	gnȉo	ɡnîo	ɡnîo
žę́dja	bcs	žȇđa	ʒêːdʑa	ʒêːdʑa
ęčьmy	bcs	jȅčmēn	jêtʃmeːn	jêtʃmeːn
gnusьnъ	bcs	gnȕsan	ɡnûsan	ɡnûsan
raditi	bcs	ráditi	rǎːditi	rǎːditi
govorìti	bcs	govòriti	ɡoʋǒriti	ɡoʋǒriti
greti	bcs	grèpsti	ɡrěpsti	ɡrěpsti
voldati	bcs	vládati	ʋlǎːdati	ʋlǎːdati
melzti	bcs	mȕsti	mûsti	mûsti
poltьnò	bcs	plátno	plǎːtno	plǎːtno
oldi	bcs	lȃđa	lâːdʑa	lâːdʑa
ǫtrь	bcs	unútar	unǔːtar	unǔːtar
lъža	bcs	làža	lǎʒa	lǎʒa
dīvìti	bcs	díviti se	dǐːʋiti	dǐːʋiti
mъždžiti	bcs	màžđiti	mǎʒdʑiti	mǎʑd͡ʑiti
ležàti	bcs	lèžati	lěʒati	lěʒati
kotìti sę	bcs	kòtiti (se)	kǒtiti	kǒtiti
mě̀sto	bcs	mjȅsto	mjêsto	mjêsto
lě̑sъ	bcs	lȉjes	lîjes	lîjes
malъkъ	bcs	mȁlak	mâlak	mâlak
ty	bcs	tȋ	tîː	tîː
klokotati	bcs	klokòtati	klokǒtati	klokǒtati
toliti	bcs	utòliti	utǒliti	utǒliti
gnȏjь	bcs	gnȏj	ɡnôːj	ɡnôːi̯
gorьkъ	bcs	górak	ɡǒːrak	ɡǒːrak
lȇdъ	bcs	lȇd	lêːd	lêːd
lunà	bcs	lúna	lǔːna	lǔːna
čьrvь	bcs	cȓv	tsr̂ːʋ	tsr̩̂ːʋ
bo	bcs	bo	bo	bo
nȏsъ	bcs	nȏs	nôːs	nôːs
ovъ	bcs	òvāj	ǒʋaːj	ǒʋaːi̯
dь̀lgъ	bcs	dȕg	dûɡ	
mъrmrati	bcs	mr̀mrati	mřmrati	mř̩mrati
lȏgъ	bcs	lȏg	lôːɡ	
mȃzь	bcs	mȃz	mâːz	
klějь	bcs	klȉja	klîja	
pìti	bcs	pȉti	pîti	
pь̀lzati	bcs	pȕzati	pûzati	
glàdъkъ	bcs	glȁdak	ɡlâdak	
vȏlkъ	bcs	vlȃk	ʋlâːk	
korenь	bcs	kȍrijen	kôrijen	
luska	bcs	ljȕska	ʎûska	
tretь	bcs	trȅćī	trêtɕiː	
četỳre	bcs	čètiri	tʃětiri	t͡ʃětiri
ězъ	bcs	jȃz	jâːz	
bèrmę	bcs	brȅme	brême	
tъ̀ščь	bcs	tȁšt	tâʃt	
zelьje	bcs	zȇlje	zêːʎe	
l̨udinъ	bcs	ljùdina	ʎǔdina	
gleznъ	bcs	glȅžanj	ɡlêʒaɲ	
tȏkъ	bcs	tȏk	tôːk	
lomìti	bcs	lòmiti	lǒmiti	
debelъ	bcs	dèbeo	děbeo	
òrkъ	bcs	rȁk	râk	
l̨udìna	bcs	ljùdina	ʎǔdina	
moždžanъ	bcs	mòždanī	mǒʒdaniː	
kъrzno	bcs	kŕzno	křːzno	kř̩ːzno
rǭkà	bcs	rúka	rǔːka	
elьcь	bcs	jálac	jǎːlats	jǎːlat͡s
ěxati	bcs	jȁhati	jâxati	
piskorь	bcs	pȉskor	pîskor	
kùpъ	bcs	kȕp	kûp	
sìto	bcs	sȉto	sîto	
govorъ	bcs	gȍvōr	ɡôʋoːr	
drozdъ	bcs	drȏzd	drôːzd	
vozìti	bcs	vòziti	ʋǒziti	
plàkati	bcs	plȁkati	plâkati	
česnъ	bcs	čèsan	tʃěsan	
orbòta	bcs	ràbota	rǎbota	
ȍpako	bcs	ȍpāk	ôpaːk	
tȗkъ	bcs	tȗk	tûːk	
gatati	bcs	gátati	ɡǎːtati	
ovьcà	bcs	óvca	ǒːʋtsa	
belnovati	bcs	blániti	blǎːniti	
ežь	bcs	jȇž	jêːʒ	
lošь	bcs	lȍš	lôʃ	
sijàti	bcs	sjȁti	sjâti	
ščítъ	bcs	štȋt	ʃtîːt	
lysъ	bcs	lȋs	lîːs	
rębica	bcs	rebica	rebitsa	rebit͡sa
bezъ	bcs	bez	bez	
dertì	bcs	drijèti	drijěti	
mǫ̀ka	bcs	mȕka	mûka	
mъxъ	bcs	mȃh	mâːx	
bỳti	bcs	bȉti	bîti	
gatь	bcs	gȃt	ɡâːt	
bytьje	bcs	bíće	bǐːtɕe	bǐːt͡ɕe
vьrěti	bcs	vrȅti	ʋrêti	
otьcь	bcs	òtac	ǒtats	
ȍlkъtъ	bcs	lȃkat	lâːkat	
bèrdjь	bcs	brȅđ	brêdʑ	brêd͡ʑ
mě̑sìti	bcs	mijèsiti	mijěsiti	
glę̀dati	bcs	glȅdati	ɡlêdati	
ludъ	bcs	lȗd	lûːd	
kosà	bcs	kòsa	kǒsa	
zìnǫti	bcs	zȉnuti	zînuti	
basnь	bcs	bȁsan	bâsan	
česàti	bcs	čèsati	tʃěsati	t͡ʃěsati
jьgrati	bcs	ìgrati	ǐɡrati	
strǫkъ	bcs	strȗk	strûːk	
glȗxъ	bcs	glȗh	ɡlûːx	
krǫ̑gъ	bcs	krȗg	krûːɡ	
zȏbъ	bcs	zȏb	zôːb	
vojь	bcs	vòjnīk	ʋǒjniːk	
pь̑rxъ	bcs	pȓh	pr̂ːx	pr̩̂ːx
sъmьrtь	bcs	smȑt	smr̂t	smr̩̂t
ovьnъ	bcs	òvan	ǒʋan	
gramada	bcs	gramáda	ɡramǎːda	
odolě̀ti	bcs	odòljeti	odǒʎeti	
muzgъ	bcs	mȕzga	mûzɡa	
bȏrnь	bcs	brȃn	brâːn	
dě̀va	bcs	djéva	djěːʋa	
žìto	bcs	žȉto	ʒîto	
gaditi	bcs	gȁditi	ɡâditi	
strigti	bcs	strȉći	strîtɕi	strît͡ɕi
trovati	bcs	tròvati	trǒʋati	
glògъ	bcs	glȍg	ɡlôɡ	
lěnìvъ	bcs	ljèniv	ʎěniʋ	
vь̑lkъ	bcs	vȗk	ʋûːk	
gnestì	bcs	gnjèsti	ɡɲěsti	
mьlčàti	bcs	múčati	mǔːtʃati	mǔːt͡ʃati
voinъ	bcs	vòjnīk	ʋǒjniːk	
plotъ	bcs	plȏt	plôːt	
mòrzъ	bcs	mrȁz	mrâz	
golěnь	bcs	gȍlijen	ɡôlijen	
bьlnъ	bcs	bȗn	bûːn	
snuti	bcs	snòvati	snǒʋati	
čędь	bcs	čed	t͡ʃed	
pelna	bcs	pelèna	pelěna	
bujьnъ	bcs	bȗjan	bûːjan	
erębъ	bcs	jȁrēb	jâreːb	
sьršenь	bcs	sȑšljēnj	sr̂ʃʎeːɲ	sr̩̂ʃʎeːɲ
brъkati	bcs	bŕcati	břːtsati	břːt͡sati
mȏltъ	bcs	mlȃt	mlâːt	
otrokъ	bcs	otrȍk	otrôk	
gvozdь	bcs	gvȍzd	ɡʋôzd	
ęga	bcs	jéza	jěːza	
gověti	bcs	gòvjeti	ɡǒʋjeti	
groziti	bcs	gròziti	ɡrǒziti	
pȅpelъ	bcs	pȅpeo	pêpeo	
lě̑xà	bcs	lijèha	lijěxa	
sỳtъ	bcs	sȉt	sît	
paziti	bcs	pȁziti	pâziti	
kǫ́tъ	bcs	kȗt	kûːt	
òrtajь	bcs	ràtaj	rǎtaj	rǎtai̯
zīmà	bcs	zíma	zǐːma	
kъrknǫti	bcs	kȑknuti	kr̂knuti	kr̩̂knuti
kъlpь	bcs	kȗp	kûːp	
cě̄nìti	bcs	cijeniti	t͡sijeniti	
dobrъ	bcs	dȍbar	dôbar	
mamiti	bcs	mámiti	mǎːmiti	
nìtь	bcs	nȉt	nît	
etì	bcs	jèbati	jěbati	
l̨uby	bcs	ljúbav	ʎǔːbaʋ	
lopàta	bcs	lòpata	lǒpata	
bъ̑rz	bcs	bȓz	br̂ːz	br̩̂ːz
mȇdъ	bcs	mȇd	mêːd	
vȃrъ	bcs	vȃr	ʋâːr	
lamъ	bcs	lȃm	lâːm	
kòža	bcs	kȍža	kôʒa	
govę̀do	bcs	gòvedo	ɡǒʋedo	
l̨ubъ	bcs	ljub	ʎub	
kỳla	bcs	kȉla	kîla	
sěkti	bcs	sjȅći	sjêtɕi	sjêt͡ɕi
stigti	bcs	stȉći	stîtɕi	stît͡ɕi
ętry	bcs	jȇtrva	jêːtrʋa	jêːtr̩ʋa
sèdmъ	bcs	sȇdmī	sêːdmiː	
mьrznǫti	bcs	mȑznuti	mr̂znuti	mr̩̂znuti
bȁsn̨a	bcs	bȁsan	bâsan	
medojědъ	bcs	mȅdojēd	mêdojeːd	
lьněnъ	bcs	lȁnen	lânen	
dvogubъ	bcs	dvògub	dʋǒɡub	
vȏrnъ	bcs	vrȃn	ʋrâːn	
mьn̨e	bcs	mȁnjē	mâɲeː	
blǫ̑dъ	bcs	blȗd	blûːd	
òdrъ	bcs	òdar	ǒdar	
kǫ̑sъ	bcs	kȗs	kûːs	
tȗrъ	bcs	tȗr	tûːr	
oràti	bcs	òrati	ǒrati	
na	bcs	na	na	
mьn̨ьjь	bcs	mȁnjī	mâɲiː	
krȍsno	bcs	krȍsno	krôsno	
zěvati	bcs	zijèvati	zijěʋati	
xvojь	bcs	hvòja	xʋǒja	
čerěnъ	bcs	čèrjen	tʃěrjen	t͡ʃěrjen
pьzděti	bcs	bàzdjeti	bǎzdjeti	
protivǫ	bcs	prȍtīv	prôtiːʋ	
my	bcs	mȋ	mîː	
mьrknǫti	bcs	mȑknuti	mr̂knuti	mr̩̂knuti
kъlka	bcs	kȕk	kûk	
či	bcs	či	t͡ʃi	
košarъ	bcs	kòšara	kǒʃara	
kolti	bcs	klȁti	klâti	
làziti	bcs	lȁziti	lâziti	
a	bcs	a	a	
mimo	bcs	mȉmo	mîmo	
prosterti	bcs	pròstrijeti	prǒstrijeti	
sestrà	bcs	sèstra	sěstra	
blizna	bcs	blȉzna	blîzna	
děl̨a	bcs	dijel	dijel	
gręsti	bcs	grèsti	ɡrěsti	
berstъ	bcs	brȉjest	brîjest	
mǫ̀čiti	bcs	mȕčiti	mûtʃiti	mût͡ʃiti
krotъkъ	bcs	krȍtak	krôtak	
kamy	bcs	kȁmēn	kâmeːn	
bedra	bcs	bèdro	bědro	
edlà	bcs	jéla	jěːla	
luskati	bcs	ljȕskati	ʎûskati	
blǭdìti	bcs	blúditi	blǔːditi	
kòlda	bcs	klȁda	klâda	
libivъ	bcs	lȉbav	lîbaʋ	
dъvojь	bcs	dvȍji	dʋôji	
čęda	bcs	čȅdo	tʃêdo	t͡ʃêdo
pȗstъ	bcs	pȗst	pûːst	
dǭgà	bcs	dúga	dǔːɡa	
krajь	bcs	krȃj	krâːj	krâːi̯
mъldni	bcs	múnja	mǔːɲa	
dȅsętь	bcs	dȅsēt	dêseːt	
tьma	bcs	táma	tǎːma	
čьrmьnъ	bcs	crman	t͡srman	t͡sr̩man
bl̨ustì	bcs	bljȕsti	bʎûsti	
kysělъ	bcs	kȉseo	kîseo	
orz	bcs	raz-	raz	
luščiti	bcs	ljúštiti	ʎǔːʃtiti	
žìla	bcs	žȉla	ʒîla	
brьvъnò	bcs	bŕvno	břːʋno	bř̩ːʋno
sěsti	bcs	sjȅsti	sjêsti	
lozà	bcs	lòza	lǒza	
materьstvo	bcs	materstvo	materstʋo	
orbiti	bcs	rábiti	rǎːbiti	
globati	bcs	glòbati	ɡlǒbati	
mǫ̑žь	bcs	mȗž	mûːʒ	
desętъ	bcs	dèsētī	děseːtiː	
arь̀mъ	bcs	járam	jǎːram	
belniti	bcs	blániti	blǎːniti	
zȍlto	bcs	zlȃto	zlâːto	
kolo	bcs	kȍlo	kôlo	
kъrma	bcs	kŕma	křːma	
lьgъkъ	bcs	lȁk	lâk	
krǫčina	bcs	kručina	krutʃina	
xabiti	bcs	habiti	xabiti	
òlni	bcs	làne	lǎne	
vy	bcs	vȋ	ʋîː	
xorbrъ	bcs	hrábar	xrǎːbar	
ūzdà	bcs	ùzda	ǔzda	
grě́xъ	bcs	grȉjeh	ɡrîjex	
mene	bcs	méne	měːne	
grějati	bcs	grȅjati	ɡrêjati	
korica	bcs	kȍrica	kôritsa	
mǫ́drъ	bcs	múdar	mǔːdar	
ostrъ	bcs	ȍštar	ôʃtar	
mokrъ	bcs	mȍkar	môkar	
bol̨ьjь	bcs	bȍljī	bôʎiː	
drevьnъ	bcs	drȇvan	drêːʋan	
bojaznь	bcs	bȍjāzan	bôjaːzan	
godьnъ	bcs	gȍdan	ɡôdan	
vьrsta	bcs	vŕsta	ʋřːsta	
pǫ́tь	bcs	pȗt	pûːt	
tr̨ьje	bcs	trȋ	trîː	
edьnъ	bcs	jèdan	jědan	
obuti	bcs	òbuti	ǒbuti	
pỳrьjь	bcs	pȉr	pîr	
oba	bcs	ȍba	ôba	
droždža	bcs	dròžda	drǒʒda	
luspa	bcs	ljȕspa	ʎûspa	
šȇstъ	bcs	šȅstī	ʃêstiː	
měšъkъ	bcs	mȉjeh	mîjex	
ežica	bcs	jèžica	jěʒitsa	
sъ̀nъ	bcs	sȁn	sân	
dьrzъkъ	bcs	dȑzak	dr̂zak	
sě̀verъ	bcs	sjȅvēr	sjêʋeːr	
avě	bcs	javi	jaʋi	
pròčь	bcs	prȍčī	prôtʃiː	
mъknǫti	bcs	màknuti	mǎknuti	
čerzъ	bcs	črȅz	tʃrêz	
krъvьnъ	bcs	kȓvnī	kr̂ːʋniː	
medju	bcs	mȅđu	mêdʑu	
dь̑nь	bcs	dȃn	dâːn	
sȗxъ	bcs	sȗh	sûːx	
dȃnь	bcs	dan	dan	
nekъto	bcs	nȅko	nêko	
náglъ	bcs	nȃgao	nâːɡao	
kokotъ	bcs	kȍkōt	kôkoːt	
pȍjāsъ	bcs	pȍjās	pôjaːs	
blekotъ	bcs	blȅkēt	blêkeːt	
pȇlnъ	bcs	plȉjen	plîjen	
trǫtъ	bcs	trȗt	trûːt	
pь̀lnъ	bcs	pȕn	pûn	
cě̄lìti	bcs	cijèliti	t͡sijěliti	
driskati	bcs	drískati	drǐːskati	
ǫ̀zlъ	bcs	ȕzao	ûzao	
mèrža	bcs	mrȅža	mrêʒa	
bridь	bcs	brȋd	brîːd	
sъmè̌ti	bcs	smjȅti	smjêti	
dȏmъ	bcs	dȏm	dôːm	
nejęsytь	bcs	nesit	nesit	
drobìti	bcs	dròbiti	drǒbiti	
kъrmъ	bcs	kŕma	křːma	
dǫ̑bъ	bcs	dȗb	dûːb	
belená	bcs	blȇn	blêːn	
svekrъ	bcs	svȅkar	sʋêkar	
syrovъ	bcs	sȉrov	sîroʋ	
jьlъ	bcs	il	il	
orě̀xъ	bcs	òrah	ǒrax	
mьrziti	bcs	mŕziti	mřːziti	
rǫ̑bъ	bcs	rūb	ruːb	
norvъ	bcs	nárav	nǎːraʋ	
dupl̨a	bcs	dúplja	dǔːpʎa	
mavati	bcs	mȁjati	mâjati	
dȇrvo	bcs	drȉjevo	drîjeʋo	
mȃmъ	bcs	mȃm	mâːm	
lobъzati	bcs	lobzbȁt	lobzbât	
ěrъka	bcs	jȁrka	jârka	
slàva	bcs	slȁva	slâʋa	
kl̨učiti	bcs	kljùčiti	kʎǔtʃiti	
vitь	bcs	pȁvit	pâʋit	
prodadja	bcs	prȍdaja	prôdaja	
i	bcs	i	i	
dvьrь	bcs	dvari	dʋari	
vȏlsъ	bcs	vlȃs	ʋlâːs	
gъlbь	bcs	gȗb	ɡûːb	
velìkъ	bcs	vȅlikī	ʋêlikiː	
matati	bcs	matati	matati	
xȏldъ	bcs	hlȃd	xlâːd	
pǫpъ	bcs	pȗp	pûːp	
bèrza	bcs	brȅza	brêza	
mьn̨eje	bcs	mȁnjē	mâɲeː	
bьrati	bcs	brȁti	brâti	
ȍlkъtь	bcs	lȃkat	lâːkat	
kūrìti	bcs	kúriti	kǔːriti	
čìstiti	bcs	čȉstiti	tʃîstiti	
l̨ubo	bcs	ljubo	ʎubo	
pěga	bcs	pjȅga	pjêɡa	
čermъxa	bcs	crȉjemuša	t͡srîjemuʃa	
jesìka	bcs	jèsika	jěsika	
ȍlovo	bcs	ȍlovo	ôloʋo	
akъ	bcs	jȃk	jâːk	
pьrga	bcs	pȑga	pr̂ɡa	
bridъ	bcs	brȋd	brîːd	
kòrva	bcs	krȁva	krâʋa	
židъkъ	bcs	žídak	ʒǐːdak	
rě̑čь	bcs	rȉječ	rîjet͡ʃ	
majati	bcs	mȁjati	mâjati	
tręsti	bcs	trésti	trěːsti	
pǫgъvica	bcs	pȕgva	pûɡʋa	
kogъdy	bcs	kàda	kǎda	
glabati	bcs	glȁbati	ɡlâbati	
veslò	bcs	vèslo	ʋěslo	
mę	bcs	me	me	
zьlčь	bcs	žȗč	ʒûːtʃ	
grudъ	bcs	grȕda	ɡrûda	
bojati sę	bcs	bòjati se	bǒjati	
žę̀tva	bcs	žȅtva	ʒêtʋa	
dvòrъ	bcs	dvȏr	dʋôːr	
bьbrъ	bcs	dȁbar	dâbar	
morъ	bcs	mȏr	môːr	
ȍpaky	bcs	ȍpāk	ôpaːk	
sъlàti	bcs	slȁti	slâti	
lisъ	bcs	lȋs	lîːs	
dòlnь	bcs	dlȁn	dlân	
vьśь	bcs	sȁv	sâʋ	
oje	bcs	óje	ǒːje	
měna	bcs	mijèna	mijěna	
mùxa	bcs	mùha	mǔxa	
blistati	bcs	blȉskati (se)	blîskati	
dъnò	bcs	dnȍ	dnô	
bòlto	bcs	blȁto	blâto	
mèčь	bcs	mȁč	mâtʃ	
gъrkati	bcs	grkati	ɡrkati	
blě̑dъ	bcs	blȉjed	blîjed	
stojati	bcs	stàjati	stǎjati	
čel̨adь	bcs	čȅljād	tʃêʎaːd	
drebà	bcs	dróba	drǒːba	
pȍrsę	bcs	prȃse	prâːse	
gumьnò	bcs	gúmno	ɡǔːmno	
zelènъ	bcs	zèlen	zělen	
dupę	bcs	dȕpe	dûpe	
gńìda	bcs	gnjȉda	ɡɲîda	
teplъ	bcs	tȍpao	tôpao	
kǫda	bcs	kùdā	kǔdaː	
žegti	bcs	žèći	ʒětɕi	
kobьcь	bcs	kòbac	kǒbats	
žezlò	bcs	žèzlo	ʒězlo	
xvórstъ	bcs	hrȃst	xrâːst	
dě̀dъ	bcs	djȅd	djêd	
pàdati	bcs	pȁdati	pâdati	
gъrno	bcs	grno	ɡrno	
ežika	bcs	jèžica	jěʒitsa	
glìna	bcs	gnjȉla	ɡɲîla	
dьl̨a	bcs	dijel	dijel	
bez	bcs	bez	bez	
vь̀rxъ	bcs	vȓh	ʋr̂ːx	
vъnùkъ	bcs	ùnuk	ǔnuk	
bogàtъ	bcs	bògat	bǒɡat	
otvorìti	bcs	otvòriti	otʋǒriti	
migati	bcs	mȉgati	mîɡati	
vъ̑šь	bcs	vȃš	ʋâːʃ	
bričь	bcs	brȋč	brîːtʃ	
klìkati	bcs	klȉcati	klîtsati	
sermъša	bcs	srȉjemuša	srîjemuʃa	
cě̄và	bcs	cȋva	tsîːʋa	
xlǫdъ	bcs	hlúd	xlǔːd	
grъmъ	bcs	gȓm	ɡr̂ːm	
kъlъ	bcs	kȃl	kâːl	
tęgъ	bcs	tȇg	têːɡ	
bỳstrъ	bcs	bȉstar	bîstar	
pàra	bcs	pȁra	pâra	
rě̄kà	bcs	rijèka	rijěka	
kysьlъ	bcs	kȉsao	kîsao	
žьlna	bcs	žúna	ʒǔːna	
gòrxъ	bcs	grȁh	ɡrâx	
làskati	bcs	lȁskati	lâskati	
krinica	bcs	krȋnica	krîːnitsa	
dāvìti	bcs	dáviti	dǎːʋiti	
minǫti	bcs	mínuti	mǐːnuti	
tvȃrь	bcs	tvȃr	tʋâːr	
čȋnъ	bcs	čȋn	tʃîːn	
nāròdъ	bcs	národ	nǎːrod	
vòlga	bcs	vlȁga	ʋlâɡa	
bě̄dà	bcs	bijèda	bijěda	
čàsъ	bcs	čȁs	tʃâs	
dira	bcs	dìra	dǐra	
blizno	bcs	blȉzna	blîzna	
grebenь	bcs	grȅben	ɡrêben	
mь̀čь	bcs	mȁč	mâtʃ	
làjati	bcs	lȁjati	lâjati	
pȍpelъ	bcs	pȅpeo	pêpeo	
kȃlъ	bcs	kȃl	kâːl	
vъnъ	bcs	vȁn	ʋân	
kričati	bcs	kríčati	krǐːt͡ʃati	
klětь	bcs	klȉjet	klîjet	
drobìna	bcs	dróba	drǒːba	
gribati	bcs	gribati	ɡribati	
koterъ	bcs	koteri	koteri	
mǭtìti	bcs	mútiti	mǔːtiti	
bьlnovati	bcs	búniti se	bǔːniti	
verslò	bcs	vrijèslo	ʋrijěslo	
olbǭdь	bcs	lȁbūd	lâbuːd	
brьnьje	bcs	brnje	brɲe	
sъrěsti	bcs	srȅsti	srêsti	
pь̑nь	bcs	pȃnj	pâːɲ	
lěpiti	bcs	lijèpiti	lijěpiti	
bě̄dìti	bcs	bijèditi	bijěditi	
těnь	bcs	tẹ́nja	t͡ʃeɲa	
mьgnǫti	bcs	màgnuti	mǎɡnuti	
grę̑znǫti	bcs	grȅznuti	ɡrêznuti	
vȇrsъ	bcs	vrȉjes	ʋrîjes	
ěra	bcs	jȁra	jâra	
moždženo	bcs	moždena	moʒdena	
koltiti	bcs	klátiti	klǎːtiti	
bȏlgo	bcs	blȃgo	blâːɡo	
brę̀knǫti	bcs	bréknuti	brěːknuti	
ženà	bcs	žèna	ʒěna	
slǫ̀ka	bcs	šljȕka	ʃʎûka	
čermъšь	bcs	crȉjemuša	t͡srîjemuʃa	
drǫ́kъ	bcs	druk	druk	
mȋgъ	bcs	mȋg	mîːɡ	
liběvъ	bcs	lȉbav	lîbaʋ	
līzàti	bcs	lízati	lǐːzati	
slỳšati	bcs	slȉšati	slîʃati	
gǫžьva	bcs	gȗžva	ɡûːʒʋa	
prosìti	bcs	pròsiti	prǒsiti	
mьrkъ	bcs	mrk	mrk	
vъn	bcs	u	u	
pèlva	bcs	pljȅva	pʎêʋa	
pletjè	bcs	plèće	plětɕe	
korà	bcs	kȍra	kôra	
cě̑lъ	bcs	cȉjel	tsîjel	
čerpati	bcs	crèpati	t͡srěpati	
olbodà	bcs	lobòda	lobǒda	
gràbiti	bcs	grȁbiti	ɡrâbiti	
mě̀sęcь	bcs	mjȅsēc	mjêseːts	
vȋdъ	bcs	vȋd	ʋîːd	
pustìti	bcs	pùstiti	pǔstiti	
lȏvъ	bcs	lȏv	lôːʋ	
vertenò	bcs	vretèno	ʋretěno	
dāvàti	bcs	dávati	dǎːʋati	
dętelъ	bcs	djètao	djětao	
rokъ	bcs	rȏk	rôːk	
erębь	bcs	jȁrēb	jâreːb	
osà	bcs	òsa	ǒsa	
klěšča	bcs	klijèšta	klijěʃta	
grǫdъ	bcs	grȕda	ɡrûda	
košara	bcs	kòšara	kǒʃara	
kydnǫti	bcs	kȉnuti se	kînuti	
kukonosъ	bcs	kukònos	kukǒnos	
kokošь	bcs	kȍkōš	kôkoːʃ	
òlkomъ	bcs	lȁkom	lâkom	
pòlxъ	bcs	plȁh	plâx	
àblъkъ	bcs	jȁbuka	jâbuka	
nogà	bcs	nòga	nǒɡa	
drьkolь	bcs	drkol	drkol	
gubìti	bcs	gùbiti	ɡǔbiti	
gně̀vъ	bcs	gnjȅv	ɡɲêʋ	
sušìti	bcs	súšiti	sǔːʃiti	
pętà	bcs	péta	pěːta	
kobь	bcs	kȏb	kôːb	
pȏlzъ	bcs	plȃz	plâːz	
zmь̀jь	bcs	zmȃj	zmâːj	
stàdo	bcs	stȁdo	stâdo	
grobъ	bcs	grȍb	ɡrôb	
pь̀rsь	bcs	pȑsi	pr̂si	
kvě̑tъ	bcs	cvȉjet	tsʋîjet	
ȁsenъ	bcs	jȁsēn	jâseːn	
tỳsǫti	bcs	tȉsuća	tîsutɕa	
lěnь	bcs	lȉjen	lîjen	
pavorzъ	bcs	pȍvrāz	pôʋraːz	
sǫditi	bcs	súditi	sǔːditi	
pỳrъ	bcs	pȉr	pîr	
l̨ȗdьje	bcs	ljȗdi	ʎûːdi	
lǫ̑gъ	bcs	lȗg	lûːɡ	
niknǫti	bcs	nȉknuti	nîknuti	
čarodějь	bcs	čaròdjej	t͡ʃarǒdjej	
divьnъ	bcs	dȋvan	dîːʋan	
čàjati	bcs	čȁjati	tʃâjati	
žezlъ	bcs	žèzlo	ʒězlo	
tъrgati	bcs	tȑgati	tr̂ɡati	
soltina	bcs	slȁtina	slâtina	
però	bcs	pèro	pěro	
xlě̀bъ	bcs	hlȅb	xlêb	
krūpà	bcs	krúpa	krǔːpa	
vь̀lna	bcs	vȕna	ʋûna	
ě̀snъ	bcs	jȁsan	jâsan	
dvojь	bcs	dvȍji	dʋôji	
žàba	bcs	žȁba	ʒâba	
motriti	bcs	mòtriti	mǒtriti	
slìva	bcs	šljȉva	ʃʎîʋa	
zę̀tь	bcs	zȅt	zêt	
tьlò	bcs	tlȍ	tlô	
cě̄dìti	bcs	cijèditi	t͡sijěditi	
zaverti	bcs	zàvrijeti	zǎʋrijeti	
obolkъ	bcs	ȍblāk	ôblaːk	
pěgavъ	bcs	pjȅgav	pjêɡaʋ	
kuča	bcs	kúča	kǔːtʃa	
sadìti	bcs	sáditi	sǎːditi	
suti	bcs	sàsūti	sǎsuːti	
nozdra	bcs	nȍzdra	nôzdra	
dǫ̀ti	bcs	dȕti	dûti	
pràvъ	bcs	prȁv	prâʋ	
gȏlsъ	bcs	glȃs	ɡlâːs	
rębika	bcs	rebika	rebika	
gȏrdъ	bcs	grȃd	ɡrâːd	
gomula	bcs	gòmolja	ɡǒmoʎa	
bry	bcs	bȓv	br̂ːʋ	
glъtati	bcs	gùtati	ɡǔtati	
ob	bcs	o(b)	ob	
gȏjь	bcs	gȏj	ɡôːj	
sỳrъ	bcs	sȉr	sîr	
obětjati	bcs	obèćati	obět͡ɕati	
varìti	bcs	váriti	ʋǎːriti	
golgolati	bcs	glagòlati	ɡlaɡǒlati	
bě́lъ	bcs	bȉjel	bîjel	
sě̀jati	bcs	sȉjati	sîjati	
bolnъ	bcs	blȇn	blêːn	
dъkti	bcs	kćȋ	ktɕîː	
pьsàti	bcs	písati	pǐːsati	
stryjь	bcs	strȋc	strîːts	
blęsti	bcs	blesti	blesti	
vòn̨ь	bcs	vȍnj	ʋôɲ	
pazduxa	bcs	pȁzuho	pâzuxo	
sęgnǫti	bcs	ségnuti	sěːɡnuti	
plěsnь	bcs	plȉjesan	plîjesan	
dělati	bcs	djȅlati	djêlati	
rekti	bcs	rèći	rětɕi	
lixo	bcs	lȋho	lîːxo	
krǫglъ	bcs	krȗgao	krûːɡao	
rovъ	bcs	rȏv	rôːʋ	
sočìti	bcs	sòčiti	sǒtʃiti	
moldenьcь	bcs	mlȁdjenac	mlâdjenats	
okъnò	bcs	òkno	ǒkno	
kȏsъ	bcs	kȏs	kôːs	
zьdati	bcs	zídati	zǐːdati	
želàti	bcs	žèljeti	ʒěʎeti	
lȏjь	bcs	lȏj	lôːj	
grъměždžь	bcs	kr̀mēlj	křmeːʎ	
proti	bcs	prȍtīv	prôtiːʋ	
męzdro	bcs	mézdra	měːzdra	
strьžь	bcs	stȑž	str̂ʒ	
krȋkъ	bcs	krȋk	krîːk	
dȗxъ	bcs	dȗh	dûːx	
àstrě̄bъ	bcs	jȁstrijeb	jâstrijeb	
mъxa	bcs	máha	mǎːxa	
glìva	bcs	gljȉva	ɡʎîʋa	
bolěti	bcs	bòljeti	bǒʎeti	
velě̀ti	bcs	vèlīm	ʋěliːm	
dě̀verь	bcs	djȅvēr	djêʋeːr	
sòmъ	bcs	sȍm	sôm	
ě̑dь	bcs	jȃd	jâːd	
klasti	bcs	klȁsti	klâsti	
dьrpati	bcs	dŕpati	dřːpati	
orь̀lъ	bcs	òrao	ǒrao	
edinakъ	bcs	 jedìnāk	jedǐnaːk	
prijati	bcs	prìjati	prǐjati	
bodъlь	bcs	bȏdalj	bôːdaʎ	
gъnàti	bcs	gnȁti	ɡnâti	
puxati	bcs	púhati	pǔːxati	
kolto	bcs	kláto	klǎːto	
prídъ	bcs	prȋd	prîːd	
myšьca	bcs	mȉšca	mîʃtsa	
męknǫti	bcs	mȅknuti	mêknuti	
trъ̑stь	bcs	tȓst	tr̂ːst	
divь	bcs	dìvljī	dǐʋʎiː	
těsnъ	bcs	tijèsan	tijěsan	
čьrtà	bcs	cȑta	tsr̂ta	
blьščati	bcs	blijèštati (se)	blijěʃtati	
edьnakъ	bcs	 jedìnāk	jedǐnaːk	
ękati	bcs	jékati	jěːkati	
koprъ	bcs	kȍpar	kôpar	
tèrti	bcs	tȑti	tr̂ti	
elbedà	bcs	lobòda	lobǒda	
bȏlgъ	bcs	blȃg	blâːɡ	
čuditi	bcs	čȕditi se	tʃûditi	
pь̀rstъ	bcs	pȑst	pr̂st	
dȅsnъ	bcs	dèsnī	děsniː	
sъsàti	bcs	sȁti	sâti	
svòrka	bcs	svrȁka	sʋrâka	
ȇdlь	bcs	jéla	jěːla	
eževica	bcs	jéževica	jěːʒeʋitsa	
grozdьje	bcs	grȏzđe	ɡrôːzdʑe	
jьgъlà	bcs	ìgla	ǐɡla	
dȅvętь	bcs	dȅvēt	dêʋeːt	
lovìti	bcs	lòviti	lǒʋiti	
trāvà	bcs	tráva	trǎːʋa	
kašl̨ati	bcs	kàšljati	kǎʃʎati	
ěsti	bcs	jȅsti	jêsti	
čȇrvo	bcs	crijèvo	t͡srijěʋo	
elbedь	bcs	lȁbūd	lâbuːd	
ȁsenь	bcs	jȁsēn	jâseːn	
olьxa	bcs	jelha	jelxa	
rъvàti	bcs	r̀vati se	řʋati	
ni	bcs	ni	ni	
l̨utъ	bcs	ljȗt	ʎûːt	
ǫty	bcs	ȕtva	ûtʋa	
čérdъ	bcs	čréda	tʃrěːda	
kopa	bcs	kȍpa	kôpa	
lěnъ	bcs	lȉjen	lîjen	
glezna	bcs	glȅžanj	ɡlêʒaɲ	
jьnogъ	bcs	ineg	ineɡ	
studènъ	bcs	stùden	stǔden	
ajьce	bcs	jájce	jǎːjtse	
jьkrà	bcs	ȉkra	îkra	
dūxàti	bcs	dúhati	dǔːxati	
mìlъ	bcs	mȉo	mîo	
libovъ	bcs	lȉbav	lîbaʋ	
rǫbìti	bcs	rúbiti	rǔːbiti	
volděti	bcs	vládati	ʋlǎːdati	
elbǭtь	bcs	lȁbūd	lâbuːd	
nevodъ	bcs	nevod	neʋod	
čelò	bcs	čèlo	tʃělo	
merti	bcs	mrijèti	mrijěti	
sèdmь	bcs	sȅdam	sêdam	
čьrstvъ	bcs	čvȓst	t͡ʃʋr̂ːst	
màti	bcs	mȁti	mâti	
lě̑pъ	bcs	lȉjep	lîjep	
vodà	bcs	vòda	ʋǒda	
kaliti	bcs	káliti	kǎːliti	
žьrny	bcs	žrvȃnj	ʒrʋâːɲ	
pę̑dь	bcs	pȇd	pêːd	
godina	bcs	gȍdina	ɡôdina	
pozdьnъ	bcs	pȍzan	pôzan	
lemešь	bcs	lèmeš	lěmeʃ	
dьržati	bcs	dr̀žati	dřʒati	
mъnogъ	bcs	mnȍgī	mnôɡiː	
ako	bcs	ako	ako	
strъjь	bcs	strȋc	strîːts	
vòrna	bcs	vrȁna	ʋrâna	
šibati	bcs	šȉbati	ʃîbati	
grȏmъ	bcs	grȏm	ɡrôːm	
àstrę̄bъ	bcs	jȁstrijeb	jâstrijeb	
gluma	bcs	glúma	ɡlǔːma	
trǫdъ	bcs	trȗd	trûːd	
gvozdъ	bcs	gvȍzd	ɡʋôzd	
krasti	bcs	krȁsti	krâsti	
aviti	bcs	jáviti	jǎːʋiti	
pěsъ̀kъ	bcs	pijèsak	pijěsak	
stàviti	bcs	stȁviti	stâʋiti	
gràdъ	bcs	grȁd	ɡrâd	
paxati	bcs	pȁhati	pâxati	
grozà	bcs	gròza	ɡrǒza	
gъ̀rdlo	bcs	gȑlo	ɡr̂lo	
sìla	bcs	sȉla	sîla	
teslò	bcs	tȅsla	têsla	
gъ̑rdъ	bcs	gȓd	ɡr̂ːd	
seló	bcs	sèlo	sělo	
kòrsta	bcs	krȁsta	krâsta	
bobrъ	bcs	dȁbar	dâbar	
dȏrgъ	bcs	drȃg	drâːɡ	
elenь	bcs	jèlen	jělen	
vasъ	bcs	vȃs	ʋâːs	
belnъ	bcs	blȇn	blêːn	
nestì	bcs	nèsti	něsti	
svekry	bcs	svȅkrva	sʋêkrʋa	
devętъ	bcs	dèvētī	děʋeːtiː	
krǫtiti	bcs	krútiti	krǔːtiti	
motati	bcs	mòtati	mǒtati	
bylьje	bcs	bȋlje	bîːʎe	
gāsìti	bcs	gásiti	ɡǎːsiti	
zь̀rno	bcs	zȑno	zr̂no	
čermъša	bcs	crȉjemuša	t͡srîjemuʃa	
solnà	bcs	slána	slǎːna	
grěti	bcs	grȅjati	ɡrêjati	
kǫsati	bcs	kúsati	kǔːsati	
kropiti	bcs	kròpiti	krǒpiti	
ęčati	bcs	jéčati	jěːtʃati	
gorěti	bcs	gòrjeti	ɡǒrjeti	
deltò	bcs	dlijèto	dlijěto	
krakati	bcs	krákati	krǎːkati	
ȅzero	bcs	jȅzero	jêzero	
ěro	bcs	jȁra	jâra	
vьčera	bcs	jùčē	jǔtʃeː	
ložìti	bcs	lòžiti	lǒʒiti	
vesnà	bcs	vèsna	ʋěsna	
tьla	bcs	tlȍ	tlô	
oborъ	bcs	òbor	ǒbor	
àma	bcs	jȁma	jâma	
sȏlpъ	bcs	slȃp	slâːp	
lìti	bcs	lȉti	lîti	
dьbrь	bcs	debri	debri	
golǫbъ	bcs	golùbijī	ɡolǔbijiː	
vьrstva	bcs	vŕsta	ʋřːsta	
čadъ	bcs	čȁd	tʃâd	
solovikъ	bcs	slàvūj	slǎʋuːj	
gȍlǫbь	bcs	gȍlūb	ɡôluːb	
blizъkъ	bcs	blȋz	blîːz	
ǫgorь	bcs	ȕgor	ûɡor	
mỳšь	bcs	mȉš	mîʃ	
koltъ	bcs	kláto	klǎːto	
ěrь	bcs	jar	jar	
mogti	bcs	mòći	mǒtɕi	
rědъkъ	bcs	rȉjedkī	rîjedkiː	
dupa	bcs	dȕpe	dûpe	
olni	bcs	lȃni	lâːni	
směxъ	bcs	smȉjeh	smîjex	
rȗdъ	bcs	rȗd	rûːd	
do	bcs	dȍ	dô	
pьkъlъ	bcs	pàkao	pǎkao	
dȋvo	bcs	dȋvo	dîːʋo	
xromъ	bcs	hrȍm	xrôm	
čemerъ	bcs	čȅmēr	tʃêmeːr	
bolniti	bcs	blániti	blǎːniti	
davьnъ	bcs	dávan	dǎːʋan	
družìna	bcs	drùžina	drǔʒina	
nǫkati	bcs	nȕkati	nûkati	
lǭčìti	bcs	lúčiti	lǔːtʃiti	
mě̀riti	bcs	mjȅriti	mjêriti	
poìti	bcs	pòjiti	pǒjiti	
grǫ̑dь	bcs	grȗd	ɡrûːd	
òrmę	bcs	rȁme	râme	
vьrtě̀ti	bcs	vŕtjeti	ʋřːtjeti	
òrdlo	bcs	rȁlo	râlo	
kojariti	bcs	kojáriti	kojǎːriti	
lędvьje	bcs	ledvija	ledʋija	
gàdъ	bcs	gȁd	ɡâd	
šurь	bcs	šȗra	ʃûːra	
olьša	bcs	jȅlša	jêlʃa	
dȍma	bcs	dȍma	dôma	
mьzdà	bcs	màzda	mǎzda	
pȏtъ	bcs	pȏt	pôːt	
bràtьja	bcs	brȁća	brât͡ɕa	
slàbъ	bcs	slȁb	slâb	
kasati	bcs	kȁsati	kâsati	
melti	bcs	mljȅti	mʎêti	
kъxati	bcs	kȁhati	kâxati	
ȇ̌dъ	bcs	ȉjed	îjed	
surovъ	bcs	sȉrov	sîroʋ	
àgnę	bcs	jȁgne	jâɡne	
drьkolьje	bcs	drkol	drkol	
lě̀to	bcs	ljȅto	ʎêto	
drāžìti	bcs	drážiti	drǎːʒiti	
dal̨a	bcs	dȃlj	dâːʎ	
bol̨eje	bcs	bȍlje	bôʎe	
znàti	bcs	znȁti	znâti	
sъxnǫti	bcs	sàhnuti	sǎxnuti	
kvisti	bcs	cvàsti	tsʋǎsti	
tatь	bcs	tȃt	tâːt	
dъva	bcs	dvȃ	dʋâː	
dьlti	bcs	dúpsti	dǔːpsti	
velkti	bcs	vúći	ʋǔːtɕi	
xȏdъ	bcs	hȏd	xôːd	
kurъ	bcs	kȕr	kûr	
česno	bcs	čèsan	tʃěsan	
sanь	bcs	sȁoni	sâoni	
měniti	bcs	mijèniti	mijěniti	
pǫ̀čiti	bcs	pȕći	pûtɕi	
tỳti	bcs	tȉti	tîti	
l̨utiti	bcs	ljútiti	ʎǔːtiti	
plesti	bcs	plèsti	plěsti	
gъrba	bcs	gȓb	ɡr̂ːb	
kъsьnъ	bcs	kȁsan	kâsan	
brъsati	bcs	bŕcati	břːtsati	
prę̀dati	bcs	prȅdati	prêdati	
zьdь	bcs	zȋd	zîːd	
gỳnǫti	bcs	gȉnuti	ɡînuti	
xȗdъ	bcs	hȗd	xûːd	
svě̑tъ	bcs	svȉjet	sʋîjet	
osnòvā	bcs	òsnova	ǒsnoʋa	
zeml̨à	bcs	zèmlja	zěmʎa	
gatъ	bcs	gȃt	ɡâːt	
tàjati	bcs	tȁjati	tâjati	
drǫ́gъ	bcs	drȗg	drûːɡ	
kujati	bcs	kȕjati	kûjati	
moldьnъ	bcs	mlȁdan	mlâdan	
kǫpina	bcs	kopína	kopǐːna	
šьvьcь	bcs	šávac	ʃǎːʋats	
čь̑stь	bcs	čȃst	tʃâːst	
xvorstьje	bcs	hrȃšće	xrâːʃtɕe	
ezъ	bcs	jȃz	jâːz	
dojidlica	bcs	dòjilica	dǒjilitsa	
sòrka	bcs	svrȁka	sʋrâka	
mě̀lъkъ	bcs	mȅok	mêok	
pȍl̨e	bcs	pȍlje	pôʎe	
kaznь	bcs	kȃzn	kâːzn	
vortìti	bcs	vrátiti	ʋrǎːtiti	
eto	bcs	ȅto	êto	
tęžъkъ	bcs	téžak	těːʒak	
děti	bcs	djȅti	djêti	
kotorъ	bcs	koteri	koteri	
prijatelь	bcs	prȉjatelj	prîjateʎ	
kutiti	bcs	kútiti	kǔːtiti	
olbǭtь	bcs	lȁbūd	lâbuːd	
gybati	bcs	gíbati	ɡǐːbati	
osa	bcs	jèsika	jěsika	
doba	bcs	dȍba	dôba	
krěpъkъ	bcs	krȅpak	krêpak	
legti	bcs	lèći	lětɕi	
nǫ̀dja	bcs	nȕžda	nûʒda	
lękati	bcs	lécati se	lěːtsati	
jьměti	bcs	imjeti	imjeti	
kysati	bcs	kisati	kisati	
kolta	bcs	kláto	klǎːto	
mȃzъ	bcs	mȃz	mâːz	
pȏrxъ	bcs	prȃh	prâːx	
vixъrъ	bcs	vȉhār	ʋîxaːr	
vьdovà	bcs	udòvica	udǒʋitsa	
mělъ	bcs	mẽlj	mêʎ	
spě̀ti	bcs	dòspjeti	dǒspjeti	
xlębь	bcs	hl(j)eb	xʎeb	
krupьnъ	bcs	krúpan	krǔːpan	
ebàti	bcs	jèbati	jěbati	
vòl̨a	bcs	vȍlja	ʋôʎa	
nuditi	bcs	nȕditi	nûditi	
nǫditi	bcs	nȕditi	nûditi	
àblъka	bcs	jȁbuka	jâbuka	
kara	bcs	kára	kǎːra	
bъ̀drъ	bcs	bȁdar	bâdar	
solvьjь	bcs	slàvūj	slǎʋuːj	
lixъ	bcs	lȉh	lîx	
lazъ	bcs	lȁz	lâz	
slùšati	bcs	slȕšati	slûʃati	
tь̏nьkъ	bcs	tȁnak	tânak	
palica	bcs	pȁlica	pâlitsa	
vergti	bcs	vȑći	ʋr̂tɕi	
kremy	bcs	krȅmēn	krêmeːn	
pǫ̀to	bcs	pȕto	pûto	
lěgati	bcs	lijègati	lijěɡati	
blъxà	bcs	bùha	bǔxa	
lǭkà	bcs	lúka	lǔːka	
ęti	bcs	jéti	jěːti	
pǫkti	bcs	pȕći	pûtɕi	
pěti	bcs	pòjati	pǒjati	
nestera	bcs	nèstera	něstera	
pitati	bcs	pȉtati	pîtati	
bliscati	bcs	blȉskati (se)	blîskati	
kruxъ	bcs	krȕh	krûx	
bràtrъ	bcs	brȁt	brât	
pь̑lstь	bcs	pȕst	pûst	
pǫgy	bcs	pȕgva	pûɡʋa	
telktì	bcs	túći	tǔːtɕi	
nȏktь	bcs	nȏć	nôːtɕ	
gomol̨a	bcs	gòmolja	ɡǒmoʎa	
sìvъ	bcs	sȉv	sîʋ	
grìva	bcs	grȉva	ɡrîʋa	
bȏsъ	bcs	bȏs	bôːs	
kukati	bcs	kȕkati	kûkati	
zьrěti	bcs	zrȅti	zrêti	
rāčìti	bcs	ráčiti se	rǎːtʃiti	
piskarь	bcs	pȉskor	pîskor	
bìčь	bcs	bȉč	bîtʃ	
šȇstь	bcs	šȇst	ʃêːst	
krasьnъ	bcs	krȃsan	krâːsan	
mьněti	bcs	mnjeti	mɲeti	
golgolъ	bcs	glágolj	ɡlǎːɡoʎ	
stьdzà	bcs	stàza	stǎza	
zęti	bcs	zépsti	zěːpsti	
glota	bcs	glȍta	ɡlôta	
tvorìti	bcs	tvòriti	tʋǒriti	
čьrpati	bcs	cr̀pati	tsřpati	
mь̀rkъ	bcs	mr̀kī	mřkiː	
dьrznǫti	bcs	dȑznuti	dr̂znuti	
māxàti	bcs	máhati	mǎːxati	
volstь	bcs	vlȃst	ʋlâːst	
pālìti	bcs	páliti	pǎːliti	
dъždžь	bcs	dȃžd	dâːʒd	
želě̀zo	bcs	žèljezo	ʒěʎezo	
mękъkъ	bcs	mȅk	mêk	
palьcь	bcs	pȁlac	pâlats	
ę̄drò	bcs	jédro	jěːdro	
neže	bcs	neže	neʒe	
slȍvo	bcs	slȍvo	slôʋo	
pъtìca	bcs	ptȉca	ptîtsa	
arьmò	bcs	járam	jǎːram	
pǫpъkъ	bcs	pȗp	pûːp	
kòšь	bcs	kȍš	kôʃ	
brodìti	bcs	bròditi	brǒditi	
lȗbъ	bcs	lȗb	lûːb	
tъ̀ščьjь	bcs	tȁšt	tâʃt	
tỳsęti	bcs	tȉsuća	tîsutɕa	
kyjь	bcs	kij	kij	
kvȃsъ	bcs	kvȃs	kʋâːs	
lǫ̑kъ	bcs	lȗk	lûːk	
pekti	bcs	pèći	pětɕi	
drobьnъ	bcs	drȍban	drôban	
mě̀lъ	bcs	mȅok	mêok	
bl̨ьvàti	bcs	bljùvati	bʎǔʋati	
kydati	bcs	kȉdati	kîdati	
vȏrgъ	bcs	vrȃg	ʋrâːɡ	
mošьna	bcs	mȍšnja	môʃɲa	
strycь	bcs	strȋc	strîːts	
čędo	bcs	čȅdo	tʃêdo	
bȏrъ	bcs	bȏr	bôːr	
rỳdlo	bcs	rȉlo	rîlo	
gobino	bcs	gobino	ɡobino	
grajati	bcs	grȁjati	ɡrâjati	
kórtъ	bcs	krȃt	krâːt	
dě̀lo	bcs	djȅlo	djêlo	
matorъ	bcs	mȁtor	mâtor	
ě̀to	bcs	jȁto	jâto	
ostrovъ	bcs	ȍstrov	ôstroʋ	
strьža	bcs	stȑž	str̂ʒ	
būčàti	bcs	búčat	bǔːtʃat	
konьcь	bcs	kònac	kǒnats	
bьlniti	bcs	búniti se	bǔːniti	
čàdjь	bcs	čȃđ	tʃâːd͡ʑʑ	
polsà	bcs	plȁsa	plâsa	
moždženь	bcs	moždena	moʒdena	
bostì	bcs	bòsti	bǒsti	
ledva	bcs	jèdva	jědʋa	
bȁba	bcs	bȁba	bâba	
čemerika	bcs	čemèrika	t͡ʃeměrika	
karati	bcs	kárati	kǎːrati	
erębъkъ	bcs	jȁrēb	jâreːb	
koliko	bcs	kȍliko 	kôliko	
grę̄dà	bcs	gréda	ɡrěːda	
studъ	bcs	stȗd	stûːd	
gǫ̀ba	bcs	gȕba	ɡûba	
zъlъ	bcs	zȁo	zâo	
lьjati	bcs	lijati	lijati	
ȅzerъ	bcs	jȅzero	jêzero	
soxà	bcs	sòha	sǒxa	
xomǫtъ	bcs	hȍmūt	xômuːt	
sę̀gati	bcs	sȅzati	sêzati	
mę̑so	bcs	mȇso	mêːso	
lučiti	bcs	lúčiti	lǔːtʃiti	
drȗgъ	bcs	drȗg	drûːɡ	
manǫti	bcs	manúti	manǔːti	
solnъ	bcs	slȃnī	slâːniː	
kašьl̨ati	bcs	kàšljati	kǎʃʎati	
dūšà	bcs	dúša	dǔːʃa	
nòžь	bcs	nȏž	nôːʒ	
stydъ	bcs	stȋd	stîːd	
gvě̄zdà	bcs	zvijèzda	zʋijězda	
čęstъ	bcs	čȇst	tʃêːst	
ěrę	bcs	jȁre	jâre	
gně̄zdò	bcs	gnijèzdo	ɡnijězdo	
nosìti	bcs	nòsiti	nǒsiti	
desiti	bcs	dèsiti	děsiti	
grǫziti	bcs	grȕziti	ɡrûziti	
lože	bcs	lȍže	lôʒe	
svinьjà	bcs	svínja	sʋǐːɲa	
jьmela	bcs	ìmela	ǐmela	
nebogъ	bcs	nèbōg	něboːɡ	
materъ	bcs	mȁtor	mâtor	
jьgrь	bcs	ìgra	ǐɡra	
mykati	bcs	míkati	mǐːkati	
sь̑rdьce	bcs	sȑce	sr̂tse	
klěščiti	bcs	klijèštiti	klijěʃtiti	
ěbàti	bcs	jèbati	jěbati	
kъrkati	bcs	kŕkati	křːkati	
gnusiti	bcs	gnúsiti	ɡnǔːsiti	
vę̀dnǫti	bcs	vȅnuti	ʋênuti	
zěnica	bcs	zjȅnica	zjênitsa	
jȗnъ	bcs	jun	jun	
ǫ́žь	bcs	u̯õš	u	
žędьnъ	bcs	žédan	ʒěːdan	
nasъ	bcs	nȃs	nâːs	
tesla	bcs	tȅsla	têsla	
čьto	bcs	štȍ	ʃtô	
nȇrstь	bcs	mrȉjest	mrîjest	
vỳknǫti	bcs	vȉknuti	ʋîknuti	
klìcati	bcs	klȉcati	klîtsati	
gъ̑rstь	bcs	gȓst	ɡr̂ːst	
kl̨účь	bcs	kljȗč	kʎûːtʃ	
polšiti	bcs	plášiti	plǎːʃiti	
čàdja	bcs	čȃđ	tʃâːd͡ʑʑ	
ǭtròba	bcs	ȕtroba	ûtroba	
naustiti	bcs	naustiti	naustiti	
krīdlò	bcs	krílo	krǐːlo	
nogъtь	bcs	nȍkat	nôkat	
dojìti	bcs	dòjiti	dǒjiti	
orsti	bcs	rásti	rǎːsti	
ěžь	bcs	jȃz	jâːz	
kolě̀no	bcs	kòljeno	kǒʎeno	
mělь	bcs	mẽlj	mêʎ	
zmьjà	bcs	zmìja	zmǐja	
obьtjь	bcs	ȍpćī	ôptɕiː	
ȁgoda	bcs	jȁgoda	jâɡoda	
blějati	bcs	bléjati	blěːjati	
zȏrkъ	bcs	zrȃk	zrâːk	
smьrdě̀ti	bcs	smŕdjeti	smřːdjeti	
zabordlo	bcs	zàbralo	zǎbralo	
čermuxa	bcs	crȉjemuša	t͡srîjemuʃa	
vỳgъn̨ь	bcs	vȉganj	ʋîɡaɲ	
l̨ūbìti	bcs	ljúbiti	ʎǔːbiti	
edъvà	bcs	jèdva	jědʋa	
borna	bcs	brána	brǎːna	
krǫtъ	bcs	krȗt	krûːt	
vodìti	bcs	vòditi	ʋǒditi	
akъjь	bcs	jȃk	jâːk	
līcè	bcs	líce	lǐːtse	
moldъ	bcs	mlȃd	mlâːd	
jьkro	bcs	ȉkra	îkra	
sъ̏lnьce	bcs	sȗnce	sûːntse	
kopati	bcs	kòpati	kǒpati	
mъrky	bcs	mȑkva	mr̂kʋa	
elьxa	bcs	jelha	jelxa	
màzati	bcs	mȁzati	mâzati	
būdìti	bcs	búditi	bǔːditi	
gasnǫti	bcs	gȁsnuti	ɡâsnuti	
brъsnǫti	bcs	bŕknuti	břːknuti	
blekota	bcs	blȅkēt	blêkeːt	
glumъ	bcs	glúma	ɡlǔːma	
ȍpakъ	bcs	ȍpāk	ôpaːk	
nȇrstъ	bcs	mrȉjest	mrîjest	
kogъda	bcs	kàda	kǎda	
grozьnъ	bcs	grȏzan	ɡrôːzan	
ěrina	bcs	jȁrina	jârina	
drevьnь	bcs	drȇvan	drêːʋan	
dę̄snò	bcs	dȇsni	dêːsni	
osmъ	bcs	ȏsmī	ôːsmiː	
dyxati	bcs	díhati	dǐːxati	
ědro	bcs	jȅdro	jêdro	
vě̀jati	bcs	vȉjati	ʋîjati	
dolъ	bcs	dȏ	dôː	
pěšь	bcs	pjȅše	pjêʃe	
pьšenò	bcs	pšéna	pʃěːna	
korъ	bcs	kȏr	kôːr	
ostь̀nъ	bcs	òstan	ǒstan	
golvà	bcs	gláva	ɡlǎːʋa	
brìtva	bcs	brȉtva	brîtʋa	
jьgra	bcs	ìgra	ǐɡra	
maniti	bcs	mámiti	mǎːmiti	
sỳtъjь	bcs	sȉt	sît	
prъskati	bcs	pŕskati	přːskati	
kopьje	bcs	kòplje	kǒpʎe	
čakati	bcs	čȁkati	tʃâkati	
vysь	bcs	vȋs	ʋîːs	
rosà	bcs	ròsa	rǒsa	
pl̨ūtjè	bcs	plúća	plǔːtɕa	
polìca	bcs	pòlica	pǒlitsa	
gъnǫti	bcs	gànuti	ɡǎnuti	
morà	bcs	mòra	mǒra	
vȅčerъ	bcs	vȅčē	ʋêt͡ʃeː	
pokòjь	bcs	pòkōj	pǒkoːj	
mь̀rtvъ	bcs	mr̀tav	mřtaʋ	
šìti	bcs	šȉti	ʃîti	
svьrběti	bcs	svŕbeti	sʋřːbeti	
sòldъkъ	bcs	slàtkī	slǎtkiː	
grỳzti	bcs	grȉsti	ɡrîsti	
stenàti	bcs	stènjati	stěɲati	
polvъ	bcs	plȃv	plâːʋ	
jelьša	bcs	jȅlša	jêlʃa	
vъ	bcs	u	u	
volknò	bcs	vlákno	ʋlǎːkno	
bādàti	bcs	bádati	bǎːdati	
čìstъ	bcs	čȉst	tʃîst	
veztì	bcs	vèsti	ʋěsti	
remy	bcs	rȅmēn	rêmeːn	
azъ	bcs	jȃ	jâː	
rebrò	bcs	rèbro	rěbro	
drě̄màti	bcs	drijèmati	drijěmati	
orǫdьje	bcs	òrūžđe	ǒruːʒdʑe	
mъdьlьnъ	bcs	mlȇdan	mlêːdan	
po	bcs	po	po	
kъlkъ	bcs	kȕk	kûk	
brutъ	bcs	brȕt	brût	
krasà	bcs	krása	krǎːsa	
ot	bcs	od(a)	oda	
moltiti	bcs	mlátiti	mlǎːtiti	
plástъ	bcs	plȃst	plâːst	
rỳti	bcs	rȉti	rîti	
čùdo	bcs	čȕdo	tʃûdo	
mьrzěti	bcs	mŕzjeti	mřːzjeti	
ędrъ	bcs	jédar	jěːdar	
mura	bcs	múra	mǔːra	
trȗpъ	bcs	trȗp	trûːp	
kȏlsъ	bcs	klȃs	klâːs	
dъvogubьnъ	bcs	dvògub	dʋǒɡub	
ȃje	bcs	jáje	jǎːje	
žьltъ	bcs	žȗt	ʒûːt	
topìti	bcs	tòpiti	tǒpiti	
bьlnika	bcs	bȗn	bûːn	
polъ	bcs	pȏ	pôː	
mъrmъrati	bcs	mr̀mrati	mřmrati	
emešь	bcs	jèmeš	jěmeʃ	
lūčà	bcs	lȕča	lût͡ʃa	
pьcьlъ	bcs	pàkao	pǎkao	
òlčьnъ	bcs	lȁčan	lâtʃan	
òsmь	bcs	ȍsam	ôsam	
gǫ̑stъ	bcs	gȗst	ɡûːst	
ròjь	bcs	rȏj	rôːj	
vę̄zàti	bcs	vézati	ʋěːzati	
pręsti	bcs	prȅsti	prêsti	
čermuša	bcs	crȉjemuša	t͡srîjemuʃa	
korìti	bcs	kòriti	kǒriti	
drobà	bcs	dróba	drǒːba	
žeravъ	bcs	žȅrāv	ʒêraːʋ	
strujà	bcs	strúja	strǔːja	
àgnьcь	bcs	jȁgnjac	jâɡɲats	
kuka	bcs	kȕka	kûka	
stȃnъ	bcs	stȃn	stâːn	
tě̑sto	bcs	tȉjesto	tîjesto	
estь	bcs	jȅst	jêst	
nòvъ	bcs	nȍv	nôʋ	
želǫdъkъ	bcs	žèludac	ʒěludats	
ędza	bcs	jéza	jěːza	
dỳmъ	bcs	dȉm	dîm	
datelь	bcs	dȁtelj	dâteʎ	
kotъ	bcs	kȏt	kôːt	
vědrò	bcs	vjèdro	ʋjědro	
bebrъ	bcs	dȁbar	dâbar	
lě̑vъ	bcs	lȉjevī	lîjeʋiː	
pę̑tь	bcs	pȇt	pêːt	
gordjь	bcs	grȃđa	ɡrâːdʑa	
dalь	bcs	dȃlj	dâːʎ	
kъxnǫti	bcs	kȁhnuti	kâxnuti	
esètrъ	bcs	jèsetra	jěsetra	
krina	bcs	krȋnica	krîːnitsa	
grivьna	bcs	grȋvna	ɡrîːʋna	
lemežь	bcs	lèmeš	lěmeʃ	
znàmę	bcs	znȁmēn	znâmeːn	
pȋvo	bcs	pȋvo	pîːʋo	
molь	bcs	mȍlj	môʎ	
globìti	bcs	glòbiti	ɡlǒbiti	
tìskati	bcs	tȉskati	tîskati	
mojь	bcs	mȏj	môːj	
gyža	bcs	gȉ(d)ža	ɡîʒa	
žȋvъ	bcs	žȋv	ʒîːʋ	
vòn̨a	bcs	vȍnj	ʋôɲ	
kyxati	bcs	kíhati	kǐːxati	
làpa	bcs	lȁpa	lâpa	
ǫ̀glь	bcs	ȕgalj	ûɡaʎ	
sъ	bcs	s(a)	sa	
emelo	bcs	ìmela	ǐmela	
sъpati	bcs	spȁti	spâti	
belenъ	bcs	blȇn	blêːn	
gńìti	bcs	gnjȉti	ɡɲîti	
bȍršьno	bcs	brȁšno	brâʃno	
krovъ	bcs	krȏv	krôːʋ	
česnъkъ	bcs	čèsan	tʃěsan	
žerbьjь	bcs	ždrȉjeb	ʒdrîjeb	
brъknǫti	bcs	bŕknuti	břːknuti	
gruda	bcs	grȕda	ɡrûda	
droždžьje	bcs	dròžda	drǒʒda	
xorniti	bcs	hrániti	xrǎːniti	
stòlъ	bcs	stȏ	stôː	
znojь	bcs	znȏj	znôːj	
čisti	bcs	čísti	t͡ʃǐːsti	
pòrgъ	bcs	prȁg	prâɡ	
bьčelà	bcs	pčèla	ptʃěla	
plūtò	bcs	plūtȍ	pluːtô	
pętъ	bcs	pȇtī	pêːtiː	
trāvìti	bcs	tráviti	trǎːʋiti	
čèznǫti	bcs	čȅznuti	tʃêznuti	
kortъkъ	bcs	krátak	krǎːtak	
rȏdъ	bcs	rȏd	rôːd	
činìti	bcs	čìniti	t͡ʃǐniti	
stàti	bcs	stȁti	stâti	
ne	bcs	ne	ne	
nikati	bcs	nȉkat	nîkat	
čȇrpъ	bcs	crȉjep	t͡srîjep	
dàti	bcs	dȁti	dâti	
košer̨a	bcs	kòšara	kǒʃara	
gorьjь	bcs	gȍrī	ɡôriː	
ȏstь	bcs	ȍsti	ôsti	
pȇktь	bcs	pȇć	pêːtɕ	
goditi	bcs	gòditi	ɡǒditi	
novákъ	bcs	nòvāk	nǒʋaːk	
osь̀lъ	bcs	òsao	ǒsao	
metàti	bcs	mètati	mětati	
žęti	bcs	žȅti	ʒêti	
mỳti	bcs	mȉti	mîti	
razoriti	bcs	razòriti	razǒriti	
sȃdъ	bcs	sȃd	sâːd	
eževika	bcs	jéževica	jěːʒeʋitsa	
ȏsь	bcs	ȏs	ôːs	
žalь	bcs	žȁo je	ʒâo je	
pь̀sъ	bcs	pȁs	pâs	
kùditi	bcs	kȕditi	kûditi	
durьnъ	bcs	dȗran	dûːran	
ęcati	bcs	jékati	jěːkati	
blekъ	bcs	blȇk	blêːk	
kъ̀rpa	bcs	kȑpa	kr̂pa	
kàjati	bcs	kȁjati	kâjati	
dětę	bcs	dijète	dijěte	
edvà	bcs	jèdva	jědʋa	
zobàti	bcs	zòbati	zǒbati	
čerslò	bcs	črijèslo	tʃrijěslo	
teti	bcs	tèpsti se	těpsti	
otъ	bcs	od(a)	oda	
lìpa	bcs	lȉpa	lîpa	
muzga	bcs	mȕzga	mûzɡa	
vìděti	bcs	vȉdjeti	ʋîdjeti	
gromada	bcs	gromáda	ɡromǎːda	
vojьna	bcs	vȏjna	ʋôːjna	
dьlbiti	bcs	dúbiti	dǔːbiti	
nuriti	bcs	núriti	nǔːriti	
orbъ	bcs	rȍb	rôb	
òrmo	bcs	rȁme	râme	
černь	bcs	crȅn	t͡srên	
pьrvъ	bcs	pȓvī	pr̂ːʋiː	
lъgati	bcs	làgati	lǎɡati	
osìna	bcs	jèsika	jěsika	
tęga	bcs	tȇg	têːɡ	
bȇrgъ	bcs	brȉjeg	brîjeɡ	
netьjь	bcs	nȅćāk	nêtɕaːk	
klęčati	bcs	kléčati	klěːtʃati	
onъ	bcs	ȍn	ôn	
rȏgъ	bcs	rȏg	rôːɡ	
ěrъ	bcs	jȁra	jâra	
mȏstъ	bcs	mȏst	môːst	
tъ	bcs	tȃj	tâːj	
dòrga	bcs	drȁga	drâɡa	
vь̀rša	bcs	vȓša	ʋr̂ːʃa	
vỳgъn̨a	bcs	vȉganj	ʋîɡaɲ	
sě̀mę	bcs	sjȅme	sjême	
snъxà	bcs	snàha	snǎxa	
motyka	bcs	motiška	motiʃka	
sǫ́dъ	bcs	sȗd	sûːd	
sъlojь	bcs	slȏj	slôːj	
lь̑nъ	bcs	lȁn	lân	
strȗpъ	bcs	strȗp	strûːp	
rębina	bcs	rebika	rebika	
dva	bcs	dvȃ	dʋâː	
r̨uti	bcs	rèvati	rěʋati	
àsъtrě̄bъ	bcs	jȁstrijeb	jâstrijeb	
želza	bcs	žlijèzda	ʒlijězda	
prę̀dnǫti	bcs	prȅnuti	prênuti	
sǫdì	bcs	sùdija	sǔdija	
kъjь	bcs	kòjī	kǒjiː	
žȅlǫdь	bcs	žȅlūd	ʒêluːd	
gojiti	bcs	gòjiti	ɡǒjiti	
nȃgъ	bcs	nȃg	nâːɡ	
melkò	bcs	mlijèko	mlijěko	
bȏlь	bcs	bȏl	bôːl	
prȏstъ	bcs	prȍst	prôst	
kyslъ	bcs	kȉsao	kîsao	
piskalъ	bcs	pȉskor	pîskor	
solvikъ	bcs	slàvūj	slǎʋuːj	
dérnъ	bcs	drȉjen	drîjen	
zijati	bcs	zìjati	zǐjati	
gǫsti	bcs	gústi	ɡǔːsti	
bliskati	bcs	blȉskati (se)	blîskati	
bridъkъ	bcs	brȉdak	brîdak	
čędъ	bcs	čȅdo	tʃêdo	
žerdlò	bcs	ždrijèlo	ʒdrijělo	
stàrъ	bcs	stȃrī	stâːriː	
bergtì	bcs	brijèći	brijětɕi	
nozdr̨a	bcs	nȍzdra	nôzdra	
męsti	bcs	mésti	měːsti	
avьnъ	bcs	jȃvan	jâːʋan	
gȏstь	bcs	gȏst	ɡôːst	
bedrò	bcs	bèdro	bědro	
zъvati	bcs	zvȁti	zʋâti	
mǭkà	bcs	múka	mǔːka	
elenъ	bcs	jèlen	jělen	
vě̀ra	bcs	vjȅra	ʋjêra	
konъ	bcs	kȍn	kôn	
beleniti	bcs	blániti	blǎːniti	
mъdьlь	bcs	madal	madal	
lǫkàvъ	bcs	lùkav	lǔkaʋ	
godъ	bcs	gȏd	ɡôːd	
orkỳta	bcs	ràkita	rǎkita	
màslo	bcs	mȁslo	mâslo	
stьblò	bcs	stáblo	stǎːblo	
mě̄zgà	bcs	mézga	měːzɡa	
žarъ	bcs	žȃr	ʒâːr	
žìti	bcs	žívjeti	ʒǐːʋjeti	
gonìti	bcs	gòniti	ɡǒniti	
ě̑rъ	bcs	jȃr	jâːr	
lędvьja	bcs	ledvija	ledʋija	
rodìti	bcs	ròditi	rǒditi	
mě̀ra	bcs	mjȅra	mjêra	
mьzěti	bcs	mìžati	mǐʒati	
vъpìti	bcs	vàpiti	ʋǎpiti	
làska	bcs	lȁska	lâska	
sỳpati	bcs	sȉpati	sîpati	
mestì	bcs	mèsti	městi	
kozьlъ	bcs	kò̀zao	křzao	
čara	bcs	čara	t͡ʃara	
kòn̨ь	bcs	kȍnj	kôɲ	
nadъ	bcs	nad(a)	nad	
bolzìna	bcs	blàzina	blǎzina	
tǭgà	bcs	túga	tǔːɡa	
lęcati	bcs	lécati se	lěːtsati	
pelenà	bcs	pelèna	pelěna	
dē̌žà	bcs	díža	dǐːʒa	
sъtȏ	bcs	stȏ	stôː	
gomola	bcs	gòmolja	ɡǒmoʎa	
kakъ	bcs	kàkī	kǎkiː	
živòtъ	bcs	žìvot	ʒǐʋot	
puxnǫti	bcs	púhnuti	pǔːxnuti	
kovati	bcs	kòvati	kǒʋati	
žeravь	bcs	žȅrāv	ʒêraːʋ	
povorzъ	bcs	pȍvrāz	pôʋraːz	
ežina	bcs	jèžina	jěʒina	
mogtь	bcs	mȏć	môːtɕ	
pèlti	bcs	pljȅti	pʎêti	
mȏrkъ	bcs	mrȃk	mrâːk	
brysadlo	bcs	brȉsalo	brîsalo	
krỳti	bcs	krȉti	krîti	
běžàti	bcs	bjèžati	bjěʒati	
serdà	bcs	srijèda	srijěda	
ǫzъkъ	bcs	ȕzak	ûzak	
àblъko	bcs	jȁbuka	jâbuka	
pě̀na	bcs	pjȅna	pjêna	
větjati	bcs	vijèćati	ʋijětɕati	
plàviti	bcs	plȁviti	plâʋiti	
kašlь	bcs	kȁšalj	kâʃaʎ	
dę̄snà	bcs	dȇsni	dêːsni	
brъstь	bcs	bȓst	br̂ːst	
cělovàti	bcs	cjelòvati	t͡sjelǒʋati	
bìtva	bcs	bȉtva	bîtʋa	
esètra	bcs	jèsetra	jěsetra	
jūxà	bcs	júha	jǔːxa	
modliti	bcs	mòliti	mǒliti	
medjà	bcs	mèđa	mědʑa	
tě̀mę	bcs	tjȅme	tjême	
modrъ	bcs	mȍdar	môdar	
čerdà	bcs	čréda	tʃrěːda	
ògn'ь	bcs	òganj	ǒɡaɲ	
sȏlь	bcs	sȏ	sôː	
vorta	bcs	vráta	ʋrǎːta	
otъvorìti	bcs	otvòriti	otʋǒriti	
ščenę	bcs	štène	ʃtěne	
tolkà	bcs	tláka	tlǎːka	
dir̨a	bcs	dìra	dǐra	
vỳmę	bcs	vȉme	ʋîme	
dūrìti	bcs	dúriti se	dǔːriti	
radi	bcs	rȁdi	râdi	
čùti	bcs	čȕti	tʃûti	
golěmъ	bcs	gòlem	ɡǒlem	
bìdlo	bcs	bȉlo	bîlo	
ǫziti	bcs	úziti	ǔːziti	
kaziti	bcs	kazíti	kazǐːti	
sě̀ti	bcs	sȉjati	sîjati	
borzdà	bcs	brázda	brǎːzda	
pъtъka	bcs	pȁtka	pâtka	
glezno	bcs	glȅžanj	ɡlêʒaɲ	
minovati	bcs	minòvati	minǒʋati	
letěti	bcs	lètjeti	lětjeti	
nevě̀sta	bcs	nèvjesta	něʋjesta	
bě̀gati	bcs	bjȅgati	bjêɡati	
gǫžьvь	bcs	gȗžva	ɡûːʒʋa	
màkъ	bcs	mȁk	mâk	
močìti	bcs	mòčiti	mǒtʃiti	
glupъ	bcs	glȗp	ɡlûːp	
xvoja	bcs	hvòja	xʋǒja	
kъrnъ	bcs	kȓn	kr̂ːn	
xoldьnъ	bcs	hládan	xlǎːdan	
pòlmy	bcs	plȁmēn	plâmeːn	
òlkomъjь	bcs	lȁkom	lâkom	
načęti	bcs	nàčēti	nǎtʃeːti	
vysòkъ	bcs	vìsok	ʋǐsok	
glístъ	bcs	glísta	ɡlǐːsta	
medvà	bcs	mèdva	mědʋa	
mižati	bcs	míždati	mǐːʒdati	
byvati	bcs	bívati	bǐːʋati	
v̀ydra	bcs	vȉdra	ʋîdra	
mě̀dь	bcs	mjȅd	mjêd	
my̑slь	bcs	mȋsao	mîːsao	
grubъ	bcs	grȗb	ɡrûːb	
dьlgotà	bcs	dugòta	duɡǒta	
mьstiti	bcs	mǝstíti	mǐstǐːti	
velь	bcs	vȇljī	ʋêːʎiː	
svętъ	bcs	svȇt	sʋêːt	
jь̑go	bcs	igo	iɡo	
drъ̏vo	bcs	dȑvo	dr̂ʋo	
vě̑no	bcs	vijèno	ʋijěno	
ortь	bcs	rȁt	rât	
duplò	bcs	dúplo	dǔːplo	
kašьlь	bcs	kȁšalj	kâʃaʎ	
kъde	bcs	gdjȅ	ɡdjê	
mȏzgъ	bcs	mȍzak	môzak	
žìca	bcs	žȉca	ʒîtsa	
ūstà	bcs	ústa	ǔːsta	
dalèkъ	bcs	dàlek	dǎlek	
gòlъ	bcs	gȏ(l)	ɡôː	
domovъ	bcs	dómov	dǒːmoʋ	
viti	bcs	vȉti	ʋîti	
smȏrdъ	bcs	smrȃd	smrâːd	
kyselъ	bcs	kȉseo	kîseo	
kazati	bcs	kázati	kǎːzati	
loky	bcs	lȍkva	lôkʋa	
lisìca	bcs	lìsica	lǐsitsa	
tekti	bcs	tèći	tětɕi	
gȏldъ	bcs	glȃd	ɡlâːd	
gorà	bcs	gòra	ɡǒra	
sunǫti	bcs	súnuti	sǔːnuti	
ešče	bcs	jȍšt(e)	jôʃt	
gàziti	bcs	gȁziti	ɡâziti	
mirъ	bcs	mȋr	mîːr	
blizь	bcs	blízu	blǐːzu	
obьlъ	bcs	ȍbao	ôbao	
mỳdlo	bcs	mȉlo	mîlo	
mě̑xъ	bcs	mȉjeh	mîjex	
dъxъ	bcs	dȃh	dâːx	
dъxnǫti	bcs	dàhnuti	dǎxnuti	
podъ	bcs	pod(a)	poda	
sȏkъ	bcs	sȏk	sôːk	
zьjati	bcs	zìjati	zǐjati	
bȏgъ	bcs	bȏg	bôːɡ	
gnȗsъ	bcs	gnȗs	ɡnûːs	
kry	bcs	kȓv	kr̂ːʋ	
tri	bcs	trȋ	trîː	
lě̀zti	bcs	ljȅsti	ʎêsti	
dvogubьnъ	bcs	dvògub	dʋǒɡub	
krojiti	bcs	kròjiti	krǒjiti	
sermuša	bcs	srȉjemuša	srîjemuʃa	
sъdòrvъ	bcs	zdrȁv	zdrâʋ	
brьna	bcs	brna	brna	
čelověkъ	bcs	čòvjek	t͡ʃǒʋjek	
dě́lъ	bcs	dȉjel	dîjel	
gъrbъ	bcs	gȓb	ɡr̂ːb	
sedъlò	bcs	sèdlo	sědlo	
bъděti	bcs	bdjȅti	bdjêti	
kādìti	bcs	káditi	kǎːditi	
plỳti	bcs	plȉti	plîti	
děl̨ьma	bcs	dijel	dijel	
čerěnь	bcs	čèrjen	tʃěrjen	
klikъ	bcs	klȋk	klîːk	
sǫ̑kъ	bcs	sȏuk	sôːuk	
luzga	bcs	luzga	luzɡa	
górdja	bcs	grȃđa	ɡrâːdʑa	
žuriti	bcs	zúriti (se)	zǔːriti	
volkà	bcs	vlākȁ	ʋlaːkâ	
globa	bcs	glȍba	ɡlôba	
četvorъ	bcs	čȅtver	tʃêtʋer	
ězda	bcs	jezda	jezda	
pjьvàti	bcs	pljùvati	pʎǔʋati	
xoditi	bcs	hòditi	xǒditi	
ěža	bcs	jȃz	jâːz	
sněgъ	bcs	snȉjeg	snîjeɡ	
emela	bcs	ìmela	ǐmela	
jùgъ	bcs	jȕg	jûɡ	
ȍko	bcs	ȍko	ôko	
drāpàti	bcs	drápati	drǎːpati	
glumiti	bcs	glúmiti	ɡlǔːmiti	
gospodь	bcs	gȍspōd	ɡôspoːd	
kypě̀ti	bcs	kípjeti	kǐːpjeti	
dьrati	bcs	dráti	drǎːti	
kozà	bcs	kòza	kǒza	
tajìti	bcs	tájiti	tǎːjiti	
golota	bcs	golòta	ɡolǒta	
cě̄nà	bcs	cijèna	t͡sijěna	
bǫbьnъ	bcs	bȗbanj	bûːbaɲ	
pìtja	bcs	pȉća	pîtɕa	
dьnьsь	bcs	dànas	dǎnas	
sòlma	bcs	slȁma	slâma	
dunǫti	bcs	dúnuti	dǔːnuti	
otjutiti	bcs	ćútjeti	tɕǔːtjeti	
ęzỳkъ	bcs	jèzik	jězik	
zȏbь	bcs	zȏb	zôːb	
àsъtrę̄bъ	bcs	jȁstrijeb	jâstrijeb	
protivъ	bcs	prȍtīv	prôtiːʋ	
bъ̀dr̨ь	bcs	bȁdar	bâdar	
ovь̀sъ	bcs	òvas	ǒʋas	
sę̀dzati	bcs	sȅzati	sêzati	
mьgà	bcs	màgla	mǎɡla	
pьkъlo	bcs	pàkao	pǎkao	
sěděti	bcs	sjèdjeti	sjědjeti	
rūnò	bcs	rúno	rǔːno	
grǫ̀da	bcs	grȕda	ɡrûda	
edìnъ	bcs	jèdan	jědan	
voskъ	bcs	vȍsak	ʋôsak	
stìgnǫti	bcs	stȉgnuti	stîɡnuti	
esmь	bcs	jèsam	jěsam	
sovà	bcs	sóva	sǒːʋa	
krotiti	bcs	kròtiti	krǒtiti	
cě̑vь	bcs	cȉjev	tsîjeʋ	
kъto	bcs	tkȍ	tkô	
sě̀nь	bcs	sjȅn	sjên	
męzdra	bcs	mézdra	měːzdra	
bojь	bcs	bȏj	bôːj	
negodovati	bcs	nègodovati	něɡodoʋati	
nùdja	bcs	nȕžda	nûʒda	
pęti	bcs	péti	pěːti	
svě̄tjà	bcs	svijèća	sʋijětɕa	
čersъ	bcs	črȅz	tʃrêz	
stornà	bcs	strána	strǎːna	
ǫ̑gъlъ	bcs	ȕgal	ûɡal	
kosnǫti	bcs	kosnuti (se)	kosnuti	
vermę	bcs	vrijème	ʋrijěme	
pàmętь	bcs	pȁmēt	pâmeːt	
tesàti	bcs	tèsati	těsati	
jьmę	bcs	ȉme	îme	
mьglà	bcs	màgla	mǎɡla	
žely	bcs	žȅlva	ʒêlʋa	
bordà	bcs	bráda	brǎːda	
bùr̨a	bcs	bȕra	bûra	
mitě	bcs	míće	mǐːtɕe	
vedrъ	bcs	vȅdar	ʋêdar	
blě̑skъ	bcs	blȉjesak	blîjesak	
korьcь	bcs	kòrac	kǒrats	
norvь	bcs	nárav	nǎːraʋ	
bordatъ	bcs	bràdat	brǎdat	
někъto	bcs	nȅko	nêko	
vȇrskъ	bcs	vrȉjes	ʋrîjes	
rę̑dъ	bcs	rȇd	rêːd	
ěrьcь	bcs	jȁrac	jârats	
pę̑stь	bcs	pȅst	pêst	
màlъ	bcs	mȁo	mâo	
lъžь	bcs	lȃž	lâːʒ	
pȳtàti	bcs	pítati	pǐːtati	
prǫglo	bcs	prúglo	prǔːɡlo	
lь̑stь	bcs	last	last	
dъ̑lgъ	bcs	dȗg	dûːɡ	
cěvьnica	bcs	cjevànica	t͡sjeʋǎnitsa	
čitati	bcs	čìtati	t͡ʃǐtati	
bàviti	bcs	bȁvit	bâʋit	
svȏrbъ	bcs	svrȃb	sʋrâːb	
trudъ	bcs	trȗd	trûːd	
studìti	bcs	stúditi	stǔːditi	
slȗxъ	bcs	slȗh	slûːx	
dročiti	bcs	drȍčiti	drôtʃiti	
zъly	bcs	zȁova	zâoʋa	
glīstà	bcs	glísta	ɡlǐːsta	
pǫditi	bcs	púditi	pǔːditi	
govьnò	bcs	góvno	ɡǒːʋno	
grakati	bcs	grákati	ɡrǎːkati	
lùža	bcs	lȕža	lûʒa	
ȅsenь	bcs	jȅsēn	jêseːn	
kadìdlo	bcs	kàdilo	kǎdilo	
slìna	bcs	slȉna	slîna	
pъlkъ	bcs	pȗk	pûːk	
bàjati	bcs	bȁjati	bâjati	
libavъ	bcs	lȉbav	lîbaʋ	
mȃstь	bcs	mȃst	mâːst	
ničati	bcs	ničati	nitʃati	
da	bcs	dȁ	dâ	
nicati	bcs	nȉkat	nîkat	
kǫtja	bcs	kȕća	kûtɕa	
nȅbo	bcs	nȅbo	nêbo	
děliti	bcs	dijèliti	dijěliti	
četverъ	bcs	čȅtver	tʃêtʋer	
jьmelo	bcs	ìmela	ǐmela	
tvь̑rdъ	bcs	tvȓd	tʋr̂ːd	tʋr̩̂ːd
