mъnogъ	czech	mnohý	ˈmnoɦiː	ˈmnoɦiː	MM
gromada	czech	hromada	ˈɦromada	ˈɦromada	
majati	czech	mávati	ˈmaːvatɪ	ˈmaːvatɪ	MM
nȏktь	czech	noc	ˈnot͡s	ˈnot͡s	
gnestì	czech	hnísti	ˈɦɲiːscɪ	ˈɦɲiːst	
ròjь	czech	roj	ˈroj	ˈroj	
mura	czech	mour	ˈmoʊ̯r	ˈmou̯r	
kopьje	czech	kopí	ˈkopiː	ˈkopiː	
čermuša	czech	střemcha	ˈstr̝̊ɛmxa	ˈstr̝̊ɛmxa	
tvorìti	czech	tvořiti	ˈtvor̝ɪcɪ	ˈtvor̝ɪt	
metàti	czech	metati	ˈmɛtatɪ	ˈmɛtat	
onъ	czech	on	ˈon	ˈon	
sě̀nь	czech	síň	ˈsiːɲ	ˈsiːɲ	
pǫditi	czech	puditi	ˈpuɟɪtɪ	ˈpuɟɪt	
lomìti	czech	lomiti	ˈlomɪtɪ	ˈlomɪt	
kȏsъ	czech	kos	ˈkos	ˈkos	
lьnǫti	czech	lnouti	ˈlnou̯cɪ	ˈlnou̯cɪ	
bràtrъ	czech	bratr	ˈbratr̩	ˈbratr̩	
mavati	czech	mávati	ˈmaːvatɪ	ˈmaːvat	
děti	czech	díti	ˈɟiːcɪ	ˈɟiːcɪ	not sure if Cz shouldn't be děti
sìla	czech	síla	ˈsiːla	ˈsiːla	
gȏldъ	czech	hlad	ˈɦlat	ˈɦlat	
jьgrь	czech	hra	ˈɦra	ˈɦra	MM
edъvà	czech	jedva	ˈjɛdva	ˈjɛdva	
lǫ̑kъ	czech	luk	ˈluk	ˈluk	
vę̀dnǫti	czech	vadnouti	ˈvadnou̯t	ˈvadnou̯t	
libovъ	czech	libový	ˈlɪboviː	ˈlɪboviː	MM
grìva	czech	hříva	ˈɦr̝iːva	ˈɦr̝iːva	
dъždžь	czech	déšt'	ˈdɛːʃt	ˈdɛːʃc	
čisti	czech	čísti	ˈt͡ʃiːscɪ	ˈt͡ʃiːst	
arь̀mъ	czech	jařmo	ˈjar̝mo	ˈjar̝mo	MM
tъrgati	czech	trhati	ˈtr̩ɦacɪ	ˈtr̩ɦat	
my	czech	my	ˈmɪ	ˈmɪ	
drobъ	czech	drob	ˈdrop	ˈdrop	
mъldni	czech	mlna	ˈml̩na	ˈml̩na	
òrmo	czech	rámě	ˈraːmɲɛ	ˈraːmɲɛ	
gъ̑rstь	czech	hrst	ˈɦr̩st	ˈɦr̩st	
būdìti	czech	buditi	ˈbuɟɪtɪ	ˈbuɟɪt	
kyprъ	czech	kyprý	ˈkɪpriː	ˈkɪpriː	MM
četverъ	czech	čtverý	ˈt͡ʃtvɛriː	ˈt͡ʃtvɛriː	MM
glъtati	czech	hltati	ˈɦl̩tacɪ	ˈɦl̩tat	
vòrna	czech	vrána	ˈvraːna	ˈvraːna	
slìna	czech	slina	ˈslɪna	ˈslɪna	
kъlъ	czech	kel	ˈkɛl	ˈkɛl	
tvorъ	czech	tvor	ˈtvor	ˈtvor	
plě̑šь	czech	pleš	ˈplɛʃ	ˈplɛʃ	
pāxàti	czech	páchati	ˈpaːxatɪ	ˈpaːxat	
pro	czech	pro-	ˈpro	ˈpro	
na	czech	na	ˈna	ˈna	
lě̀to	czech	léto	ˈlɛːto	ˈlɛːto	
bòlto	czech	bláto	ˈblaːto	ˈblaːto	
pekti	czech	péci	ˈpɛːt͡sɪ	ˈpɛːt͡st	actual form does not match
kašlь	czech	kašel	ˈkaʃɛl	ˈkaʃɛl	
lȗbъ	czech	lub	ˈlup	ˈlup	
studъ	czech	stud	ˈstut	ˈstut	
kokošь	czech	kokoš	ˈkokoʃ	ˈkokoʃ	
gȍlǫbь	czech	holub	ˈɦolup	ˈɦolup	
l̨utiti	czech	lítiti se	ˈliːcɪcɪ sɛ	ˈliːcɪt sɛ	
brězgъ	czech	rozbřesk	ˈrozbr̝ɛsk	ˈrozbr̝ɛsk	
slỳšati	czech	slyšeti	ˈslɪʃɛcɪ	ˈslɪʃɛt	
vesti	czech	vésti	ˈvɛːscɪ	ˈvɛːst	
xvorъ	czech	chorý	ˈxoriː	ˈxoriː	
černovъ	czech	třenový (zub)	ˈtr̝̊ɛnoviː zzub	ˈtr̝̊ɛnoviː	MM
kl̨učiti	czech	klíčiti	ˈkliːt͡ʃɪcɪ	ˈkliːt͡ʃɪt	
prijati	czech	přáti	ˈpr̝̊aːcɪ	ˈpr̝̊aːt	
jьmela	czech	jmelí	ˈjmɛliː	ˈjmɛliː	
čekati	czech	čekati	ˈt͡ʃɛkatɪ	ˈt͡ʃɛkat	
vě̀ko	czech	víko	ˈviːko	ˈviːko	
zȏrkъ	czech	zrak	ˈzrak	ˈzrak	
dъva	czech	dva	ˈdva	ˈdva	
sunǫti	czech	sunouti	ˈsunou̯tɪ	ˈsunou̯t	
vь̀rša	czech	vrše	ˈvr̩ʃɛ	ˈvr̩ʃɛ	
želě̀zo	czech	železo	ˈʒɛlɛzɔ	ˈʒɛlɛzo	
družìna	czech	družina	ˈdruʒɪna	ˈdruʒɪna	
čelověkъ	czech	člověk	ˈt͡ʃlovjɛk	ˈt͡ʃlovjɛk	
rỳti	czech	rýti	ˈriːcɪ	ˈriːt	
čerdà	czech	třída	ˈtr̝̊iːda	ˈtr̝̊iːda	
blizno	czech	blizna	ˈblɪzna	ˈblɪzna	MM
teslò	czech	tesla	ˈtɛsla	ˈtɛsla	
zelènъ	czech	zelený	ˈzɛlɛniː	ˈzɛlɛniː	MM
vę̄zàti	czech	vázati	ˈvaːzacɪ	ˈvaːzat	
šìti	czech	šíti	ˈʃiːcɪ	ˈʃiːt	
ploskъ	czech	ploský	ˈploskiː	ˈploskiː	MM
migati	czech	míhati	ˈmiːɦatɪ	ˈmiːɦat	
òlkomъjь	czech	lakomý	ˈlakomiː	ˈlakomiː	
čemerъ	czech	čemer	ˈt͡ʃɛmɛr	ˈt͡ʃɛmɛr	
blekotъ	czech	blekot	ˈblɛkot	ˈblɛkot	
vȃrъ	czech	var	ˈvar	ˈvar	
kutiti	czech	kutiti	ˈkucɪtɪ	ˈkucɪt	
vỳgъn̨a	czech	výheň	ˈviːɦɛɲ	ˈviːɦɛɲ	
lysъ	czech	lysý	ˈlɪsiː	ˈlɪsiː	MM
mъknǫti	czech	mknouti	ˈmknou̯tɪ	ˈmknou̯t	syllabic m?
sъdòrvъ	czech	zdravý	ˈzdraviː	ˈzdraviː	
ę̄drò	czech	jádro	ˈjaːdro	ˈjaːdro	
bliscati	czech	blýskati (se)	ˈbliːskatɪ ˈ ˈsɛsɛ	ˈbliːskat (sɛ)	
bl̨ьvàti	czech	blíti	ˈbliːcɪ	ˈbliːt	MM
gъnàti	czech	hnáti	ˈɦnaːcɪ	ˈɦnaːt	
bě̀gati	czech	běhati	ˈbjɛɦatɪ	ˈbjɛɦat	
kasati	czech	kasati	ˈkasatɪ	ˈkasat	
ěrь	czech	jař	ˈjar̝̊	ˈjar̝̊	
zidъ	czech	zed'	ˈzɛt	ˈzɛc	MM
osъ̀tъ	czech	oset	ˈɔsɛt	ˈosɛt	
lě̀zti	czech	lézti	ˈlɛːscɪ	ˈlɛːst	
dъxъ	czech	dech	ˈdɛx	ˈdɛx	
bě̑sъ	czech	běs	ˈbjɛs	ˈbjɛs	
boln̨a	czech	blaňa	ˈblaɲa	ˈblaɲa	
kosmъ	czech	kosm	ˈkosm	ˈkosm	
vìděti	czech	viděti	ˈvɪɟɛcɪ	ˈvɪɟɛt	
gorьjь	czech	horší	ˈɦorʃiː	ˈɦorʃiː	MM
grǫdъ	czech	hrouda	ˈɦrou̯da	ˈɦrou̯da	MM
čьrstvъ	czech	č(e)rstvý	ˈt͡ʃɛjɛrstviː	ˈt͡ʃɛrstviː	we can remove the parantheses here č(e)rstvý > čerstvý
otverti	czech	otevříti	ˈotɛvr̝iːtɪ	ˈotɛvr̝iːt	
bǫbьnъ	czech	buben	ˈbubɛn	ˈbubɛn	
kolto	czech	klát	ˈklaːt	ˈklaːt	
bràtъ	czech	bratr	ˈbratr̩	ˈbratr̩	PSl bràtrъ as above
erębъ	czech	jeřáb	ˈjɛr̝aːp	ˈjɛr̝aːp	
vь̀rxъ	czech	vrch	ˈvr̩x	ˈvr̩x	
kl̨účь	czech	klíč	ˈkliːt͡ʃ	ˈkliːt͡ʃ	
sedъlò	czech	sedlo	ˈsɛdlo	ˈsɛdlo	
olbodà	czech	lebeda	ˈlɛbɛda	ˈlɛbɛda	
gnusiti	czech	hnusiti	ˈɦnusɪtɪ	ˈɦnusɪt	
letěti	czech	letěti	ˈlɛcɛcɪ	ˈlɛcɛt	
goditi	czech	hoditi	ˈɦoɟɪtɪ	ˈɦoɟɪt	
ězgarъ	czech	ježdík	ˈjɛʒɟiːk	ˈjɛʒɟiːk	MM I think we should remove this entry: Derksen gives 5 different PSl variants!
luska	czech	luska	ˈluska	ˈluska	
duti	czech	douti	ˈdou̯cɪ	ˈdou̯t	
mьgnǫti	czech	mehnouti	ˈmɛɦnou̯cɪ	ˈmɛɦnou̯t	
nāròdъ	czech	národ	ˈnaːrot	ˈnaːrot	
zȍlto	czech	zlato	ˈzlato	ˈzlato	
oje	czech	oje	ˈojɛ	ˈojɛ	
màzati	czech	mazati	ˈmazatɪ	ˈmazat	
pȏrxъ	czech	prach	ˈprax	ˈprax	
mỳdlo	czech	mýdlo	ˈmiːdlo	ˈmiːdlo	
vozìti	czech	voziti	ˈvozɪtɪ	ˈvozɪt	
ložìti	czech	ložiti	ˈloʒɪcɪ	ˈloʒɪt	
sъporъ	czech	spor	ˈspor	ˈspor	
dòlnь	czech	dlaň	ˈdlaɲ	ˈdlaɲ	
godьnъ	czech	hodný	ˈɦɔdniː	ˈɦɔdniː	MM
borzdà	czech	brázda	ˈbraːzda	ˈbraːzda	
bedrò	czech	bedra	ˈbɛdra	ˈbɛdra	MM
rǫbìti	czech	roubiti	ˈrou̯bɪtɪ	ˈrou̯bɪt	
pьrvъ	czech	prvý	ˈpr̩viː	ˈpr̩viː	MM
tęgnǫti	czech	táhnouti	ˈtaːɦnou̯cɪ	ˈtaːɦnou̯t	
proti	czech	proti	ˈprocɪ	ˈprocɪ	
gnusьnъ	czech	hnusný	ˈɦnusniː	ˈɦnusniː	
protivo	czech	proti	ˈprocɪ	ˈprocɪ	MM see above
kydnǫti	czech	kydnouti	ˈkɪdnou̯tɪ	ˈkɪdnou̯t	
nozdra	czech	nozdra	ˈnozdra	ˈnozdra	
kopъtь	czech	kopt	ˈkopt	ˈkopt	
plàviti	czech	plaviti	ˈplavɪtɪ	ˈplavɪt	
grějati	czech	hřáti	ˈɦr̝aːcɪ		
brȏdъ	czech	brod	ˈbrot		
bùr̨a	czech	bouře	ˈbou̯r̝ɛ		
kamy	czech	kámen	ˈkaːmɛn		
korbъ	czech	krabuše	ˈkrabuʃɛ		
merti	czech	mříti	ˈmr̝iːcɪ		
čitati	czech	čítati	ˈt͡ʃiːtatɪ		
mèčь	czech	meč	ˈmɛt͡ʃ		
medjà	czech	meze	ˈmɛzɛ		
brìti	czech	bříti	ˈbr̝iːcɪ		
nǫditi	czech	nuditi	ˈnuɟɪtɪ		
gȏlsъ	czech	hlas	ˈɦlas		
pàdati	czech	padati	ˈpadatɪ		
žìla	czech	žíla	ˈʒiːla		
gně̀vъ	czech	hněv	ˈɦɲɛf		
čelò	czech	čelo	ˈt͡ʃɛlo		
berstъ	czech	břest	ˈbr̝ɛst		
dь̑nь	czech	den	ˈdɛn		
lъskъ	czech	lesk	ˈlɛsk		
klęčati	czech	klečeti	ˈklɛt͡ʃɛcɪ		
grǫ̑dь	czech	hrud'	ˈɦrut		
konьcь	czech	konec	ˈkonɛt͡s		
bìčь	czech	bič	ˈbɪt͡ʃ		
mìlъ	czech	milý	ˈmɪliː		
ako	czech	jako	ˈjako		
kurica	czech	kurica	ˈkurɪt͡sa		
skòra	czech	skůra	ˈskuːra		
edìnъ	czech	jeden	ˈjɛdɛn		
čȇrvo	czech	střevo	ˈstr̝̊ɛvo		
belniti	czech	blenovati	ˈblɛnovatɪ		
ovьcà	czech	ovce	ˈoft͡sɛ		
dertì	czech	dříti	ˈdr̝iːcɪ		
l̨ȗdьje	czech	lidé	ˈlɪdɛː		
medojědъ	czech	medojed	ˈmɛdojɛt		
mȏltъ	czech	mlat	ˈmlat		
gnȏjь	czech	hnu̥j	ˈɦnu		
znojь	czech	znoj	ˈznoj		
pętà	czech	pata	ˈpata		
mě̀sęcь	czech	měsíc	ˈmɲɛsiːt͡s		
smьjàti	czech	smáti se	ˈsmaːcɪ sɛ		
kǫtja	czech	kuča	ˈkut͡ʃa		
bȏsъ	czech	bosý	ˈbosiː		
čuditi	czech	čuditi se	ˈt͡ʃuɟɪtɪ sɛ		
mě̀riti	czech	měřiti	ˈmɲɛr̝ɪcɪ		
čerěnъ	czech	čeřen	ˈt͡ʃɛr̝ɛn		
lękati	czech	lekati	ˈlɛkatɪ		
obьlъ	czech	oblý	ˈobliː		
kolě̀no	czech	koleno	ˈkolɛno		
tǫ̑gъ	czech	tuhý	ˈtuɦiː		
zelьje	czech	zelí	ˈzɛliː		
vixъrъ	czech	vichr	ˈvɪxr̩		
pletjè	czech	plec	ˈplɛt͡s		
grozdьno	czech	hrozen	ˈɦrozɛn		
pěti	czech	pěti	ˈpjɛcɪ		
dolъ	czech	důl	ˈduːl		
sěkti	czech	síci	ˈsiːt͡sɪ		
jьgra	czech	hra	ˈɦra		
cělovàti	czech	celovati	ˈt͡sɛlovatɪ		
zmьjà	czech	zmije	ˈzmɪjɛ		
lě̑pъ	czech	lep	ˈlɛp		
mȏstъ	czech	most	ˈmost		
gabati	czech	habati	ˈɦabatɪ		
kovati	czech	kouti	ˈkou̯cɪ		
lùža	czech	louže	ˈlou̯ʒɛ		
ęzỳkъ	czech	jazyk	ˈjazɪk		
xabьnъ	czech	chabný	ˈxabniː		
tri	czech	tři	ˈtr̝̊ɪ		
orlьja	czech	role	ˈrolɛ		
vъpìti	czech	úpěti	ˈuːpjɛcɪ		
vъtorъkъ	czech	úterý	ˈuːtɛriː		
gъrkati	czech	hrkati	ˈɦr̩katɪ		
teti	czech	tepati	ˈtɛpacɪ		
mȃstь	czech	mast	ˈmast		
kòža	czech	ku̥že	ˈku		
divь	czech	divý	ˈɟɪviː		
màlъ	czech	malý	ˈmaliː		
melkò	czech	mléko	ˈmlɛːko		
vьrěti	czech	vříti	ˈvr̝iːcɪ		
sỳrъ	czech	sýr	ˈsiːr		
męsti	czech	másti	ˈmaːscɪ		
kòn̨ь	czech	kůň	ˈkuːɲ		
vorta	czech	vrata	ˈvrata		
čemerika	czech	čemeřice	ˈt͡ʃɛmɛr̝ɪt͡sɛ		
greti	czech	hře(b)sti	ˈɦr̝ɛ		
ežika	czech	ježice	ˈjɛʒɪt͡sɛ		
živìca	czech	živice	ˈʒɪvɪt͡sɛ		
pỳrьjь	czech	pýr	ˈpiːr		
sę̀dzati	czech	sahati	ˈsaɦatɪ		
xoldьnъ	czech	chladný	ˈxladniː		
miglъ	czech	mlha	ˈmɫ̩ɦa		
kotьcь	czech	kotec	ˈkotɛt͡s		
belnovati	czech	blenovati	ˈblɛnovatɪ		
gnȗsъ	czech	hnus	ˈɦnus		
dvьrь	czech	dveře	ˈdvɛr̝ɛ		
dupa	czech	doupa	ˈdou̯pa		
mьn̨eje	czech	méně	ˈmɛːɲɛ		
tajìti	czech	tajíti	ˈtajiːcɪ		
svòrka	czech	straka	ˈstraka		
lь̑nъ	czech	len	ˈlɛn		
bolnъ	czech	blín	ˈbliːn		
gleznъ	czech	hlezen	ˈɦlɛzɛn		
mȃzъ	czech	maz	ˈmas		
zьlčь	czech	žluč	ˈʒlut͡ʃ		
bьrati	czech	bráti	ˈbraːcɪ		
ěždžikъ	czech	ježdík	ˈjɛʒɟiːk		
veztì	czech	vézti	ˈvɛːzcɪ		
ščítъ	czech	štít	ˈʃciːt		
nestì	czech	nésti	ˈnɛːscɪ		
vỳmę	czech	výmě	ˈviːmɲɛ		
trȗpъ	czech	trup	ˈtrup		
čermъšь	czech	střemcha	ˈstr̝̊ɛmxa		
drьkolьje	czech	drkolí	ˈdr̩koliː		
pьkъlъ	czech	peklo	ˈpɛklo		
vъ̑šь	czech	veš	ˈvɛʃ		
dě̄rà	czech	díra	ˈɟiːra		
ritь	czech	řit'	ˈr̝ɪt		
stàdo	czech	stádo	ˈstaːdo		
lьněnъ	czech	lněný	ˈlɲɛniː		
žuriti	czech	zuřiti	ˈzur̝ɪcɪ		
drǫ́gъ	czech	drouh	ˈdrou̯x		
velě̀ti	czech	veleti	ˈvɛlɛcɪ		
otjutiti	czech	cítiti	ˈt͡siːcɪtɪ		
volknò	czech	vlákno	ˈvlaːkno		
grebenь	czech	hřeben	ˈɦr̝ɛbɛn		
žȅlǫdь	czech	žalud	ˈʒalut		
krǫ̑gъ	czech	kruh	ˈkrux		
bolnьje	czech	bláně	ˈblaːɲɛ		
ǫ̀glь	czech	uhel	ˈuɦɛl		
grę̑zь	czech	hřez	ˈɦr̝ɛs		
motyka	czech	motyka	ˈmotɪka		
dūrìti	czech	duřít sa	ˈdur̝iːt sa		
okъnò	czech	okno	ˈokno		
znamenьje	czech	znamení	ˈznamɛɲiː		
xȗdъ	czech	chudý	ˈxudiː		
nekъto	czech	někdo	ˈɲɛkdo		
dьliti	czech	dlíti	ˈdliːcɪ		
lǭkà	czech	louka	ˈlou̯ka		
kòrva	czech	kráva	ˈkraːva		
žezlò	czech	žezlo	ˈʒɛzlo		
rědъkъ	czech	řídký	ˈr̝iːtkiː		
edьnakъ	czech	jedinaký	ˈjɛdɪnakiː		
kvȃsъ	czech	kvas	ˈkvas		
tęga	czech	tíha	ˈciːɦa		
trъ̑stь	czech	trest'	ˈtrɛst		
sъlàti	czech	sláti	ˈslaːcɪ		
myto	czech	mýto	ˈmiːto		
gomola	czech	homole	ˈɦomolɛ		
dě́lъ	czech	díl	ˈɟiːl		
četvorъ	czech	čtverý	ˈt͡ʃtvɛriː		
pjьvàti	czech	plíti	ˈpliːcɪ		
vȏzъ	czech	vu̥z	ˈvu		
remy	czech	řemen	ˈr̝ɛmɛn		
àblъ	czech	jablo	ˈjablo		
pòlmy	czech	plamen	ˈplamɛn		
nicati	czech	níceti	ˈɲiːt͡sɛcɪ		
gòrxъ	czech	hrách	ˈɦraːx		
mělъ	czech	měl	ˈmɲɛl		
sȏlь	czech	su̥l	ˈsu		
cě̄dìti	czech	cediti	ˈt͡sɛɟɪtɪ		
netopyr'ь	czech	netopýr	ˈnɛtoˌpiːr		
cè̌sta	czech	cesta	ˈt͡sɛsta		
jьmę	czech	jméno	ˈjmɛːno		
l̨ūbìti	czech	líbiti se	ˈliːbɪtɪ sɛ		
sěděti	czech	seděti	ˈsɛɟɛcɪ		
grobъ	czech	hrob	ˈɦrop		
dǭgà	czech	duha	ˈduɦa		
čьrpati	czech	čerpati	ˈt͡ʃɛrpatɪ		
vodìti	czech	voditi	ˈvoɟɪtɪ		
plěna	czech	plena	ˈplɛna		
trudъ	czech	trud	ˈtrut		
ěrъka	czech	jarka	ˈjarka		
gъrba	czech	hrb	ˈɦr̩p		
zěvati	czech	zívati	ˈziːvatɪ		
sьršenь	czech	sršeň	ˈsr̩ʃɛɲ		
drevьnъ	czech	dřevný	ˈdr̝ɛvniː		
mękъkъ	czech	měkký	ˈmɲɛkiː		
krasà	czech	krása	ˈkraːsa		
vedro	czech	vedro	ˈvɛdro		
l̨utъ	czech	lítý	ˈliːtiː		
měna	czech	měna	ˈmɲɛna		
nikati	czech	níceti	ˈɲiːt͡sɛcɪ		
mъrmъrati	czech	mrmrati	ˈmr̩mratɪ		
ǫ̑gъlъ	czech	úhel	ˈuːɦɛl		
basnь	czech	báseň	ˈbaːsɛɲ		
bylьje	czech	býlí	ˈbiːliː		
sovati	czech	souvati	ˈsou̯vatɪ		
edlà	czech	jedle	ˈjɛdlɛ		
gojiti	czech	hojiti	ˈɦojɪtɪ		
bìdlo	czech	bidlo	ˈbɪdlo		
krotiti	czech	krotiti	ˈkrocɪtɪ		
govorъ	czech	hovor	ˈɦovor		
sě̑no	czech	seno	ˈsɛno		
poìti	czech	pojiti	ˈpojɪtɪ		
mъrgati	czech	mrgat'	ˈmr̩ɡat		
ostь̀nъ	czech	osten	ˈostɛn		
sъn	czech	s(e)	ˈsɛ		
po	czech	po	ˈpo		
mę	czech	mě	ˈmɲɛ		
sъ̀nъ	czech	sen	ˈsɛn		
cě̑lъ	czech	celý	ˈt͡sɛliː		
tèrti	czech	tříti	ˈtr̝iːcɪ		
dȇrvo	czech	dřevo	ˈdr̝ɛvɔ		
klějь	czech	klej	ˈklɛj		
sъmьrtь	czech	smrt	ˈsmr̩t		
àgnьcь	czech	jehnec	ˈjɛɦnɛt͡s		
gvozdъ	czech	hvozd	ˈɦvost		
tesàti	czech	tesati	ˈtɛsatɪ		
ženà	czech	žena	ˈʒɛna		
modrъ	czech	modrý	ˈmodriː		
sęknǫti	czech	sáknouti	ˈsaːknou̯tɪ		
sьcati	czech	scáti	ˈst͡saːcɪ		
piskarь	czech	piskoř	ˈpɪskor̝̊		
sęgnǫti	czech	sáhnouti	ˈsaːɦnou̯cɪ		
kъrknǫti	czech	krknouti	ˈkr̩knou̯tɪ		
motati	czech	motati	ˈmotatɪ		
ędza	czech	jaza	ˈjaza		
ěsti	czech	jísti	ˈjiːscɪ		
męzdra	czech	mázdra	ˈmaːzdra		
v̀ydra	czech	vydra	ˈvɪdra		
čerslò	czech	(s)tříslo	ˈst͡str̝̊iːslo		
jelьša	czech	olše	ˈolʃɛ		
matati	czech	mátati	ˈmaːtatɪ		
mь̀čь	czech	meč	ˈmɛt͡ʃ		
àblo	czech	jablo	ˈjablo		
libavъ	czech	libový	ˈlɪboviː		
tretь	czech	třetí	ˈtr̝̊ɛciː		
mьgà	czech	mlha	ˈmɫ̩ɦa		
tь̏nьkъ	czech	tenký	ˈtɛŋkiː		
dьlь	czech	dél	ˈdɛːl		
lixъ	czech	lichý	ˈlɪxiː		
tьma	czech	tma	ˈtma		
grỳzti	czech	hrýzti	ˈɦriːzcɪ		
klegota	czech	klehot	ˈklɛɦot		
elbedь	czech	labut'	ˈlabut		
azъ	czech	já	ˈjaː		
pь̀rstъ	czech	prst	ˈpr̩st		
žerbьjь	czech	hřeb	ˈɦr̝ɛb		
bogàtъ	czech	bohatý	ˈboɦatiː		
kòlda	czech	kláda	ˈklaːda		
pìti	czech	píti	ˈpiːcɪ		
lȇdъ	czech	led	ˈlɛt		
bridъkъ	czech	břitký	ˈbr̝ɪtkiː		
gàdъ	czech	had	ˈɦat		
bě́lъ	czech	bílý	ˈbiːliː		
lękti	czech	léci	ˈlɛːt͡sɪ		
vьdovà	czech	vdova	ˈvdova		
klokotati	czech	klokotati	ˈklokotatɪ		
ěrostь	czech	jarost	ˈjarost		
gomula	czech	homole	ˈɦomolɛ		
dyxati	czech	dýchati	ˈdiːxatɪ		
povorzъ	czech	provaz	ˈprovas		
glìna	czech	hlína	ˈɦliːna		
žerdlò	czech	žřídlo	ˈʒr̝iːdlo		
mitva	czech	mitvy	ˈmɪtvɪ		
živòtъ	czech	život	ˈʒɪvot		
gorà	czech	hora	ˈɦora		
làziti	czech	laziti	ˈlazɪtɪ		
mьrkъ	czech	mrk	ˈmr̩k		
někъto	czech	někdo	ˈɲɛkdo		
kādìti	czech	kaditi	ˈkaɟɪtɪ		
ględěti	czech	hleděti	ˈɦlɛɟɛcɪ		
vertenò	czech	vřeteno	ˈvr̝ɛtɛnɔ		
šȇstъ	czech	šestý	ˈʃɛstiː		
rǭkà	czech	ruka	ˈruka		
veslò	czech	veslo	ˈvɛslo		
ěti	czech	jeti	ˈjɛcɪ		
glògъ	czech	hloh	ˈɦlox		
sȏlpъ	czech	slap	ˈslap		
edvà	czech	jedva	ˈjɛdva		
sъxnǫti	czech	schnouti	ˈsxnou̯tɪ		
slàva	czech	sláva	ˈslaːva		
solvikъ	czech	slavík	ˈslaviːk		
šȇstь	czech	šest	ˈʃɛst		
klekъtati	czech	klektati	ˈklɛktatɪ		
bèrdjь	czech	březí	ˈbr̝ɛziː		
golvà	czech	hlava	ˈɦlava		
bordà	czech	brada	ˈbrada		
brъzda	czech	brzda	ˈbr̩zda		
jьkro	czech	jikra	ˈjɪkra		
ešče	czech	ještě	ˈjɛʃcɛ		
ęčati	czech	ječeti	ˈjɛt͡ʃɛcɪ		
glěnь	czech	hlen	ˈɦlɛn		
tesъ	czech	tes	ˈtɛs		
blě̑skъ	czech	blesk	ˈblɛsk		
pǫ́tь	czech	pout'	ˈpou̯t		
drъgati	czech	drhati	ˈdr̩ɦatɪ		
bādàti	czech	bádati	ˈbaːdatɪ		
àgnę	czech	jehně	ˈjɛɦɲɛ		
lьdza	czech	lze	ˈlzɛ		
četỳre	czech	čtyři	ˈt͡ʃtɪr̝ɪ		
xabъ	czech	chabý	ˈxabiː		
nyně	czech	nyní	ˈnɪɲiː		
vȅčerъ	czech	večer	ˈvɛt͡ʃɛr		
esètra	czech	jeseter	ˈjɛsɛtɛr		
mьně	czech	mně	ˈmɲɛ		
ěrę	czech	jeřátko	ˈjɛr̝aːtko		
golgolati	czech	hlaholati	ˈɦlaɦolatɪ		
sestrà	czech	sestra	ˈsɛstra		
dǫ̀ti	czech	douti	ˈdou̯cɪ		
liběvъ	czech	libový	ˈlɪboviː		
dьlti	czech	dlbsti	ˈdl̩pscɪ		
čьrmьnъ	czech	čermný	ˈt͡ʃɛrm̩niː		
mogti	czech	moci	ˈmot͡sɪ		
tȏkъ	czech	tok	ˈtok		
lъkno	czech	lekno	ˈlɛkno		
žely	czech	žluva	ˈʒluva		
korьcь	czech	korec	ˈkorɛt͡s		
dristati	czech	dřístati	ˈdr̝iːstatɪ		
pȗstъ	czech	pustý	ˈpustiː		
mòrzъ	czech	mráz	ˈmraːs		
kotъ	czech	kót	ˈkoːt		
mьrzěti	czech	mrzeti	ˈmr̩zɛcɪ		
tvь̑rdъ	czech	tvrdý	ˈtvr̩diː		
bъrtъ	czech	brt'	ˈbr̩t		
ògn'ь	czech	oheň	ˈoɦɛɲ		
vьlnà	czech	vlna	ˈvl̩na		
plesti	czech	plésti	ˈplɛːscɪ		
vь̑lkъ	czech	vlk	ˈvl̩k		
pluti	czech	plouti	ˈplou̯cɪ		
mȃzь	czech	maz	ˈmas		
mikati	czech	mikati	ˈmɪkatɪ		
četvьrtъ	czech	čtvrtý	ˈt͡ʃtvr̩tiː		
sę̀gati	czech	sahati	ˈsaɦatɪ		
pȍrsę	czech	prase	ˈprasɛ		
emela	czech	jmelí	ˈjmɛliː		
jьgrati	czech	hráti	ˈɦraːcɪ		
pьkъlo	czech	peklo	ˈpɛklo		
kòrsta	czech	chrásta	ˈxraːsta		
pryskati	czech	prýskati	ˈpriːskatɪ		
oràti	czech	orati	ˈoratɪ		
pozdъ	czech	pozdě	ˈpozɟɛ		
čęstъ	czech	častý	ˈt͡ʃastiː		
stьdzà	czech	stezka	ˈstɛska		
gńilъ	czech	hnilý	ˈɦɲɪliː		
sьrna	czech	srna	ˈsr̩na		
vasъ	czech	vás	ˈvaːs		
onutja	czech	onuce	ˈonut͡sɛ		
elbedà	czech	lebeda	ˈlɛbɛda		
pę̑tь	czech	pět	ˈpjɛt		
běžàti	czech	běžeti	ˈbjɛʒɛcɪ		
vetъxъ	czech	vetchý	ˈvɛtxiː		
plěsnь	czech	plíseň	ˈpliːsɛɲ		
dojidlo	czech	dojidlo	ˈdojɪdlo		
akъjь	czech	jaký	ˈjakiː		
ȏlsь	czech	los	ˈlos		
nǫ̀dja	czech	nouze	ˈnou̯zɛ		
govorìti	czech	hovořiti	ˈɦovor̝ɪcɪ		
svętъ	czech	svatý	ˈsvatiː		
bèrmę	czech	břímě	ˈbr̝iːmɲɛ		
vesnà	czech	vesna	ˈvɛsna		
pòrgъ	czech	práh	ˈpraːx		
měniti	czech	měniti	ˈmɲɛɲɪtɪ		
gryzati	czech	hryzati	ˈɦrɪzatɪ		
trāvìti	czech	tráviti	ˈtraːvɪtɪ		
žьlna	czech	žluna	ˈʒluna		
gorьkъ	czech	hořký	ˈɦor̝̊kiː		
droždžьje	czech	droždí	ˈdroʒɟiː		
bojati sę	czech	báti se	ˈbaːcɪ sɛ		
prosterti	czech	prostříti	ˈprostr̝̊iːcɪ		
brьvъnò	czech	břevno	ˈbr̝ɛvno		
dīvìti	czech	diviti se	ˈdɪvɪtɪ sɛ		
ščenę	czech	štěně	ˈʃcɛɲɛ		
kopъtъ	czech	kopt	ˈkopt		
žeravъ	czech	žeravý	ˈʒɛraviː		
do	czech	do	ˈdo		
pl̨ūtjè	czech	plíce	ˈpliːt͡sɛ		
nǫkati	czech	nukat'	ˈnukat		
belnъ	czech	blín	ˈbliːn		
lokati	czech	lokati	ˈlokatɪ		
žȋvъ	czech	živý	ˈʒɪviː		
arьmò	czech	jařmo	ˈjar̝mo		
dojìti	czech	dojiti	ˈdojɪtɪ		
stornà	czech	strana	ˈstrana		
solvьjь	czech	slavík	ˈslaviːk		
rȗdъ	czech	rudý	ˈrudiː		
àstrě̄bъ	czech	jestřáb	ˈjɛstr̝̊aːp		
klegotъ	czech	klehot	ˈklɛɦot		
bȇrgъ	czech	břeh	ˈbr̝ɛx		
čь̀rnъ	czech	černý	ˈt͡ʃɛrniː		
sỳtъ	czech	sytý	ˈsɪtiː		
grę̑znǫti	czech	hřeznouti	ˈɦr̝ɛznou̯cɪ		
dъvojь	czech	dvojí	ˈdvojiː		
glupъ	czech	hloupý	ˈɦlou̯piː		
mě̀sto	czech	město	ˈmɲɛsto		
velьkъ	czech	velký	ˈvɛlkiː		
nedǫ̀gъ	czech	neduh	ˈnɛdux		
slimakъ	czech	slimák	ˈslɪmaːk		
ęga	czech	jaza	ˈjaza		
mъrky	czech	mrkev	ˈmr̩kɛv		
gǫgn̨ati	czech	huhňati	ˈɦuɦɲatɪ		
sòrka	czech	straka	ˈstraka		
rūnò	czech	rouno	ˈrou̯no		
rȏdъ	czech	rod	ˈrot		
mъlviti	czech	mluviti	ˈmluvɪcɪ		
mỳšь	czech	myš	ˈmɪʃ		
etì	czech	jebati	ˈjɛbatɪ		
spěšiti	czech	spíšiti	ˈspiːʃɪcɪ		
velìkъ	czech	veliký	ˈvɛlɪkiː		
rȗx	czech	ruch	ˈrux		
gasnǫti	czech	hasnouti	ˈɦasnou̯cɪ		
mȏzgъ	czech	mozek	ˈmozɛk		
bo	czech	bo	ˈbo		
dȍma	czech	doma	ˈdoma		
perdъ	czech	před(e)	ˈpr̝̊ɛdɛ		
mirъ	czech	mír	ˈmiːr		
kašьl̨ati	czech	kašlati	ˈkaʃlatɪ		
òsmь	czech	osm	ˈosm̩		
zęti	czech	zábsti	ˈzaːpscɪ		
měšъkъ	czech	měch	ˈmɲɛx		
ǫ́žь	czech	užovka	ˈuʒofka		
elьcь	czech	jelec	ˈjɛlɛt͡s		
pazduxa	czech	pazucha	ˈpazuxa		
màkъ	czech	mák	ˈmaːk		
globìti	czech	hlobiti	ˈɦlobɪtɪ		
norvъ	czech	mrav	ˈmraf		
žarъ	czech	žár	ˈʒaːr		
polšiti	czech	plašiti	ˈplaʃɪcɪ		
pažitь	czech	pažit	ˈpaʒɪt		
jьlъ	czech	jíl	ˈjiːl		
česno	czech	česnek	ˈt͡ʃɛsnɛk		
vòn̨ь	czech	vůňe	ˈvuːɲɛ		
ě̀snъ	czech	jasný	ˈjasniː		
gorno	czech	hrany	ˈɦranɪ		
gǫ̑sь	czech	hus	ˈɦus		
nozdr̨a	czech	nozdra	ˈnozdra		
ěžь	czech	jez	ˈjɛs		
mъdьlь	czech	mdlý	ˈmdliː		
gȏjь	czech	hoj	ˈɦoj		
vȇrsъ	czech	vřes	ˈvr̝ɛs		
gǫgnavъ	czech	huhňávy	ˈɦuɦɲaːvɪ		
gǫ̑stъ	czech	hustý	ˈɦustiː		
krīdlò	czech	křídlo	ˈkr̝̊iːdlo		
bebrъ	czech	bobr	ˈbobr̩		
tỳti	czech	týti	ˈtiːcɪ		
lěnìvъ	czech	lenivý	ˈlɛɲɪviː		
bȏrъ	czech	bor	ˈbor		
pьrga	czech	prha	ˈpr̩ɦa		
ȁsenь	czech	jasan	ˈjasan		
dupę	czech	doupa	ˈdou̯pa		
pỳrъ	czech	pýr	ˈpiːr		
kъrmъ	czech	krm	ˈkr̩m		
polxъ	czech	poplach	ˈpoplax		
pasti	czech	pásti	ˈpaːscɪ		
rekti	czech	říci	ˈr̝iːt͡sɪ		
sérnъ	czech	střín	ˈstr̝̊iːn		
dьržati	czech	držeti	ˈdr̩ʒɛcɪ		
mъlva	czech	mluva	ˈmluva		
grьměti	czech	hřm̌eti	ˈɦr̝̊mɛjɛtɪ		
mě̑xъ	czech	měch	ˈmɲɛx		
lozà	czech	loza	ˈloza		
košara	czech	košár	ˈkoʃaːr		
tàjati	czech	táti	ˈtaːcɪ		
ęcati	czech	jekati	ˈjɛkatɪ		
sǫ̑kъ	czech	suk	ˈsuk		
òrkъ	czech	rak	ˈrak		
kukati	czech	kukati	ˈkukatɪ		
vьčera	czech	včera	ˈvt͡ʃɛra		
pěšь	czech	pěší	ˈpjɛʃiː		
nìtь	czech	nit'	ˈɲɪt		
ju	czech	již	ˈjɪʃ		
bostì	czech	bůsti	ˈbuːscɪ		
orsti	czech	růsti	ˈruːscɪ		
gně̄zdò	czech	hnízdo	ˈɦɲiːzdo		
gỳnǫti	czech	hynout	ˈɦɪnou̯t		
gȏrdъ	czech	hrad	ˈɦrat		
sìvъ	czech	sivý	ˈsɪviː		
krǫtъ	czech	krutý	ˈkrutiː		
ležàti	czech	ležeti	ˈlɛʒɛcɪ		
česnъkъ	czech	česnek	ˈt͡ʃɛsnɛk		
lososь	czech	losos	ˈlosos		
ūstà	czech	ústa	ˈuːsta		
ěrъ	czech	jarý	ˈjariː		
vě̑no	czech	věno	ˈvjɛno		
strьženь	czech	stržeň	ˈstr̩ʒɛɲ		
dъnò	czech	dno	ˈdno		
bojaznь	czech	bázeň	ˈbaːzɛɲ		
mǫ̑žь	czech	muž	ˈmuʃ		
jьde	czech	jdeže	ˈjɛdʒɛ		
grěti	czech	hřáti	ˈɦr̝aːcɪ		
krěpъkъ	czech	křepký	ˈkr̝ɛpkiː		
kopati	czech	kopati	ˈkopatɪ		
cě̄lìti	czech	celiti	ˈt͡sɛlɪtɪ		
bȏrvъ	czech	brav	ˈbraf		
dal̨a	czech	dál	ˈdaːl		
ȍpaky	czech	opak	ˈopak		
dalь	czech	dál	ˈdaːl		
edьnъ	czech	jeden	ˈjɛdɛn		
tr̨ьje	czech	tři	ˈtr̝̊ɪ		
bràtьja	czech	bratří	ˈbratr̝̊iː		
pȍjāsъ	czech	pás	ˈpaːs		
vodà	czech	voda	ˈvoda		
ni	czech	ni	ˈɲɪ		
ǫtrь	czech	vnitř	ˈvɲɪtr̝̊		
kazati	czech	kázati	ˈkaːzacɪ		
gòlъ	czech	holý	ˈɦoliː		
nъně	czech	nyní	ˈnɪɲiː		
dalèkъ	czech	daleký	ˈdalɛkiː		
lazъ	czech	laz	ˈlas		
pьsàti	czech	psáti	ˈpsaːcɪ		
orkỳta	czech	rokyta	ˈrokɪta		
dȏrgъ	czech	drahý	ˈdraɦiː		
pozdьnъ	czech	pozdní	ˈpozdɲiː		
blъxà	czech	blecha	ˈblɛxa		
zȏbъ	czech	zob	ˈzop		
erębь	czech	jeřáb	ˈjɛr̝aːp		
kàjati	czech	káti se	ˈkaːcɪ sɛ		
pīskàti	czech	pískati	ˈpiːskatɪ		
bьčelà	czech	včela	ˈft͡ʃɛla		
droždža	czech	droždí	ˈdroʒɟiː		
lьjati	czech	líti	ˈliːcɪ		
dьrati	czech	dráti	ˈdraːcɪ		
stьblò	czech	stéblo	ˈstɛːblo		
vȏlkъ	czech	vlak	ˈvlak		
górdja	czech	hráz	ˈɦraːs		
kričati	czech	křičeti	ˈkr̝ɪt͡ʃɛcɪ		
voliti	czech	voliti	ˈvolɪtɪ		
sȗxъ	czech	suchý	ˈsuxiː		
stenàti	czech	sténati	ˈstɛːnatɪ		
šьvьcь	czech	švec	ˈʃvɛt͡s		
ȍpakъ	czech	opak	ˈopak		
dě̀va	czech	děva	ˈɟɛva		
mě̀lъ	czech	mělý	ˈmɲɛliː		
ědro	czech	ňadro	ˈɲadro		
zę̀tь	czech	zet'	ˈzɛt		
kašl̨ati	czech	kašlati	ˈkaʃlatɪ		
pa	czech	po	ˈpo		
pȋvo	czech	pivo	ˈpɪvo		
kl̨ùka	czech	klika	ˈklɪka		
koprъ	czech	kopr	ˈkopr̩		
drozdъ	czech	drozd	ˈdrost		
koltъ	czech	klát	ˈklaːt		
neže	czech	než	ˈnɛʃ		
voskъ	czech	vosk	ˈvosk		
zeml̨à	czech	země	ˈzɛmɲɛ		
òlčьnъ	czech	lačný	ˈlat͡ʃniː		
grozьnъ	czech	hrozný	ˈɦrozniː		
vȇrskъ	czech	vřes	ˈvr̝ɛs		
sъmè̌ti	czech	směti	ˈsmɲɛcɪ		
bodàti	czech	bodati	ˈbodatɪ		
datelь	czech	datel	ˈdatɛl		
gvě̄zdà	czech	hvězda	ˈɦvjɛzda		
žàba	czech	žába	ˈʒaːba		
zaverti	czech	zavříti	ˈzavr̝iːcɪ		
pǫ̀to	czech	pouto	ˈpou̯to		
pěga	czech	piha	ˈpɪɦa		
lȏvъ	czech	lov	ˈlɔf		
jьgъlà	czech	jehla	ˈjɛɦla		
trāvà	czech	tráva	ˈtraːva		
krasьnъ	czech	krásný	ˈkraːsniː		
sěsti	czech	siesti	ˈsɪɛscɪ		
čę̑stь	czech	část	ˈt͡ʃaːst		
desętъ	czech	desátý	ˈdɛsaːtiː		
kaliti	czech	kaliti	ˈkalɪtɪ		
orbъ	czech	rob	ˈrop		
obolkъ	czech	oblak	ˈoblak		
dǫ̑bъ	czech	dub	ˈdup		
sъ	czech	s(e)	ˈsɛ		
mǭkà	czech	mouka	ˈmou̯ka		
slùšati	czech	slušeti	ˈsluʃɛcɪ		
gordjь	czech	hráz	ˈɦraːs		
mьzdà	czech	mzda	ˈmzda		
kъrzno	czech	krzno	ˈkr̩zno		
kydati	czech	kydati	ˈkɪdatɪ		
gъ̀rdlo	czech	hrdlo	ˈɦr̩dlo		
tьlò	czech	tlo	ˈtlo		
sanь	czech	sáně	ˈsaːɲɛ		
gǫgn̨avъ	czech	huhňávy	ˈɦuɦɲaːvɪ		
zь̀rno	czech	zrno	ˈzr̩no		
zьdь	czech	zed'	ˈzɛt		
govę̀do	czech	hovado	ˈɦɔvaˌdɔ		
blizъkъ	czech	blizý	ˈblɪziː		
pȏtъ	czech	pot	ˈpot		
vȏrgъ	czech	vrah	ˈvrax		
kromě	czech	kromě	ˈkromjɛ		
načęti	czech	načíti	ˈnat͡ʃiːcɪ		
jesìka	czech	osa	ˈosa		
lučiti	czech	lučiti	ˈlut͡ʃɪcɪ		
gyža	czech	hyže	ˈɦɪʒɛ		
močìti	czech	močiti	ˈmot͡ʃɪcɪ		
mьlčàti	czech	mlčeti	ˈml̩t͡ʃɛcɪ		
ȇdlь	czech	jedle	ˈjɛdlɛ		
govьnò	czech	hovno	ˈɦovno		
volžiti	czech	vlažiti	ˈvlaʒɪtɪ		
dьrnǫti	czech	drhnouti	ˈdr̩ɦnou̯cɪ		
vojь	czech	vojín	ˈvojiːn		
bǫbьniti	czech	bubeniti	ˈbubɛɲɪtɪ		
odolě̀ti	czech	odoleti	ˈodolɛcɪ		
sǫ́dъ	czech	soud	ˈsɔʊ̯t		
mě̀ra	czech	míra	ˈmiːra		
drě̄màti	czech	dřímati	ˈdr̝iːmatɪ		
erębina	czech	jařabina	ˈjar̝abɪna		
bȏlgъ	czech	blahý	ˈblaɦiː		
mošьna	czech	mošna	ˈmoʃna		
golěnь	czech	holeň	ˈhɔlɛɲ		
stàrъ	czech	starý	ˈstariː		
bȁba	czech	bába	ˈbaːba		
glīstà	czech	hlíst	ˈɦliːst		
brediti	czech	bředit se	ˈbr̝̊ɛɟɪt sɛ		
luskъ	czech	lusk	ˈlusk		
òdrъ	czech	odr	ˈodr̩		
svekrъ	czech	svekr	ˈsvɛkr̩		
kuča	czech	kuče	ˈkut͡ʃɛ		
oskъrdъ	czech	oškrt	ˈoʃkr̩t		
zobàti	czech	zobati	ˈzobatɪ		
vòl̨a	czech	vu̥le	ˈvuːlɛ		
dьrbati	czech	drbati	ˈdr̩batɪ		
ȍlkъtь	czech	loket	ˈlɔkɛt		
dva	czech	dva	ˈdva		
dūšà	czech	duše	ˈduʃɛ		
kaznь	czech	kázeň	ˈkaːzɛɲ		
molь	czech	mol	ˈmol		
kysělъ	czech	kyselý	ˈkɪsɛliː		
paznegъtь	czech	pazneht	ˈpaznɛxt		
krasti	czech	krásti	ˈkraːscɪ		
tęgati	czech	tázati se	ˈtaːzacɪ sɛ		
glezno	czech	hlezen	ˈɦlɛzɛn		
stogъ	czech	stoh	ˈstox		
mogtь	czech	moc	ˈmot͡s		
vьrgnǫti	czech	vrhnouti	ˈvr̩ɦnou̯cɪ		
gybati	czech	hýbati	ˈɦiːbatɪ		
grudъ	czech	hrouda	ˈɦrou̯da		
trǫdъ	czech	troud	ˈtrou̯t		
ajьce	czech	vejce	ˈvɛjt͡sɛ		
svȏrbъ	czech	svrab	ˈsvrap		
žьzlъ	czech	žezlo	ˈʒɛzlo		
dě̀lo	czech	dílo	ˈɟiːlo		
svinьjà	czech	svině	ˈsvɪɲɛ		
bȏlь	czech	bol	ˈbol		
ǫ̀zlъ	czech	uzel	ˈuzɛl		
vaditi	czech	vaditi	ˈvaɟɪtɪ		
otъvorìti	czech	otevříti	ˈotɛvr̝iːtɪ		
vъtorьnikъ	czech	úterý	ˈuːtɛriː		
lъžь	czech	lež	ˈlɛʃ		
kòšь	czech	koš	ˈkoʃ		
nebogъ	czech	nebohý	ˈnɛboɦiː		
àsъtrě̄bъ	czech	jestřáb	ˈjɛstr̝̊aːp		
aviti	czech	jeviti	ˈjɛvɪtɪ		
blǫ̑dъ	czech	blud	ˈblut		
zъlъ	czech	zlý	ˈzliː		
nadъ	czech	nad(e)	ˈnadɛ		
pь̀rsь	czech	prs	ˈpr̩s		
brusьnica	czech	brusnice	ˈbrusɲɪt͡sɛ		
ȇ̌dъ	czech	jed	ˈjɛt		
cě̄và	czech	céva	ˈt͡sɛːva		
jȗnъ	czech	juný	ˈjuniː		
pę̑dь	czech	píd'	ˈpiːt		
gomol̨a	czech	homole	ˈɦomolɛ		
gǫžь	czech	houž	ˈɦou̯ʃ		
děliti	czech	děliti	ˈɟɛlɪtɪ		
krỳti	czech	krýti	ˈkriːcɪ		
kvisti	czech	kvésti	ˈkvɛːscɪ		
ȍlkъtъ	czech	loket	ˈlɔkɛt		
moltiti	czech	mlátiti	ˈmlaːcɪtɪ		
lěnь	czech	léň	ˈlɛːɲ		
pręsti	czech	přísti	ˈpr̝̊iːscɪ		
my̑slь	czech	mysl	ˈmɪsl̩		
bòlna	czech	blána	ˈblaːna		
košarъ	czech	košár	ˈkoʃaːr		
strȗpъ	czech	strup	ˈstrup		
plàkati	czech	plakati	ˈplakatɪ		
klekotъ	czech	klekot	ˈklɛkot		
svьrběti	czech	svrběti	ˈsvr̩bjɛcɪ		
smьrdě̀ti	czech	smrděti	ˈsmr̩ɟɛcɪ		
kǫ̑sъ	czech	kus	ˈkus		
ȍlovo	czech	olovo	ˈolovo		
lьgъkъ	czech	lehký	ˈlɛxkiː		
glǫbòkъ	czech	hluboký	ˈɦlubokiː		
kremy	czech	křemen	ˈkr̝̊ɛmɛn		
ot	czech	od(e)	ˈodɛ		
dětę	czech	dítě	ˈɟiːcɛ		
pȅpelъ	czech	popel	ˈpopɛl		
krěpъ	czech	křepý	ˈkr̝ɛpiː		
moldenьcь	czech	mládenec	ˈmlaːdɛnɛt͡s		
osìna	czech	osa	ˈosa		
kyjь	czech	kyj	ˈkɪj		
rāčìti	czech	ráčiti	ˈraːt͡ʃɪcɪ		
medju	czech	mezi	ˈmɛzɪ		
godъ	czech	hod	ˈɦot		
gȏstь	czech	host	ˈɦost		
bьbrъ	czech	bobr	ˈbobr̩		
edinakъ	czech	jedinaký	ˈjɛdɪnakiː		
vьrstva	czech	vrstva	ˈvr̩stva		
znàti	czech	znáti	ˈznaːcɪ		
osà	czech	vosa	ˈvosa		
čermъša	czech	střemcha	ˈstr̝̊ɛmxa		
dāvìti	czech	dáviti	ˈdaːvɪtɪ		
plàvati	czech	plavati	ˈplavatɪ		
žьltъ	czech	žlutý	ˈʒlutiː		
pòlxъ	czech	plachý	ˈplaxiː		
kotìti sę	czech	kotiti se	ˈkocɪtɪ sɛ		
ěža	czech	jez	ˈjɛs		
česàti	czech	česati	ˈt͡ʃɛsatɪ		
kȏlsъ	czech	klas	ˈklas		
sь̑rdьce	czech	srdce	ˈsr̩t͡sɛ		
gvozdь	czech	hvozd	ˈɦvost		
blekota	czech	blekot	ˈblɛkot		
kolta	czech	klát	ˈklaːt		
ěra	czech	jaro	ˈjaro		
mijati	czech	míjeti	ˈmiːjɛcɪ		
prijatelь	czech	přítel	ˈpr̝̊iːtɛl		
otjьtnǫti	czech	octnouti se	ˈot͡stnou̯cɪ sɛ		
rę̑dъ	czech	řad	ˈr̝at		
slàbъ	czech	slabý	ˈslabiː		
karati	czech	kárati	ˈkaːratɪ		
pȏlzъ	czech	plaz	ˈplas		
kuzn̨a	czech	kuzňa	ˈkuzɲa		
degъtь	czech	dehet	ˈdɛɦɛt		
pь̀sъ	czech	pes	ˈpɛs		
pelenà	czech	plena	ˈplɛna		
podòba	czech	podoba	ˈpodoba		
xromъ	czech	chromý	ˈxromiː		
ovь̀sъ	czech	oves	ˈovɛs		
svě̑tъ	czech	svět	ˈsvjɛt		
bojь	czech	boj	ˈboj		
zijati	czech	zeti	ˈzɛcɪ		
krajь	czech	kraj	ˈkraj		
bỳstrъ	czech	bystrý	ˈbɪstriː		
stergti	czech	stříci	ˈstr̝iːt͡sɪ		
mȇdъ	czech	med	ˈmɛt		
sérn̨ь	czech	střín	ˈstr̝̊iːn		
sluti	czech	slouti	ˈslou̯cɪ		
čerpti	czech	čříti	ˈt͡ʃr̝iːcɪ		
kry	czech	krev	ˈkrɛv		
solovikъ	czech	slavík	ˈslaviːk		
mǭtìti	czech	moutiti	ˈmou̯cɪtɪ		
gȍr̨e	czech	hoře	ˈɦor̝ɛ		
mъxъ	czech	mech	ˈmɛx		
žìti	czech	žíti	ˈʒiːcɪ		
korỳto	czech	koryto	ˈkorɪto		
tędzati	czech	tázati se	ˈtaːzacɪ sɛ		
līcè	czech	líce	ˈliːt͡sɛ		
brodìti	czech	broditi	ˈbroɟɪtɪ		
soltina	czech	slatina	ˈslacɪna		
stojati	czech	státi	ˈstaːcɪ		
sokъ	czech	sok	ˈsok		
pèlti	czech	plíti	ˈpliːcɪ		
libivъ	czech	libový	ˈlɪboviː		
dęglь	czech	děhel	ˈɟɛɦɛl		
plástъ	czech	plást	ˈplaːst		
studènъ	czech	studený	ˈstudɛniː		
aščerъ	czech	ještěr	ˈjɛʃcɛr		
xȏdъ	czech	chod	ˈxot		
otъverti	czech	otevříti	ˈotɛvr̝iːtɪ		
legti	czech	léci	ˈlɛːt͡sɪ		
drьkolь	czech	drkolí	ˈdr̩koliː		
pьcьlъ	czech	peklo	ˈpɛklo		
ežь	czech	jež	ˈjɛʃ		
čadъ	czech	čad	ˈt͡ʃat		
kъde	czech	kde	ˈɡdɛ		
kopa	czech	kopa	ˈkopa		
tęžъkъ	czech	těžký	ˈcɛʃkiː		
zьrěti	czech	zříti	ˈzr̝iːcɪ		
orь̀lъ	czech	orel	ˈorɛl		
dę̄snà	czech	dáseň	ˈdaːsɛɲ		
čermuxa	czech	střemcha	ˈstr̝̊ɛmxa		
prǫglo	czech	pruhlo	ˈpruɦlo		
ȍpako	czech	opak	ˈopak		
kozьlъ	czech	kozel	ˈkozɛl		
morъ	czech	mor	ˈmor		
nuditi	czech	nuditi	ˈnuɟɪtɪ		
kūrìti	czech	kouřiti	ˈkou̯r̝ɪcɪ		
durьnъ	czech	durný	ˈdurniː		
vȋdъ	czech	vid	ˈvɪt		
ě̑rъ	czech	jarý	ˈjariː		
ę̄trò	czech	játra	ˈjaːtra		
slìva	czech	slíva	ˈsliːva		
męknǫti	czech	měknouti	ˈmɲɛknou̯tɪ		
ȅzero	czech	jezero	ˈjɛzɛro		
davьnъ	czech	dávný	ˈdaːvniː		
gorěti	czech	horěti	ˈɦorɲɛcɪ		
palъka	czech	pálka	ˈpaːlka		
sǫ-	czech	sou-	ˈsou̯		
lъgati	czech	lháti	ˈlɦaːcɪ		
nȏsъ	czech	nos	ˈnos		
lovìti	czech	loviti	ˈlovɪtɪ		
znьjati	czech	zňat	ˈzɲat		
paxnǫti	czech	páchnouti	ˈpaːxnou̯cɪ		
vỳknǫti	czech	vyknouti	ˈvɪknou̯tɪ		
làpa	czech	tlapa	ˈtlapa		
volstь	czech	vlast'	ˈvlast		
ničati	czech	ničeti	ˈɲɪt͡ʃɛcɪ		
glístъ	czech	hlíst	ˈɦliːst		
ob	czech	o	ˈo		
lěviti	czech	leviti	ˈlɛvɪtɪ		
xvoja	czech	chvoj	ˈxvoj		
drevě	czech	dřív(e)	ˈdr̝iːvɛ		
mojь	czech	mu̥j	ˈmu		
àblъkъ	czech	jablko	ˈjabl̩ko		
lędvьja	czech	ledví	ˈlɛdviː		
nevě̀sta	czech	nevěsta	ˈnɛvjɛsta		
vysòkъ	czech	vysoký	ˈvɪsokiː		
ě̀zva	czech	jizva	ˈɪ̯ɪzva		
sòldъkъ	czech	sladký	ˈslatkiː		
devętъ	czech	devátý	ˈdɛvaːtiː		
bobrъ	czech	bobr	ˈbobr̩		
kadìdlo	czech	kadidlo	ˈkaɟɪdlo		
mȏrkъ	czech	mrak	ˈmrak		
voinъ	czech	vojín	ˈvojiːn		
soxà	czech	socha	ˈsoxa		
žьvàti	czech	žváti	ˈʒvaːcɪ		
vъn	czech	v	ˈv		
dȃrъ	czech	dar	ˈdar		
belená	czech	blín	ˈbliːn		
godina	czech	hodina	ˈɦoɟɪna		
ǫgorь	czech	úhoř	ˈuːɦor̝̊		
ledva	czech	jedva	ˈjɛdva		
śěrъ	czech	šerý	ˈʃɛriː		
dāvàti	czech	dávati	ˈdaːvatɪ		
protivǫ	czech	proti	ˈprocɪ		
syrovъ	czech	surový	ˈsuroviː		
pra	czech	pro-	ˈpro		
golgolъ	czech	hlahol	ˈɦlaɦol		
kortъkъ	czech	krátký	ˈkraːtkiː		
obuti	czech	obouti	ˈobou̯cɪ		
korica	czech	skořice	ˈskor̝ɪt͡sɛ		
rě̄kà	czech	řeka	ˈr̝ɛka		
mykati	czech	mykati	ˈmɪkatɪ		
pǫčati	czech	pučeti	ˈput͡ʃɛcɪ		
prȏstъ	czech	prostý	ˈprostiː		
kolti	czech	kláti	ˈklaːcɪ		
osь̀lъ	czech	osel	ˈosɛl		
žę̄dàti	czech	žádati	ˈʒaːdatɪ		
modliti	czech	modliti se	ˈmodlɪtɪ sɛ		
čùti	czech	číti	ˈt͡ʃiːcɪ		
pь̑rstь	czech	prst'	ˈpr̩st		
bьrgъ	czech	brh	ˈbr̩x		
kȏstь	czech	kost	ˈkost		
paznogъtь	czech	pazneht	ˈpaznɛxt		
kypě̀ti	czech	kypěti	ˈkɪpjɛcɪ		
gonìti	czech	honiti	ˈɦoɲɪtɪ		
mьžiti	czech	mžíti	ˈmʒiːcɪ		
drъ̏vo	czech	drvo	ˈdr̩vo		
xabiti	czech	chabiti	ˈxabɪtɪ		
dē̌žà	czech	díž	ˈɟiːʃ		
golotь	czech	"holot'	 holot"	ˈɦolot ˈt ɦoɦolot		
vy-	czech	vy-	ˈvɪ		
dàti	czech	dáti	ˈdaːcɪ		
elenь	czech	jelen	ˈjɛlɛn		
stỳdnǫti	czech	stydnouti	ˈstɪdnou̯tɪ		
kъrkati	czech	krkati	ˈkr̩katɪ		
dvojь	czech	dvojí	ˈdvojiː		
dъxnǫti	czech	d(e)chnouti	ˈdɛt͡sɛxnou̯cɪ		
sòlma	czech	sláma	ˈslaːma		
otьcь	czech	otec	ˈotɛt͡s		
tě̑sto	czech	těsto	ˈcɛsto		
ěxati	czech	jechati	ˈjɛxatɪ		
čìstiti	czech	čistiti	ˈt͡ʃɪscɪtɪ		
vy	czech	vy	ˈvɪ		
mьrznǫti	czech	mrznouti	ˈmr̩znou̯tɪ		
klasti	czech	klásti	ˈklaːscɪ		
osnòvā	czech	osnova	ˈosnova		
avьnъ	czech	jevný	ˈjɛvniː		
glazъ	czech	hlaz	ˈɦlas		
dętelъ	czech	datel	ˈdatɛl		
židъkъ	czech	židký	ˈʒɪtkiː		
l̨ubъ	czech	libý	ˈlɪbiː		
orě̀xъ	czech	ořech	ˈor̝ɛx		
norà	czech	nora	ˈnora		
gǫžьva	czech	houžev	ˈɦou̯ʒɛf		
xorniti	czech	chrániti	ˈxraːɲɪtɪ		
snъxà	czech	snacha	ˈsnaxa		
puxnǫti	czech	puchnouti	ˈpuxnou̯tɪ		
melti	czech	mlíti	ˈmliːcɪ		
pьxati	czech	pcháti	ˈpxaːcɪ		
pustìti	czech	pustiti	ˈpuscɪtɪ		
ězda	czech	jízda	ˈjiːzda		
ěro	czech	jaro	ˈjaro		
glȗxъ	czech	hluchý	ˈɦluxiː		
mokrъ	czech	mokrý	ˈmokriː		
tě̀mę	czech	témě	ˈtɛːmɲɛ		
čarъ	czech	čáry	ˈt͡ʃaːrɪ		
palica	czech	palice	ˈpalɪt͡sɛ		
zъvati	czech	zváti	ˈzvaːcɪ		
krě̀slo	czech	křeslo	ˈkr̝̊ɛslo		
kórtъ	czech	krát	ˈkraːt		
dę̄snò	czech	dáseň	ˈdaːsɛɲ		
žę̀tva	czech	žatva	ˈʒatva		
minovati	czech	minovati	ˈmɪnovatɪ		
mę̑so	czech	maso	ˈmaso		
slȗxъ	czech	sluch	ˈslux		
ěrina	czech	jařina	ˈjar̝ɪna		
gъnǫti	czech	hnouti	ˈɦnou̯cɪ		
pri	czech	při	ˈpr̝̊ɪ		
lišiti	czech	lišiti	ˈlɪʃɪcɪ		
zȏbь	czech	zob	ˈzop		
velkti	czech	vléci	ˈvlɛːt͡sɪ		
čь̑stь	czech	čest	ˈt͡ʃɛst		
dьrzъ	czech	drzý	ˈdr̩ziː		
sušìti	czech	sušiti	ˈsuʃɪcɪ		
rodìti	czech	roditi	ˈroɟɪtɪ		
materьstvo	czech	materstvo	ˈmatɛrstvo		
bèrza	czech	bříza	ˈbr̝iːza		
lě̑vъ	czech	levý	ˈlɛviː		
serdà	czech	středa	ˈstr̝̊ɛda		
nogà	czech	noha	ˈnoɦa		
lь̑stь	czech	lest	ˈlɛst		
viti	czech	víti	ˈviːcɪ		
sětь	czech	sít'	ˈsiːt		
jūxà	czech	jícha	ˈjiːxa		
àblonь	czech	jabloň	ˈjabloɲ		
drevьnь	czech	dřevný	ˈdr̝ɛvniː		
nukati	czech	nukat'	ˈnukat		
bolniti	czech	blenovati	ˈblɛnovatɪ		
gornъ	czech	hrany	ˈɦranɪ		
že	czech	že	ˈʒɛ		
ȁgoda	czech	jahoda	ˈjaɦoda		
stàti	czech	státi se	ˈstaːcɪ sɛ		
dỳmъ	czech	dým	ˈdiːm		
krotъkъ	czech	krotký	ˈkrotkiː		
vỳgъn̨ь	czech	výheň	ˈviːɦɛɲ		
sèdmъ	czech	sedmý	ˈsɛdmiː		
puxlъ	czech	pouchlý	ˈpou̯xliː		
nòžь	czech	nu̥ž	ˈnu		
grubъ	czech	hrubý	ˈɦrubiː		
kaziti	czech	kaziti	ˈkazɪtɪ		
mȋgъ	czech	mih	ˈmɪx		
erębъkъ	czech	jeřáb	ˈjɛr̝aːp		
luščiti	czech	luštiti	ˈluʃcɪtɪ		
drevje	czech	dřív(e)	ˈdr̝iːvɛ		
vojьna	czech	vojna	ˈvojna		
lъbъ	czech	lebka	ˈlɛpka		
grǫbъ	czech	hrubý	ˈɦrubiː		
vъnùkъ	czech	vnuk	ˈvnuk		
cě̄nìti	czech	ceniti	ˈt͡sɛɲɪtɪ		
sъ̏lnьce	czech	slunce	ˈslunt͡sɛ		
korba	czech	krabuše	ˈkrabuʃɛ		
stě̀nь	czech	stín	ˈsciːn		
glàdъkъ	czech	hladký	ˈɦlatkiː		
lemešь	czech	lemeš	ˈlɛmɛʃ		
ězgarь	czech	ježdík	ˈjɛʒɟiːk		
vòn̨a	czech	vůňe	ˈvuːɲɛ		
vьsь	czech	ves	ˈvɛs		
prъskati	czech	prskati	ˈpr̩skatɪ		
bȁsn̨a	czech	báseň	ˈbaːsɛɲ		
čȇrpъ	czech	(s)třep	ˈststr̝̊ɛp		
mǫ́drъ	czech	moudrý	ˈmou̯driː		
grozdьnъ	czech	hrozen	ˈɦrozɛn		
ęčьmy	czech	ječmen	ˈjɛt͡ʃmɛn		
mǫ̀čiti	czech	mučiti	ˈmut͡ʃɪtɪ		
orǫdьje	czech	orudí	ˈoruɟiː		
tьlěti	czech	tlíti	ˈtliːcɪ		
xomǫtъ	czech	chomout	ˈxomou̯t		
čȋnъ	czech	čin	ˈtʃɪn		
mižati	czech	mžeti	ˈmʒɛcɪ		
tekti	czech	téci	ˈtɛːt͡sɪ		
sǫditi	czech	souditi	ˈsou̯ɟɪtɪ		
pęti	czech	pnouti	ˈpnou̯cɪ		
esètrъ	czech	jeseter	ˈjɛsɛtɛr		
grǫziti	czech	hroužiti	ˈɦrou̯ʒɪtɪ		
polìca	czech	police	ˈpolɪt͡sɛ		
ebàti	czech	jebati	ˈjɛbatɪ		
xvorstьje	czech	chrastí	ˈxrasciː		
červьje	czech	třevo	ˈtr̝̊ɛvo		
ěždžь	czech	ježdík	ˈjɛʒɟiːk		
věděti	czech	věděti	ˈvjɛɟɛcɪ		
driskati	czech	dřístati	ˈdr̝iːstatɪ		
nòvъ	czech	nový	ˈnoviː		
brìtva	czech	břitva	ˈbr̝ɪtva		
bě̄dà	czech	bída	ˈbiːda		
blějati	czech	bleti	ˈblɛcɪ		
lędvьje	czech	ledví	ˈlɛdviː		
tęti	czech	títi	ˈciːcɪ		
blьščati	czech	blyštěti	ˈblɪʃcɛcɪ		
piskalъ	czech	piskoř	ˈpɪskor̝̊		
pelna	czech	plena	ˈplɛna		
lopàta	czech	lopata	ˈlopata		
jьmàti	czech	jímati	ˈjiːmatɪ		
sèdmь	czech	sedm	ˈsɛdm̩		
juže	czech	již	ˈjɪʃ		
gǫgnati	czech	huhňati	ˈɦuɦɲatɪ		
sadìti	czech	saditi	ˈsaɟɪtɪ		
dьrpati	czech	drpati	ˈdr̩patɪ		
rosà	czech	rosa	ˈrosa		
gaditi	czech	haditi	ˈɦaɟɪtɪ		
grozà	czech	hru̥za	ˈɦru		
čerěnь	czech	čeřen	ˈt͡ʃɛr̝ɛn		
sȃdъ	czech	sad	ˈsat		
dě̀dъ	czech	děd	ˈɟɛt		
lunà	czech	luna	ˈluna		
rebrò	czech	žebro	ˈʒɛbro		
jь̑go	czech	jho	ˈjɦo		
mьn̨ьjь	czech	menší	ˈmɛnʃiː		
grǫ̀da	czech	hrouda	ˈɦrou̯da		
làskati	czech	laskati	ˈlaskatɪ		
olni	czech	loni	ˈloɲɪ		
vьlgъkъ	czech	vlhký	ˈvl̩xkiː		
spě̀ti	czech	spěti	ˈspjɛcɪ		
mě̄zgà	czech	míza	ˈmiːza		
ne	czech	ne	ˈnɛ		
verslò	czech	povříslo	ˈpovr̝iːslo		
polъ	czech	pu̥l	ˈpu		
telktì	czech	tlouci	ˈtlou̯t͡sɪ		
a	czech	a	ˈa		
lěgati	czech	lehati	ˈlɛɦatɪ		
līzàti	czech	lízati	ˈliːzacɪ		
slȍvo	czech	slovo	ˈslovo		
doltò	czech	dláto	ˈdlaːto		
strъjь	czech	strýc	ˈstriːt͡s		
gubìti	czech	hubiti	ˈɦubɪtɪ		
jùgъ	czech	jih	ˈjɪx		
krǫtiti	czech	kroutiti	ˈkrou̯cɪtɪ		
orbòta	czech	robota	ˈrɔbɔta		
kysati	czech	kysati	ˈkɪsatɪ		
košer̨a	czech	košár	ˈkoʃaːr		
prosìti	czech	prositi	ˈprosɪtɪ		
elbǭtь	czech	labut'	ˈlabut		
bydlo	czech	bydlo	ˈbɪdlo		
làjati	czech	láti	ˈlaːcɪ		
mьstiti	czech	mstíti	ˈmsciːcɪ		
korìti	czech	kořiti se	ˈkor̝ɪcɪ sɛ		
ostrъ	czech	ostrý	ˈostriː		
korà	czech	kůra	ˈkuːra		
kъ	czech	k(e/u)	ˈkɛjɛ		
rovъ	czech	rov	ˈrof		
àsъtrę̄bъ	czech	jestřáb	ˈjɛstr̝̊aːp		
kruxъ	czech	kruch	ˈkrux		
blǭdìti	czech	blouditi	ˈblou̯ɟɪtɪ		
pě́stъ	czech	píst	ˈpiːst		
mèrža	czech	mříže	ˈmr̝iːʒɛ		
čermъxa	czech	střemcha	ˈstr̝̊ɛmxa		
gruda	czech	hrouda	ˈɦrou̯da		
lūčà	czech	louče	ˈlou̯t͡ʃɛ		
palьcь	czech	palec	ˈpalɛt͡s		
želěti	czech	želeti	ˈʒɛlɛcɪ		
piskorь	czech	piskoř	ˈpɪskor̝̊		
krojiti	czech	krojiti	ˈkrojɪtɪ		
zьjati	czech	zeti	ˈzɛcɪ		
màslo	czech	máslo	ˈmaːslo		
òrdlo	czech	rádlo	ˈraːdlo		
kašьlь	czech	kašel	ˈkaʃɛl		
bordatъ	czech	bradatý	ˈbradatiː		
gńìti	czech	hníti	ˈɦɲiːcɪ		
sỳtъjь	czech	sytý	ˈsɪtiː		
spě̑xъ	czech	spěch	ˈspjɛx		
ěskarъ	czech	ježdík	ˈjɛʒɟiːk		
pьzděti	czech	bzdíti	ˈbzɟiːcɪ		
vь̀lna	czech	vlna	ˈvl̩na		
nicь	czech	nicí	ˈɲɪt͡siː		
lytъka	czech	lýtko	ˈliːtko		
golota	czech	holota	ˈɦolota		
i	czech	i	ˈɪ		
tȗkъ	czech	tuk	ˈtuk		
kyvati	czech	kývati	ˈkiːvatɪ		
mǫ̀ka	czech	muka	ˈmuka		
sě̀mę	czech	símě	ˈsiːmɲɛ		
lemexъ	czech	lemech	ˈlɛmɛx		
dьrgati	czech	drhati	ˈdr̩ɦatɪ		
dь̀lgъ	czech	dlouhý	ˈdlou̯ɦiː		
mỳti	czech	mýti	ˈmiːcɪ		
koltiti	czech	klátiti	ˈklaːcɪtɪ		
bagno	czech	bahno	ˈbaɦnɔ		
ǫ́sъ	czech	vous	ˈvou̯s		
olьša	czech	olše	ˈolʃɛ		
mь̀rtvъ	czech	mrtvý	ˈmr̩tviː		
lìpa	czech	lípa	ˈliːpa		
cěvьnica	czech	cevnice	ˈt͡sɛvɲɪt͡sɛ		
lęcati	czech	lekati	ˈlɛkatɪ		
tьla	czech	tlo	ˈtlo		
ȅzerъ	czech	jezero	ˈjɛzɛro		
òrtajь	czech	rataj	ˈrataj		
tesla	czech	tesla	ˈtɛsla		
čàsъ	czech	čas	ˈt͡ʃas		
pavorzъ	czech	provaz	ˈprovas		
klěšča	czech	kleště	ˈklɛʃcɛ		
tręsti	czech	třásti	ˈtr̝aːscɪ		
emelo	czech	jmelí	ˈjmɛliː		
akъ	czech	jaký	ˈjakiː		
dȗxъ	czech	duch	ˈdux		
rìnǫti	czech	řinouti se	ˈr̝ɪnou̯cɪ sɛ		
kǫpina	czech	kupina	ˈkupɪna		
pь̑lstь	czech	plst'	ˈplst		
krȋkъ	czech	křik	ˈkr̝̊ɪk		
pràvъ	czech	pravý	ˈpraviː		
pàmętь	czech	pamět'	ˈpamɲɛt		
bezъ	czech	bez	ˈbɛs		
gъ̑rdъ	czech	hrdý	ˈɦr̩diː		
žezlъ	czech	žezlo	ˈʒɛzlo		
mestì	czech	mésti	ˈmɛːscɪ		
či	czech	či	ˈt͡ʃɪ		
norvь	czech	mrav	ˈmraf		
skorà	czech	skůra	ˈskuːra		
pīščàti	czech	pískati	ˈpiːskatɪ		
kurenьje	czech	kouření	ˈkou̯r̝ɛɲiː		
stonъ	czech	ston	ˈston		
pȇlnъ	czech	plen	ˈplɛn		
borna	czech	brány	ˈbraːnɪ		
nȃgъ	czech	nahý	ˈnaɦiː		
ěbàti	czech	jebati	ˈjɛbatɪ		
činìti	czech	činiti	ˈt͡ʃɪɲɪtɪ		
mamiti	czech	mámiti	ˈmaːmɪtɪ		
bȏgъ	czech	bůh	ˈbuːx		
kara	czech	kára	ˈkaːra		
stryjь	czech	strýc	ˈstriːt͡s		
divъ	czech	div	ˈɟɪf		
bъ̑rz	czech	brzo	ˈbr̩zo		
klěščiti	czech	kleštiti	ˈklɛʃcɪtɪ		
gǫsti	czech	housti	ˈɦou̯scɪ		
mьněti	czech	mněti	ˈmɲɛcɪ		
mělь	czech	měl	ˈmɲɛl		
ūzdà	czech	uzda	ˈuzda		
niknǫti	czech	niknouti	ˈɲɪknou̯tɪ		
divьnъ	czech	divný	ˈɟɪvniː		
glьjь	czech	gl'ej	ˈɡl̩jɛj		
rě̑čь	czech	řeč	ˈr̝ɛt͡ʃ		
drȗgъ	czech	druh	ˈdrux		
bliskъ	czech	blisk	ˈblɪsk		
ǫzъkъ	czech	úzký	ˈuːskiː		
snuti	czech	snouti	ˈsnou̯cɪ		
volsti	czech	vlásti	ˈvlaːscɪ		
esmь	czech	jsem	ˈjsɛm		
krъvьnъ	czech	krevní	ˈkrɛvɲiː		
podъ	czech	pod(e)	ˈpodɛ		
dȅsętь	czech	deset	ˈdɛsɛt		
drǫ́kъ	czech	drouk	ˈdrou̯k		
nȅbo	czech	nebe	ˈnɛbɛ		
bujьnъ	czech	bujný	ˈbujniː		
groziti	czech	hroziti	ˈɦrozɪtɪ		
stàviti	czech	staviti	ˈstavɪtɪ		
čìstъ	czech	čistý	ˈt͡ʃɪstiː		
sněgъ	czech	sníh	ˈsɲiːx		
vòlga	czech	vláha	ˈvlaːɦa		
sě̀verъ	czech	sever	ˈsɛvɛr		
dvòrъ	czech	dvůr	ˈdvuːr		
krovъ	czech	krov	ˈkrof		
sě̄dló	czech	sídlo	ˈsiːdlo		
tỳsęti	czech	tisíc	ˈcɪsiːt͡s		
vortìti	czech	vrátiti	ˈvraːcɪtɪ		
sęgti	czech	dosíci	ˈdosiːt͡sɪ		
pь̀strъ	czech	pestrý	ˈpɛstriː		
kъr̨ь	czech	keř	ˈkɛr̝̊		
bìti	czech	bít	ˈbiːt		
drobězga	czech	drobesk	ˈdrobɛsk		
jьkrà	czech	jikra	ˈjɪkra		
xlǫdъ	czech	chloud	ˈxlou̯t		
rǫ̑bъ	czech	rub	ˈrup		
gràdъ	czech	hrady	ˈɦradɪ		
zar̨à	czech	záře	ˈzaːr̝ɛ		
kropiti	czech	kropiti	ˈkropɪtɪ		
lȏjь	czech	lu̥j	ˈlu		
lě̑sъ	czech	les	ˈlɛs		
vȏlsъ	czech	vlas	ˈvlas		
glěnъ	czech	hlen	ˈɦlɛn		
jьnogъ	czech	noh	ˈnox		
vě̀ra	czech	víra	ˈviːra		
rokъ	czech	rok	ˈrok		
bě̄dìti	czech	bíditi	ˈbiːɟɪtɪ		
beleniti	czech	blenovati	ˈblɛnovatɪ		
lǫkàvъ	czech	lukavý	ˈlukaviː		
pь̑nь	czech	peň	ˈpɛɲ		
pǫpъ	czech	pupek	ˈpupɛk		
polè̌no	czech	poleno	ˈpolɛno		
osmъ	czech	osmý	ˈosmiː		
solnъ	czech	slaný	ˈslaniː		
bytьje	czech	byt́	ˈbɪt		
smȏrdъ	czech	smrad	ˈsm̩rat		
drobězgъ	czech	drobesk	ˈdrobɛsk		
dérnъ	czech	dřín	ˈdr̝iːn		
za	czech	za	ˈza		
podъ̀šьva	czech	podešev	ˈpodɛʃɛf		
brьdnǫti	czech	břednouti	ˈbr̝ɛdnou̯tɪ		
lěpiti	czech	lepiti	ˈlɛpɪtɪ		
blizna	czech	blizna	ˈblɪzna		
xvórstъ	czech	chrast	ˈxrast		
dȏmъ	czech	du̥m	ˈdu		
sě̀ti	czech	síti	ˈsiːcɪ		
dьnьsь	czech	dnes	ˈdnɛs		
drobìti	czech	drobiti	ˈdrobɪtɪ		
vě̀trъ	czech	vítr	ˈviːtr̩		
pàra	czech	pára	ˈpaːra		
xȏldъ	czech	hlad	ˈɦlat		
pěsъ̀kъ	czech	písek	ˈpiːsɛk		
estь	czech	jest	ˈjɛst		
virъ	czech	vír	ˈviːr		
grě́xъ	czech	hřích	ˈɦr̝iːx		
kъto	czech	kdo	ˈɡdo		
ękati	czech	jekati	ˈjɛkatɪ		
kъn	czech	k(e/u)	ˈkɛjɛ		
bàviti	czech	baviti	ˈbavɪtɪ		
tǭgà	czech	touha	ˈtou̯ɦa		
ězъ	czech	jez	ˈjɛs		
jьměti	czech	míti	ˈmiːcɪ		
pъlkъ	czech	pluk	ˈpluk		
protivъ	czech	proti	ˈprocɪ		
stòlъ	czech	stu̥l	ˈstu		
mъšica	czech	mšice	ˈmʃɪt͡sɛ		
dajati	czech	dajati	ˈdajatɪ		
lemežь	czech	lemeš	ˈlɛmɛʃ		
grę̄dà	czech	hřada	ˈɦr̝ada		
strǫkъ	czech	struk	ˈstruk		
bry	czech	brva	ˈbr̩va		
vъ	czech	v	ˈv		
kolo	czech	kolo	ˈkolo		
dȃnь	czech	daň	ˈdaɲ		
pǫpъkъ	czech	pupek	ˈpupɛk		
polvъ	czech	plavý	ˈplaviː		
nevodъ	czech	nevod	ˈnɛvot		
perti	czech	příti se	ˈpr̝̊iːcɪ sɛ		
mě̑sìti	czech	mísiti	ˈmiːsɪcɪ		
surovъ	czech	surový	ˈsuroviː		
sъpati	czech	spáti	ˈspaːcɪ		
lǭčìti	czech	loučiti	ˈlou̯t͡ʃɪcɪ		
drobьnъ	czech	drobný	ˈdrobniː		
želǫdъkъ	czech	žaludek	ˈʒaludɛk		
glezna	czech	hlezen	ˈɦlɛzɛn		
rȏgъ	czech	roh	ˈrox		
bъděti	czech	bdíti	ˈbɟiːtɪ		
pь̀lnъ	czech	plný	ˈpl̩niː		
mě̀dь	czech	měd'	ˈmɲɛt		
tȗrъ	czech	tur	ˈtur		
želza	czech	žláza	ˈʒlaːza		
stìgnǫti	czech	stihnouti	ˈscɪɦnou̯tɪ		
kǫsati	czech	kousati	ˈkou̯satɪ		
těsnъ	czech	těsný	ˈcɛsniː		
gъrbъ	czech	hrb	ˈɦr̩p		
krakati	czech	krákati	ˈkraːkatɪ		
bliskati	czech	blýskati (se)	ˈbliːskatɪ ˈ ˈsɛsɛ		
byvati	czech	bývati	ˈbiːvatɪ		
per	czech	prě-	ˈpr̩ɲɛ		
elenъ	czech	jelen	ˈjɛlɛn		
gověti	czech	hověti	ˈɦovjɛcɪ		
strycь	czech	strýc	ˈstriːt͡s		
àblъka	czech	jablko	ˈjabl̩ko		
zębnǫti	czech	zábnouti	ˈzaːbnou̯cɪ		
māxàti	czech	máchati	ˈmaːxatɪ		
doba	czech	doba	ˈdoba		
žalь	czech	žal	ˈʒal		
bronъ	czech	broný	ˈbroniː		
àblъko	czech	jablko	ˈjabl̩ko		
ǭtròba	czech	útroba	ˈuːtroba		
òrmę	czech	rámě	ˈraːmɲɛ		
zīmà	czech	zima	ˈzɪma		
mȃmъ	czech	mam	ˈmam		
čьrvь	czech	červ	ˈt͡ʃɛrf		
bìtva	czech	bitva	ˈbɪtva		
tỳsǫti	czech	tisíc	ˈcɪsiːt͡s		
pьšenò	czech	pšeno	ˈpʃɛno		
bỳti	czech	býti	ˈbiːcɪ		
strьžьnь	czech	stržeň	ˈstr̩ʒɛɲ		
blistati	czech	blýskati (se)	ˈbliːskatɪ ˈ ˈsɛsɛ		
žędьnъ	czech	žádný	ˈʒaːdniː		
dura	czech	d'oura	ˈdou̯ra		
náglъ	czech	náhlý	ˈnaːɦliː		
mě̀lъkъ	czech	mělý	ˈmɲɛliː		
dūxàti	czech	douchati	ˈdou̯xatɪ		
blě̑dъ	czech	bledý	ˈblɛdiː		
bedra	czech	bedra	ˈbɛdra		
směxъ	czech	smích	ˈsmiːx		
grivьna	czech	hřivna	ˈɦr̝ɪvna		
žegti	czech	žéci	ˈʒɛːt͡sɪ		
kъlka	czech	kelka	ˈkɛlka		
mъčati	czech	mčeti	ˈmt͡ʃɛcɪ		
dobrъ	czech	dobrý	ˈdobriː		
dъ̑lgъ	czech	dluh	ˈdlux		
maniti	czech	mámiti	ˈmaːmɪtɪ		
br̨ȗxo	czech	břicho	ˈbr̝ɪxo		
moldъ	czech	mladý	ˈmladiː		
xlě̀bъ	czech	chléb	ˈxlɛːb		
medvě̀dь	czech	medvěd	ˈmɛdvjɛt		
pȍpelъ	czech	popel	ˈpopɛl		
àstrę̄bъ	czech	jestřáb	ˈjɛstr̝̊aːp		
tučьnъ	czech	tučný	ˈtut͡ʃniː		
xvojь	czech	chvoj	ˈxvoj		
vьrsta	czech	vrstva	ˈvr̩stva		
pě̀na	czech	pěna	ˈpjɛna		
tъ	czech	ten	ˈtɛn		
àma	czech	jáma	ˈjaːma		
krūpà	czech	kroupa	ˈkroʊ̯pa		
pьrěti	czech	příti se	ˈpr̝̊iːcɪ sɛ		
glìva	czech	hlíva	ˈɦliːva		
teplъ	czech	teplý	ˈtɛpliː		
pę̑stь	czech	pěst'	ˈpjɛst		
pȍl̨e	czech	pole	ˈpolɛ		
varìti	czech	vařiti	ˈvar̝ɪcɪ		
tỳlъ	czech	týl	ˈtiːl		
krȍsno	czech	krosna	ˈkrosna		
nasъ	czech	nás	ˈnaːs		
mьrknǫti	czech	mrknouti	ˈmr̩knou̯tɪ		
oborъ	czech	obora	ˈobora		
kȃlъ	czech	kal	ˈkal		
tvȃrь	czech	tvář	ˈtvaːr̝̊		
gǫžьvь	czech	houžev	ˈɦou̯ʒɛf		
svě̄tjà	czech	svíce	ˈsviːt͡sɛ		
rъvàti	czech	rváti	ˈrvaːcɪ		
pèlva	czech	pleva	ˈplɛva		
jьlьmъ	czech	jilm	ˈjɪlm		
ty	czech	ty	ˈtɪ		
l̨ȗdъ	czech	lid	ˈlɪt		
lě̑xà	czech	lícha	ˈliːxa		
korenь	czech	kořen	ˈkor̝ɛn		
rỳdlo	czech	rydlo	ˈrɪdlo		
gǫ̀ba	czech	houba	ˈɦoʊ̯ba		
čel̨adь	czech	čeled'	ˈt͡ʃɛlɛt		
sъtȏ	czech	sto	ˈsto		
oba	czech	oba	ˈoba		
drobà	czech	droba	ˈdroba		
sȏkъ	czech	sok	ˈsok		
natь	czech	nat'	ˈnat		
česnъ	czech	česnek	ˈt͡ʃɛsnɛk		
kvě̑tъ	czech	květ	ˈkvjɛt		
ezъ	czech	jez	ˈjɛs		
ežica	czech	ježice	ˈjɛʒɪt͡sɛ		
topìti	czech	topiti	ˈtopɪtɪ		
però	czech	pero	ˈpɛro		
sě̀jati	czech	síti	ˈsiːcɪ		
vě̀jati	czech	váti	ˈvaːcɪ		
gumьnò	czech	humno	ˈɦumno		
lǫ̑gъ	czech	luh	ˈlux		
sъsàti	czech	sáti	ˈsaːcɪ		
gadati	czech	hádati	ˈɦaːdatɪ		
nogъtь	czech	nehet	ˈnɛɦɛt		
blekъ	czech	blek	ˈblɛk		
těnь	czech	tín	ˈciːn		
gāsìti	czech	hasiti	ˈɦasɪtɪ		
domovъ	czech	domový	ˈdomoviː		
mьglà	czech	mlha	ˈmɫ̩ɦa		
vědrò	czech	vědro	ˈvjɛdro		
òlkomъ	czech	lakomý	ˈlakomiː		
olbǭdь	czech	labut'	ˈlabut		
nuriti	czech	nuřiti se	ˈnur̝ɪcɪ sɛ		
bolnь	czech	blaňa	ˈblaɲa		
cě̄nà	czech	cena	ˈt͡sɛna		
otvorìti	czech	otevříti	ˈotɛvr̝iːtɪ		
suti	czech	souti	ˈsou̯cɪ		
pętъ	czech	pátý	ˈpaːtiː		
grȏmъ	czech	hrom	ˈɦrom		
poltьnò	czech	plátno	ˈplaːtno		
br̨ȗxъ	czech	břicho	ˈbr̝ɪxo		
dělati	czech	dělati	ˈɟɛlatɪ		
ȁsenъ	czech	jasan	ˈjasan		
dȅvętь	czech	devět	ˈdɛvjɛt		
stȃnъ	czech	stan	ˈstan		
osa	czech	osa	ˈosa		
kyselъ	czech	kyselý	ˈkɪsɛliː		
velьmi	czech	velmi	ˈvɛlmɪ		
minǫti	czech	minouti	ˈmɪnou̯tɪ		
nùdja	czech	nouze	ˈnou̯zɛ		
bez	czech	bez	ˈbɛs		
orz	czech	roz-	ˈros		
morà	czech	můra	ˈmuːra		
kǫ́tъ	czech	kout	ˈkou̯t		
slǫ̀ka	czech	sluka	ˈsluka		
modla	czech	modla	ˈmodla		
lože	czech	lože	ˈloʒɛ		
oriti	czech	obořiti	ˈobor̝ɪcɪ		
mimo	czech	mimo	ˈmɪmo		
lìti	czech	líti	ˈliːcɪ		
lonò	czech	lůno	ˈluːno		
dužь	czech	duží	ˈduʒiː		
sìto	czech	síto	ˈsiːto		
pìtja	czech	píce	ˈpiːt͡sɛ		
tenetò	czech	teneto	ˈtɛnɛto		
čérdъ	czech	třída	ˈtr̝̊iːda		
čьrtà	czech	črta	ˈt͡ʃr̩ta		
ȍko	czech	oko	ˈoko		
stьlati	czech	stláti	ˈstlaːcɪ		
vъnъ	czech	ven	ˈvɛn		
čerdìti	czech	tříditi	ˈtr̝iːɟɪtɪ		
mùxa	czech	moucha	ˈmou̯xa		
kỳla	czech	kýla	ˈkiːla		
vьrtě̀ti	czech	vrtěti	ˈvr̩cɛcɪ		
būčàti	czech	bučeti	ˈbut͡ʃɛcɪ		
pàǭkъ	czech	pavouk	ˈpavou̯k		
tęgъ	czech	tíha	ˈciːɦa		
bolěti	czech	boleti	ˈbolɛcɪ		
čarodějь	czech	čaroděj	ˈt͡ʃaroɟɛj		
bȏlgo	czech	blaho	ˈblaɦo		
nosìti	czech	nositi	ˈnosɪtɪ		
mьn̨e	czech	méně	ˈmɛːɲɛ		
kъlkъ	czech	kelka	ˈkɛlka		
čuditi sę	czech	čuditi se	ˈt͡ʃuɟɪtɪ sɛ		
sъlojь	czech	sloj	ˈslɔj		
pъtákъ	czech	pták	ˈptaːk		
męzdro	czech	mázdra	ˈmaːzdra		
mȍr̨e	czech	moře	ˈmor̝ɛ		
otъ	czech	od(e)	ˈodɛ		
pȇktь	czech	pec	ˈpɛts		
studìti	czech	studiti	ˈstuɟɪtɪ		
òlni	czech	laň	ˈlaɲ		
àbolnь	czech	jabloň	ˈjabloɲ		
sỳpati	czech	sypati	ˈsɪpatɪ		
bъrtь	czech	brt'	ˈbr̩t		
xoditi	czech	choditi	ˈxoɟɪtɪ		
ǫdìti	czech	uditi	ˈuɟɪtɪ		
užasъ	czech	úžas	ˈuːʒas		
jьmelo	czech	jmelí	ˈjmɛliː		
gńìda	czech	hnida	ˈɦɲɪda		
sy̑nъ	czech	syn	ˈsɪn		
drāpàti	czech	drápati	ˈdraːpatɪ		
mъrmrati	czech	mrmrati	ˈmr̩mratɪ		
kòlъ	czech	ku̥l	ˈku		
olbǭtь	czech	labut'	ˈlabut		
obětjati	czech	"oběcat	 oběcet"	ˈobjɛt͡sat o bjɛt͡sɛt͡sɛt		
sovà	czech	sova	ˈsova		
otrokъ	czech	otrok	ˈotrok		
bàjati	czech	bajeti	ˈbajɛtɪ		
pālìti	czech	páliti	ˈpaːlɪcɪ		
dòrga	czech	dráha	ˈdraːɦa		
klekotati	czech	klekotati	ˈklɛkotatɪ		
kyxati	czech	kýchati	ˈkiːxatɪ		
kozà	czech	koza	ˈkoza		
oldi	czech	lod'	ˈlot		
pǫkъ	czech	puk	ˈpuk		
belenъ	czech	blín	ˈbliːn		
plotъ	czech	plot	ˈplot		
lěnъ	czech	líný	ˈliːniː		
làska	czech	láska	ˈlaːska		
drobìna	czech	droba	ˈdroba		
orbiti	czech	robiti	ˈrobɪtɪ		
