		pięść		pjej̃ɕt͡ɕ	
pàra	polish	para	ˈpara	ˈpara	
nȏktь	polish	noc	nɔt͡s	ˈnɔt͡s	
rebrò	polish	żebro	ˈʐɛbrɔ	ˈʐɛbrɔ	
kadìdlo	polish	kadzidɫo	kaˈd͡ʑidwɔ	kaˈd͡ʑidwɔ	
gȏlsъ	polish	gɫos	ɡwɔs	ˈɡwɔs	
mę̑so	polish	mięso	ˈmʲɛ̃sɔ	ˈmʲɛw̃sɔ	
sě̀jati	polish	siać	ɕat͡ɕ	ˈɕat͡ɕ	
zěvati	polish	ziewać	ˈʑɛvat͡ɕ	ˈʑɛvat͡ɕ	
bȏrъ	polish	bór	bur	ˈbur	
glezna	polish	glozna	ˈɡlɔzna	ˈɡlɔzna	
pỳrъ	polish	perz	pɛʂ	ˈpɛʂ	
zeml̨à	polish	ziemia	ˈʑɛmʲa	ˈʑɛmʲa	
i	polish	i	i	i	
zębnǫti	polish	ziębnąć	ˈʑɛmbnɔɲt͡ɕ	ˈʑɛmbnɔɲt͡ɕ	
l̨ubъ	polish	luby	ˈlubɨ	ˈlubɨ	
čàsъ	polish	czas	t͡ʂas	ˈt͡ʂas	
nȇrstь	polish	mrzost	mʐɔst	ˈmʐɔst	
sъdòrvъ	polish	zdrowy	ˈzdrɔvɨ	ˈzdrɔvɨ	
čь̑stь	polish	cześć	t͡ʂɛɕt͡ɕ	ˈt͡ʂɛɕt͡ɕ	
ako	polish	jako	ˈjakɔ	ˈjakɔ	
černь	polish	trzon	tʂɔn	ˈtʂɔn	
bo	polish	bo	bɔ	bɔ	
kokošь	polish	kokosz	ˈkɔkɔʂ	ˈkɔkɔʂ	
grěti	polish	grzać	ɡʐat͡ɕ	ˈɡʐat͡ɕ	
kamy	polish	kamień	ˈkamʲɛɲ	ˈkamʲɛɲ	
pǫkъ	polish	pęk	pɛŋk	ˈpɛŋk	
lonò	polish	ɫono	ˈwɔnɔ	ˈwɔnɔ	
ěrъ	polish	jary	ˈjarɨ	ˈjarɨ	
voldati	polish	wɫadać	ˈvwadat͡ɕ	ˈvwadat͡ɕ	
làziti	polish	ɫazić	ˈwaʑit͡ɕ	ˈwaʑit͡ɕ	
dь̑nь	polish	dzień	d͡ʑɛɲ	ˈd͡ʑɛɲ	
dòrga	polish	droga	ˈdrɔɡa	ˈdrɔɡa	
glǫbòkъ	polish	gɫęboki	ɡwɛmˈbɔkʲi	ɡwɛmˈbɔkʲi	
lě̑pъ	polish	lep	lɛp	ˈlɛp	
maniti	polish	mamić	ˈmamʲit͡ɕ	ˈmamʲit͡ɕ	
mogtь	polish	moc	mɔt͡s	ˈmɔt͡s	
okъnò	polish	okno	ˈɔknɔ	ˈɔknɔ	
medvě̀dь	polish	miedźwiedź	ˈmʲɛd͡ʑvʲɛt͡ɕ	ˈmʲɛd͡ʑvʲɛt͡ɕ	
gorьjь	polish	gorszy	ˈɡɔrʂɨ	ˈɡɔrʂɨ	
drъ̏vo	polish	drwa	drva	ˈdrva	
sanь	polish	sanie	ˈsaɲɛ	ˈsaɲɛ	MM
čèznǫti	polish	czeznąć	ˈt͡ʂɛznɔɲt͡ɕ	ˈt͡ʂɛznɔɲt͡ɕ	
tretь	polish	trzeci	ˈtʂɛt͡ɕi	ˈtʂɛt͡ɕi	
pręsti	polish	prząść	pʂɔ̃ɕt͡ɕ	ˈpʂɔw̃ɕt͡ɕ	
àblъka	polish	jabɫko	ˈjabwkɔ	ˈjabwkɔ	
zěnica	polish	źrenica	ʑrɛˈɲit͡sa	ʑrɛˈɲit͡sa	
àbolnь	polish	jabɫoń	ˈjabwɔɲ	ˈjabwɔɲ	
kogъda	polish	kiedy	ˈkʲɛdɨ	ˈkʲɛdɨ	
sérn̨ь	polish	szron	ʂrɔn	ˈʂrɔn	
směxъ	polish	śmiech	ɕmʲɛx	ˈɕmʲɛx	
gojiti	polish	goić	ˈɡɔit͡ɕ	ˈɡɔit͡ɕ	goić
letěti	polish	lecieć	ˈlɛt͡ɕɛt͡ɕ	ˈlɛt͡ɕɛt͡ɕ	
ǫdìti	polish	wędzić	ˈvɛɲd͡ʑit͡ɕ	ˈvɛɲd͡ʑit͡ɕ	
tvь̑rdъ	polish	twardy	ˈtfardɨ	ˈtfardɨ	
orǫdьje	polish	orędzie	ɔˈrɛɲd͡ʑɛ	ɔˈrɛɲd͡ʑɛ	
ězda	polish	jazda	ˈjazda	ˈjazda	
blǫ̑dъ	polish	bɫąd	bwɔnt	ˈbwɔnt	
bȏrvъ	polish	browek	ˈbrɔvɛk	ˈbrɔvɛk	
kȃlъ	polish	kaɫ	kaw	ˈkaw	
osьla	polish	oseɫka	ɔˈsɛwka	ɔˈsɛwka	
mỳti	polish	myć	mɨt͡ɕ	ˈmɨt͡ɕ	
lěpiti	polish	lepić	ˈlɛpʲit͡ɕ	ˈlɛpʲit͡ɕ	
slimakъ	polish	ślimak	ˈɕlʲimak	ˈɕlʲimak	
ledva	polish	ledwo	ˈlɛdvɔ	ˈlɛdvɔ	
vъ̑šь	polish	wesz	vɛʂ	ˈvɛʂ	
vьčera	polish	wczoraj	ˈft͡ʂɔraj	ˈft͡ʂɔraj	
děliti	polish	dzielić	ˈd͡ʑɛlʲit͡ɕ	ˈd͡ʑɛlʲit͡ɕ	
bydlo	polish	bydɫo	ˈbɨdwɔ	ˈbɨdwɔ	
korbъ	polish	kroba	ˈkrɔba	ˈkrɔba	
kyselъ	polish	kisiaɫy	kʲiˈɕawɨ	kʲiˈɕawɨ	
ȏstь	polish	ość	ɔɕt͡ɕ	ˈɔɕt͡ɕ	
ȃje	polish	jajo	ˈjajɔ	ˈjajɔ	
grǫbъ	polish	gruby	ˈɡrubɨ	ˈɡrubɨ	
pь̀sъ	polish	pies	pʲɛs	ˈpʲɛs	
lędvьje	polish	lędźwie	ˈlɛɲd͡ʑvʲɛ	ˈlɛɲd͡ʑvʲɛ	
čarъ	polish	czar	t͡ʂar	ˈt͡ʂar	
droždža	polish	drożdże	ˈdrɔʐd͡ʐɛ	ˈdrɔʐd͡ʐɛ	
my̑slь	polish	myśl	mɨɕl	ˈmɨɕl	
mỳšь	polish	mysz	mɨʂ	ˈmɨʂ	
lunà	polish	ɫuna	ˈwuna	ˈwuna	
mě̀sto	polish	miasto	ˈmʲastɔ	ˈmʲastɔ	
povorzъ	polish	powróz	ˈpɔvrus	ˈpɔvrus	
pàmętь	polish	pamięć	ˈpamʲɛɲt͡ɕ	ˈpamʲɛɲt͡ɕ	
dūrìti	polish	durzyć	ˈduʐɨt͡ɕ	ˈduʐɨt͡ɕ	
žarъ	polish	żar	ʐar	ˈʐar	
sovà	polish	sova	ˈsɔva	ˈsɔva	
lemežь	polish	lemiesz	ˈlɛmʲɛʂ	ˈlɛmʲɛʂ	
dužь	polish	duży	ˈduʐɨ	ˈduʐɨ	
sǫ̑kъ	polish	sęk	sɛŋk	ˈsɛŋk	
sy̑nъ	polish	syn	sɨn	ˈsɨn	
jь̑go	polish	jugo	ˈjuɡɔ	ˈjuɡɔ	
mestì	polish	mieść	mʲɛɕt͡ɕ	mʲɛɕt͡ɕ	
bùr̨a	polish	burza	ˈbuʐa	ˈbuʐa	
sъlàti	polish	sɫać	swat͡ɕ	swat͡ɕ	
polъ	polish	póɫ	puw	puw	
obьlъ	polish	obɫy	ˈɔbwɨ	ˈɔbwɨ	
doba	polish	doba	ˈdɔba	ˈdɔba	
nȃgъ	polish	nagi	ˈnaɡʲi	ˈnaɡʲi	
medjà	polish	miedza	ˈmʲɛd͡za	ˈmʲɛd͡za	
niknǫti	polish	niknąć	ˈɲiknɔɲt͡ɕ	ˈɲiknɔɲt͡ɕ	
vě̑no	polish	wiano	ˈvʲanɔ	ˈvʲanɔ	
gnestì	polish	gnieść	ɡɲɛɕt͡ɕ		
dȃrъ	polish	dar	dar		
stàviti	polish	stawić	ˈstavʲit͡ɕ		
tȗkъ	polish	tuk	tuk		
kǫsati	polish	kąsać	ˈkɔ̃sat͡ɕ	ˈkɔw̃sat͡ɕ	
xoldьnъ	polish	chɫodny	ˈxwɔdnɨ		
tvȃrь	polish	twarz	tfaʂ		
àsъtrę̄bъ	polish	jastrząb	ˈjastʂɔmp	ˈjastʂɔmp	
ležàti	polish	leżeć	ˈlɛʐɛt͡ɕ		
nъně	polish	ninie	ˈɲiɲɛ		
libavъ	polish	lubawy	luˈbavɨ		
čemerъ	polish	czemier	ˈt͡ʂɛmʲɛr		
korbī	polish	krobia	ˈkrɔbʲa		
krǫtiti	polish	kręcić	ˈkrɛɲt͡ɕit͡ɕ	ˈkrɛɲt͡ɕit͡ɕ	
ǫ́sъ	polish	wąs	vɔ̃s	ˈvɔw̃s	
dalь	polish	dal	dal		
zīmà	polish	zima	ˈʑima		
nǫ̀dja	polish	nędza	ˈnɛnd͡za	ˈnɛnd͡za	
palьcь	polish	palec	ˈpalɛt͡s		
pletjè	polish	plecy	ˈplɛt͡sɨ		
vьrsta	polish	wrstwa	vrstfa		
stьdzà	polish	ścieżka	ˈɕt͡ɕɛʂka		
modrъ	polish	modry	ˈmɔdrɨ		
bordlo	polish	brodɫo	ˈbrɔdwɔ		
čь̀rnъ	polish	czarny	ˈt͡ʂarnɨ		
gǫ̀ba	polish	gęba	ˈɡɛmba	ˈɡɛmba	
gorà	polish	góra	ˈɡura		
kašьl̨ati	polish	kaszlać	ˈkaʂlat͡ɕ		
smьrdě̀ti	polish	śmierdzieć	ˈɕmʲɛrd͡ʑɛt͡ɕ		
edlà	polish	jodɫa	ˈjɔdwa		
plъ̀tъ	polish	pɫet	pwɛt		
kysьlъ	polish	kisɫy	ˈkʲiswɨ		
sočìti	polish	soczyć	ˈsɔt͡ʂɨt͡ɕ		
drevje	polish	drzewiej	ˈdʐɛvʲɛj		
nāròdъ	polish	naród	ˈnarut		
però	polish	pióro	ˈpʲurɔ		
durьnъ	polish	durny	ˈdurnɨ		
dȅvętь	polish	dziewięć	ˈd͡ʑɛvʲɛɲt͡ɕ	ˈd͡ʑɛvʲɛɲt͡ɕ	
nogъtь	polish	nogieć	ˈnɔɡʲɛt͡ɕ		
pavorzъ	polish	powróz	ˈpɔvrus		
bolnь	polish	bɫona	ˈbwɔna		
sъpati	polish	spać	spat͡ɕ		
čerslò	polish	trzosɫa	ˈtʂɔswa		
kъ̀rpa	polish	karpa	ˈkarpa		
korìti	polish	korzyć się	ˈkɔʐɨt͡ɕ ɕɛ	ˈkɔʐɨt͡ɕ ɕɛ	
kъ	polish	ku	ku		
bojaznь	polish	bojaźń	ˈbɔjaʑɲ		
čelò	polish	czoɫo	ˈt͡ʂɔwɔ		
rědъkъ	polish	rzadki	ˈʐatkʲi		
moldenьcь	polish	mɫodzieniec	mwɔˈd͡ʑɛɲɛt͡s		
mǫ̀ka	polish	męka	ˈmɛŋka	ˈmɛŋka	
glazъ	polish	gɫaz	ɡwas		
gъrba	polish	garb	ɡarp		
polsà	polish	pɫosa	ˈpwɔsa		
mě̑xъ	polish	miech	mʲɛx		
vьrěti	polish	wrzeć	vʐɛt͡ɕ		
rokъ	polish	rok	rɔk		
bȏlь	polish	ból	bul		
bъ̑rz	polish	bardzo	ˈbard͡zɔ		
mỳdlo	polish	mydɫo	ˈmɨdwɔ		
netopyr'ь	polish	nietoperz	ɲɛˈtɔpɛʂ		
pȇktь	polish	piec	pʲɛt͡s		
ovь̀sъ	polish	owies	ˈɔvʲɛs		
kypě̀ti	polish	kipieć	ˈkʲipʲɛt͡ɕ		
jьlъkъ	polish	jeɫkij	ˈjɛwkʲij		
rě̑čь	polish	rzecz	ʐɛt͡ʂ		
košer̨a	polish	koszar	ˈkɔʂar		
kyslъ	polish	kisɫy	ˈkʲiswɨ		
kara	polish	kara	ˈkara		
pȏtъ	polish	pot	pɔt		
kòšь	polish	kosz	kɔʂ		
kozà	polish	koza	ˈkɔza		
morà	polish	mora	ˈmɔra		
ězgarь	polish	jażdż	jaʂt͡ʂ		
ěrъka	polish	jarka	ˈjarka		
solvьjь	polish	sɫowik	ˈswɔvʲik		
slùxati	polish	sɫuchać	ˈswuxat͡ɕ		
tьla	polish	tɫo	twɔ		
vȏlsъ	polish	wɫos	vwɔs		
mě̀lъkъ	polish	mieɫy	ˈmʲɛwɨ		
stogъ	polish	stóg	stuk		
xvorstьje	polish	chroście	ˈxrɔɕt͡ɕɛ		
xorniti	polish	chronić	ˈxrɔɲit͡ɕ		
nozdra	polish	nozdrze	ˈnɔzdʐɛ		
ęčati	polish	jęczeć	ˈjɛnt͡ʂɛt͡ɕ	ˈjɛnt͡ʂɛt͡ɕ	
libovъ	polish	lubawy	luˈbavɨ		
pīščàti	polish	piskać	ˈpʲiskat͡ɕ		
klasti	polish	kɫaść	kwaɕt͡ɕ		
sъmьrtь	polish	śmierć	ɕmʲɛrt͡ɕ		
či	polish	czy	t͡ʂɨ		
sòldъkъ	polish	sɫodki	ˈswɔtkʲi		
krěpъkъ	polish	krzepki	ˈkʂɛpkʲi		
ězъ	polish	jaz	jas		
olьsa	polish	olesie	ɔˈlɛɕɛ		
vìděti	polish	widzieć	ˈvʲid͡ʑɛt͡ɕ		
melkò	polish	mleko	ˈmlɛkɔ		
minovati	polish	minować	mʲiˈnɔvat͡ɕ		
borzdà	polish	bruzda	ˈbruzda		
blekotъ	polish	blekot	ˈblɛkɔt		
mъrky	polish	marchew	ˈmarxɛf		
tȏkъ	polish	tok	tɔk		
piskarь	polish	piskorz	ˈpʲiskɔʂ		
kolti	polish	kɫuć	kwut͡ɕ		
vъtorьnikъ	polish	wtorek	ˈftɔrɛk		
dāvàti	polish	dawać	ˈdavat͡ɕ		
solnъ	polish	sɫony	ˈswɔnɨ		
kurica	polish	kurzyca	kuˈʐɨt͡sa		
pь̀strъ	polish	pstry	pstrɨ		
màlъ	polish	maɫy	ˈmawɨ		
živòtъ	polish	żywot	ˈʐɨvɔt		
vòn̨ь	polish	woń	vɔɲ		
mь̀rtvъ	polish	martwy	ˈmartfɨ		
plàviti	polish	pɫawić	ˈpwavʲit͡ɕ		
sě̀ti	polish	siać	ɕat͡ɕ		
mùxa	polish	mucha	ˈmuxa		
jelьša	polish	olsza	ˈɔlʂa		
kobьcь	polish	kobiec	ˈkɔbʲɛt͡s		
tesla	polish	ciosɫa	ˈt͡ɕɔswa		
sěsti	polish	siąść	ɕɔ̃ɕt͡ɕ	ɕɔw̃ɕt͡ɕ	
tъ̀ščьjь	polish	czczy	t͡ʂt͡ʂɨ		
vertenò	polish	wrzeciono	vʐɛˈt͡ɕɔnɔ		
òsmь	polish	osiem	ˈɔɕɛm		
serdà	polish	środa	ˈɕrɔda		
erębъkъ	polish	jarząb	ˈjaʐɔmp	ˈjaʐɔmp	
paxnǫti	polish	pachnąć	ˈpaxnɔɲt͡ɕ	ˈpaxnɔɲt͡ɕ	
ęcati	polish	jąkać	ˈjɔŋkat͡ɕ	ˈjɔŋkat͡ɕ	
že	polish	że	ʐɛ		
bytьje	polish	bycie	ˈbɨt͡ɕɛ		
mogti	polish	móc	mut͡s		
bez	polish	bez	bɛs		
bàviti	polish	bawić	ˈbavʲit͡ɕ		
košara	polish	koszar	ˈkɔʂar		
sъporъ	polish	spór	spur		
kolta	polish	kɫota	ˈkwɔta		
gnusьnъ	polish	gnuśny	ˈɡnuɕnɨ		
borna	polish	brona	ˈbrɔna		
lȏvъ	polish	ɫów	wuf		
vỳmę	polish	wymię	ˈvɨmʲɛ	ˈvɨmʲɛ	
estь	polish	jest	jɛst		
bogàtъ	polish	bogaty	bɔˈɡatɨ		
obьtjь	polish	obcy	ˈɔpt͡sɨ		
azъ	polish	ja	ja		
ěra	polish	jar	jar		
čakati	polish	czakać	ˈt͡ʂakat͡ɕ		
vъtorъkъ	polish	wtorek	ˈftɔrɛk		
kъrkati	polish	karkać	ˈkarkat͡ɕ		
kotъ	polish	kot	kɔt		
mь̀čь	polish	miecz	mʲɛt͡ʂ		
sěkti	polish	siec	ɕɛt͡s		
kry	polish	krew	krɛf		
bèrmę	polish	brzemię	ˈbʐɛmʲɛ	ˈbʐɛmʲɛ	
xvórstъ	polish	chrust	xrust		
ȍpaky	polish	opak	ˈɔpak		
tỳlъ	polish	tyɫ	tɨw		
orkỳta	polish	rokita	rɔˈkʲita		
golěmъ	polish	golemy	ɡɔˈlɛmɨ		
brьdnǫti	polish	brnąć	brnɔɲt͡ɕ	brnɔɲt͡ɕ	
koprъ	polish	koper	ˈkɔpɛr		
blьščati	polish	bɫyszczeć	ˈbwɨʂt͡ʂɛt͡ɕ		
xorbrъ	polish	chrobry	ˈxrɔbrɨ		
kasati	polish	kasać	ˈkasat͡ɕ		
kydnǫti	polish	kinąć	ˈkʲinɔɲt͡ɕ	ˈkʲinɔɲt͡ɕ	
blьknǫti	polish	blaknąć	ˈblaknɔɲt͡ɕ	ˈblaknɔɲt͡ɕ	
vьdovà	polish	wdowa	ˈvdɔva		
tъrgati	polish	targać	ˈtarɡat͡ɕ		
bebrъ	polish	bóbr	bupr		
groziti	polish	grozić	ˈɡrɔʑit͡ɕ		
orbòta	polish	robota	rɔˈbɔta		
òrkъ	polish	rak	rak		
esetь	polish	jesieć	ˈjɛɕɛt͡ɕ		
dòl̨a	polish	dola	ˈdɔla		
kъlъ	polish	kieɫ	kʲɛw		
vòn̨a	polish	woń	vɔɲ		
korenь	polish	korzeń	ˈkɔʐɛɲ		
čìstъ	polish	czysty	ˈt͡ʂɨstɨ		
lě̑xà	polish	lecha	ˈlɛxa		
golěnь	polish	goleń	ˈɡɔlɛɲ		
pàdati	polish	padać	ˈpadat͡ɕ		
górdja	polish	grodza	ˈɡrɔd͡za		
sъxnǫti	polish	schnąć	sxnɔɲt͡ɕ	ˈsxnɔɲt͡ɕ	
męzdra	polish	mięzdra	ˈmʲɛ̃zdra	ˈmʲɛw̃zdra	
stergti	polish	strzec	stʂɛt͡s		
sьršenь	polish	szerszeń	ˈʂɛrʂɛɲ		
oràti	polish	orati	ɔˈrati		
kolě̀no	polish	kolano	kɔˈlanɔ		
bìčь	polish	bicz	bʲit͡ʂ		
ūzdà	polish	uzda	ˈuzda		
tolkà	polish	tɫoka	ˈtwɔka		
orbiti	polish	robić	ˈrɔbʲit͡ɕ		
sīdlò	polish	sidɫo	ˈɕidwɔ		
veztì	polish	wieźć	vʲɛɕt͡ɕ		
novákъ	polish	nowak	ˈnɔvak		
dъnò	polish	dno	dnɔ		
gonìti	polish	gonić	ˈɡɔɲit͡ɕ		
droždžьje	polish	drożdże	ˈdrɔʐd͡ʐɛ		
dāvìti	polish	dawić	ˈdavʲit͡ɕ		
jьkro	polish	ikra	ˈikra		
svòrka	polish	sroka	ˈsrɔka		
orlьja	polish	rola	ˈrɔla		
obětjati	polish	obiecać	ɔˈbʲɛt͡sat͡ɕ		
sìto	polish	sito	ˈɕitɔ		
gъ̑rstь	polish	garść	ɡarɕt͡ɕ		
ęti	polish	jąć	jɔɲt͡ɕ	ˈjɔɲt͡ɕ	
věděti	polish	wiedzieć	ˈvʲɛd͡ʑɛt͡ɕ		
nȅbo	polish	niebo	ˈɲɛbɔ		
nȏsъ	polish	nos	nɔs		
otъvorìti	polish	otvoriti	ɔtfɔˈrʲiti		
kvě̑tъ	polish	kwiat	kfʲat		
piskorь	polish	piskorz	ˈpʲiskɔʂ		
jьmę	polish	imię	ˈimʲɛ	ˈimʲɛ	
glumъ	polish	gɫum	ɡwum		
goditi	polish	godzić	ˈɡɔd͡ʑit͡ɕ		
sỳtъ	polish	syty	ˈsɨtɨ		
ǫ̀zlъ	polish	węzeɫ	ˈvɛ̃zɛw	ˈvɛw̃zɛw	
perkъ	polish	przeko	ˈpʂɛkɔ		
ǫtrь	polish	wewnątrz	ˈvɛvnɔntʂ	ˈvɛvnɔntʂ	
pl̨ūtjè	polish	pɫuco	ˈpwut͡sɔ		
studìti	polish	studzić	ˈstud͡ʑit͡ɕ		
vědrò	polish	wiadro	ˈvʲadrɔ		
mě̀ra	polish	miara	ˈmʲara		
mьstiti	polish	mścić	mɕt͡ɕit͡ɕ		
elenъ	polish	jeleń	ˈjɛlɛɲ		
v̀ydra	polish	wydra	ˈvɨdra		
gatь	polish	gać	ɡat͡ɕ		
olьša	polish	olsza	ˈɔlʂa		
mękъkъ	polish	miękki	ˈmʲɛŋkkʲi	ˈmʲɛŋkkʲi	
pȍpelъ	polish	popióɫ	ˈpɔpʲuw		
čìstiti	polish	czyścić	ˈt͡ʂɨɕt͡ɕit͡ɕ		
pazduxa	polish	pazucha	paˈzuxa		
porà	polish	pora	ˈpɔra		
gluma	polish	gɫum	ɡwum		
lǭčìti	polish	ɫączyć	ˈwɔnt͡ʂɨt͡ɕ	ˈwɔnt͡ʂɨt͡ɕ	
gńìda	polish	gnida	ˈɡɲida		
mьlčàti	polish	milczeć	ˈmʲilt͡ʂɛt͡ɕ		
pāxàti	polish	pachać	ˈpaxat͡ɕ		
za	polish	za	za		
vòl̨a	polish	wola	ˈvɔla		
ěždžikъ	polish	jażdż	jaʂt͡ʂ		
seló	polish	sioɫo	ˈɕɔwɔ		
kъr̨ь	polish	kierz	kʲɛʂ		
dȏmъ	polish	dom	dɔm		
l̨ubo	polish	lub	lup		
krojiti	polish	kroić	ˈkrɔit͡ɕ		
vȇrsъ	polish	wrzos	vʐɔs		
perti	polish	przeć	pʂɛt͡ɕ		
zь̀rno	polish	ziarno	ˈʑarnɔ		
stojati	polish	stać	stat͡ɕ		
vȏlkъ	polish	wɫok	vwɔk		
ni	polish	ni	ɲi		
nekъto	polish	niekto	ˈɲɛktɔ		
ěža	polish	jaz	jas		
mělь	polish	miaɫ	mʲaw		
pьrěti	polish	przeć (się)	pʂɛt͡ɕ ˈsfʲɛ	pʂɛt͡ɕ ˈsfʲɛ	
gasnǫti	polish	gasnąć	ˈɡasnɔɲt͡ɕ		
lǭkà	polish	ɫąka	ˈwɔŋka	ˈwɔŋka	
blekota	polish	blekot	ˈblɛkɔt		
ob	polish	o	ɔ		
trǫdъ	polish	trąd	trɔnt	ˈtrɔnt	
piskalъ	polish	piskorz	ˈpʲiskɔʂ		
pь̑lstь	polish	pilść	pʲilɕt͡ɕ		
xromъ	polish	chromy	ˈxrɔmɨ		
kysati	polish	kisać	ˈkʲisat͡ɕ		
àblъkъ	polish	jabɫko	ˈjabwkɔ		
nuditi	polish	nudzić	ˈnud͡ʑit͡ɕ		
šȇstъ	polish	szósty	ˈʂustɨ		
pālìti	polish	palić	ˈpalʲit͡ɕ		
rě̄kà	polish	rzeka	ˈʐɛka		
nozdr̨a	polish	nozdrze	ˈnɔzdʐɛ		
porti	polish	próć	prut͡ɕ		
sadìti	polish	sadzić	ˈsad͡ʑit͡ɕ		
davьnъ	polish	dawny	ˈdavnɨ		
metàti	polish	miotać	ˈmʲɔtat͡ɕ		
edъvà	polish	ledwo	ˈlɛdvɔ		
slàva	polish	sɫawa	ˈswava		
čermъšь	polish	trzemcha	ˈtʂɛmxa		
ot	polish	od(e)	ˈɔdɛ		
pъtákъ	polish	ptak	ptak		
bȏgъ	polish	bóg	buk		
čьxati	polish	czchać	t͡ʂxat͡ɕ		
dǭgà	polish	dęga	ˈdɛŋɡa	ˈdɛŋɡa	
sъmè̌ti	polish	śmieć	ɕmʲɛt͡ɕ		
lisìca	polish	lisica	lʲiˈɕit͡sa		
lišiti	polish	liszyć	ˈlʲiʂɨt͡ɕ		
ščenę	polish	szczenię	ˈʂt͡ʂɛɲɛ	ˈʂt͡ʂɛɲɛ	
gȍr̨e	polish	gorze	ˈɡɔʐɛ		
ūstà	polish	usta	ˈusta		
àsъtrě̄bъ	polish	jastrząb	ˈjastʂɔmp	ˈjastʂɔmp	
dàti	polish	dać	dat͡ɕ		
mijati	polish	mijać	ˈmʲijat͡ɕ		
kȏlsъ	polish	kɫos	kwɔs		
slùšati	polish	sɫuszać	ˈswuʂat͡ɕ		
vozìti	polish	wozić	ˈvɔʑit͡ɕ		
děvìca	polish	dziewica	d͡ʑɛˈvʲit͡sa		
muzgъ	polish	muzga	ˈmuzɡa		
teplъ	polish	ciepɫy	ˈt͡ɕɛpwɨ		
děl̨a	polish	dla	dla		
lьnǫti	polish	lgnąć	lɡnɔɲt͡ɕ	ˈlɡnɔɲt͡ɕ	
oskъrdъ	polish	oskard	ˈɔskart		
gъrbъ	polish	garb	ɡarp		
korỳto	polish	koryto	kɔˈrɨtɔ		
lasъ	polish	ɫasy	ˈwasɨ		
skorà	polish	skóra	ˈskura		
degъtь	polish	dziegieć	ˈd͡ʑɛɡʲɛt͡ɕ		
divьnъ	polish	dziwny	ˈd͡ʑivnɨ		
vь̀rša	polish	wiersza	ˈvʲɛrʂa		
ȏlsь	polish	ɫoś	wɔɕ		
náglъ	polish	nagɫy	ˈnaɡwɨ		
legti	polish	lec	lɛt͡s		
morъ	polish	mór	mur		
kotìti sę	polish	kocić się	ˈkɔt͡ɕit͡ɕ ɕɛ	ˈkɔt͡ɕit͡ɕ ɕɛ	
tęti	polish	ciąć	t͡ɕɔɲt͡ɕ	t͡ɕɔɲt͡ɕ	
mǭkà	polish	mąka	ˈmɔŋka	ˈmɔŋka	
òrmę	polish	ramię	ˈramʲɛ	ˈramʲɛ	
pę̑dь	polish	piędź	pʲɛɲt͡ɕ	pʲɛɲt͡ɕ	
xvorъ	polish	chory	ˈxɔrɨ		
jьgra	polish	gra	ɡra		
mara	polish	mara	ˈmara		
snuti	polish	snuć	snut͡ɕ		
paznogъtь	polish	paznokieć	pazˈnɔkʲɛt͡ɕ		
rȗdъ	polish	rudy	ˈrudɨ		
kydati	polish	kidać	ˈkʲidat͡ɕ		
pěšь	polish	pieszy	ˈpʲɛʂɨ		
sěděti	polish	siedzieć	ˈɕɛd͡ʑɛt͡ɕ		
màkъ	polish	mak	mak		
stornà	polish	strona	ˈstrɔna		
pīskàti	polish	piskać	ˈpʲiskat͡ɕ		
prijatelь	polish	przyjaciel	pʂɨˈjat͡ɕɛl		
ǭtròba	polish	wątroba	vɔnˈtrɔba	vɔnˈtrɔba	
gȏldъ	polish	gɫód	ɡwut		
sérnъ	polish	szron	ʂrɔn		
mьglà	polish	mgɫa	mɡwa		
sȏkъ	polish	sok	sɔk		
lǫčьje	polish	ɫącze	ˈwɔnt͡ʂɛ	ˈwɔnt͡ʂɛ	
ętry	polish	jątrew	ˈjɔntrɛf	ˈjɔntrɛf	
gomola	polish	gomóɫa	ɡɔˈmuwa		
smȏrdъ	polish	smród	smrut		
osnòvā	polish	osnowa	ɔsˈnɔva		
bedra	polish	biodro	ˈbʲɔdrɔ		
ȁgoda	polish	jagoda	jaˈɡɔda		
erębъ	polish	jarząb	ˈjaʐɔmp	ˈjaʐɔmp	
sunǫti	polish	sunąć	ˈsunɔɲt͡ɕ	ˈsunɔɲt͡ɕ	
klěšča	polish	kleszcze	ˈklɛʂt͡ʂɛ		
kolo	polish	koɫo	ˈkɔwɔ		
lopàta	polish	ɫopata	wɔˈpata		
sòlma	polish	sɫoma	ˈswɔma		
mě̀sęcь	polish	miesiąc	ˈmʲɛɕɔnt͡s	ˈmʲɛɕɔnt͡s	
ròjь	polish	rój	ruj		
vь̀rxъ	polish	wierzch	vʲɛʂx		
tǫ̑gъ	polish	tęgi	ˈtɛŋɡʲi	ˈtɛŋɡʲi	
lъžь	polish	ɫeż	wɛʂ		
sětь	polish	sieć	ɕɛt͡ɕ		
dęglь	polish	dzięgel	ˈd͡ʑɛŋɡɛl	ˈd͡ʑɛŋɡɛl	
dьrnǫti	polish	zadzierzgnąć	zaˈd͡ʑɛʐɡnɔɲt͡ɕ	zaˈd͡ʑɛʐɡnɔɲt͡ɕ	
pь̑nь	polish	pień	pʲɛɲ		
kòlъ	polish	kóɫ	kuw		
dętelъ	polish	dzięcioɫ	ˈd͡ʑɛɲt͡ɕɔw	ˈd͡ʑɛɲt͡ɕɔw	
polìca	polish	polica	pɔˈlʲit͡sa		
obora	polish	obora	ɔˈbɔra		
vьlgъkъ	polish	wilgi	ˈvʲilɡʲi		
stьblò	polish	źdźbɫo	ʑd͡ʑbwɔ		
pǫ̀to	polish	pęto	ˈpɛntɔ	ˈpɛntɔ	
vȏzъ	polish	wóz	vus		
l̨ūbìti	polish	lubić	ˈlubʲit͡ɕ		
motyka	polish	motyka	mɔˈtɨka		
àblъko	polish	jabɫko	ˈjabwkɔ		
žàba	polish	żaba	ˈʐaba		
niže	polish	niż	ɲiʂ		
orь̀lъ	polish	orzeɫ	ˈɔʐɛw		
četỳre	polish	cztery	ˈt͡ʂtɛrɨ		
pasti	polish	paść	paɕt͡ɕ		
čȇrpъ	polish	trzop	tʂɔp		
dvojь	polish	dwoje	ˈdvɔjɛ		
bě̑sъ	polish	bies	bʲɛs		
dę̄snò	polish	dziąsɫa	ˈd͡ʑɔ̃swa	ˈd͡ʑɔw̃swa	
mьn̨eje	polish	mniej	mɲɛj		
tě̑sto	polish	ciasto	ˈt͡ɕastɔ		
vaditi	polish	wadzić	ˈvad͡ʑit͡ɕ		
olьxa	polish	olcha	ˈɔlxa		
rūnò	polish	runo	ˈrunɔ		
ěrьcь	polish	jarzec	ˈjaʐɛt͡s		
kūrìti	polish	kurzyć	ˈkuʐɨt͡ɕ		
tьma	polish	ćma	t͡ɕma		
dьrznǫti	polish	darznąć	ˈdarznɔɲt͡ɕ	ˈdarznɔɲt͡ɕ	
bȁba	polish	baba	ˈbaba		
ovъ	polish	ów	uf		
gně̄zdò	polish	gniazdo	ˈɡɲazdɔ		
lǫ̑gъ	polish	ɫąg	wɔŋk	wɔŋk	
ě̑rъ	polish	jary	ˈjarɨ		
bādàti	polish	badać	ˈbadat͡ɕ		
strъjь	polish	stryj	strɨj		
bìtva	polish	bitwa	ˈbʲitfa		
pěti	polish	piać	pʲat͡ɕ		
drǫ́gъ	polish	drąg	drɔŋk	drɔŋk	
kojariti	polish	kojarzyć	kɔˈjaʐɨt͡ɕ		
družìna	polish	drużyna	druˈʐɨna		
tьlò	polish	tɫo	twɔ		
slǫ̀ka	polish	sɫomka	ˈswɔmka		
grǫ̀da	polish	gruda	ˈɡruda		
čȇrvo	polish	trzewo	ˈtʂɛvɔ		
oba	polish	oba	ˈɔba		
gъ̀rdlo	polish	gardɫo	ˈɡardwɔ		
pòlxъ	polish	pɫochy	ˈpwɔxɨ		
lisъ	polish	lis	lʲis		
krūpà	polish	krupy	ˈkrupɨ		
kuzn̨a	polish	kuźnia	ˈkuʑɲa		
mǭtìti	polish	mącić	ˈmɔɲt͡ɕit͡ɕ		
pȗstъ	polish	pusty	ˈpustɨ		
želdica	polish	żɫód	ʐwut		
sȗxъ	polish	suchy	ˈsuxɨ		
mě̑sìti	polish	miesić	ˈmʲɛɕit͡ɕ		
kokotъ	polish	kokot	ˈkɔkɔt		
vesnà	polish	wiosna	ˈvʲɔsna		
bojь	polish	bój	buj		
bòlto	polish	bɫoto	ˈbwɔtɔ		
čadъ	polish	czad	t͡ʂat		
vě̀trъ	polish	wiatr	vʲatr		
žuriti	polish	żurzyć się 	ˈʐuʐɨt͡ɕ ɕɛ		
mèčь	polish	miecz	mʲɛt͡ʂ		
sъlojь	polish	sɫój	swuj		
ędza	polish	jędza	ˈjɛnd͡za		
bȏrgъ	polish	bróg	bruk		
bě̄dà	polish	bieda	ˈbʲɛda		
dȏrgъ	polish	drogi	ˈdrɔɡʲi		
těsnъ	polish	ciasny	ˈt͡ɕasnɨ		
dě̀dъ	polish	dziad	d͡ʑat		
prosìti	polish	prosić	ˈprɔɕit͡ɕ		
vьsь	polish	wieś	ˈvʲɛɕ		
lìpa	polish	lipa	ˈlʲipa		
čùdo	polish	cudo	ˈt͡sudɔ		
mъdьlь	polish	mdɫy	mdwɨ		
mȃzъ	polish	maź	maɕ		
tỳsǫti	polish	tysiąc	ˈtɨɕɔnt͡s		
vȅčerъ	polish	wieczór	ˈvʲɛt͡ʂur		
dъxъ	polish	dech	dɛx		
glìna	polish	glina	ˈɡlʲina		
sъsàti	polish	ssać	ssat͡ɕ		
drobìti	polish	drobić	ˈdrɔbʲit͡ɕ		
gǫsti	polish	gąść	ɡɔ̃ɕt͡ɕ		
kyvati	polish	kiwać	ˈkʲivat͡ɕ		
bràtъ	polish	brat	brat		
ǫgorь	polish	węgorz	ˈvɛŋɡɔʂ		
ȍlkъtь	polish	ɫokieć	ˈwɔkʲɛt͡ɕ		
dȗxъ	polish	duch	dux		
kaznь	polish	kaźń	kaʑɲ		
žalь	polish	żal	ʐal		
bòrti	polish	bróć się	brut͡ɕ ɕɛ		
ȁsenъ	polish	jesion	ˈjɛɕɔn		
pòlmy	polish	pɫomień	ˈpwɔmʲɛɲ		
gòrxъ	polish	groch	ɡrɔx		
etì	polish	jebać	ˈjɛbat͡ɕ		
bujьnъ	polish	bujny	ˈbujnɨ		
grobъ	polish	grób	ɡrup		
drъgati	polish	drgać	drɡat͡ɕ		
osъ̀tъ	polish	oset	ˈɔsɛt		
podъ̀šьva	polish	podeszwa	pɔˈdɛʂfa		
bỳti	polish	być	bɨt͡ɕ		
gorьkъ	polish	gorzki	ˈɡɔʂkʲi		
mělъ	polish	miaɫ	mʲaw		
byvati	polish	bywać	ˈbɨvat͡ɕ		
būdìti	polish	budzić	ˈbud͡ʑit͡ɕ		
jьměti	polish	mieć	mʲɛt͡ɕ		
smьjàti	polish	śmiać się	ɕmʲat͡ɕ ɕɕɛ		
ȇdlь	polish	jodɫa	ˈjɔdwa		
ȍpakъ	polish	opak	ˈɔpak		
klekъtati	polish	klektać	ˈklɛktat͡ɕ		
olbǭtь	polish	ɫabędź	ˈwabɛɲt͡ɕ		
jesìka	polish	osa	ˈɔsa		
kǫ̑sъ	polish	kęs	kɛ̃s		
gvozdь	polish	gwóźdź	ɡvuɕt͡ɕ		
pri	polish	przy	pʂɨ		
sě̀nь	polish	sień	ɕɛɲ		
màslo	polish	masɫo	ˈmaswɔ		
trāvìti	polish	trawić	ˈtravʲit͡ɕ		
moltiti	polish	mɫócić	ˈmwut͡ɕit͡ɕ		
sę̀gati	polish	sięgać	ˈɕɛŋɡat͡ɕ		
dojìti	polish	doić	ˈdɔit͡ɕ		
lokati	polish	ɫokać	ˈwɔkat͡ɕ		
luščiti	polish	ɫuszczyć	ˈwuʂt͡ʂɨt͡ɕ		
vȏrgъ	polish	wróg	vruk		
mošьna	polish	moszna	ˈmɔʂna		
oje	polish	oje	ˈɔjɛ		
svě̑tъ	polish	świat	ɕfʲat		
myto	polish	myto	ˈmɨtɔ		
ȍlovo	polish	oɫów	ˈɔwuf		
lьjati	polish	lać	lat͡ɕ		
pretivъ	polish	przeciew	ˈpʂɛt͡ɕɛf		
volděti	polish	wɫadać	ˈvwadat͡ɕ		
pьkъlъ	polish	piekɫo	ˈpʲɛkwɔ		
vъtorъjь	polish	wtóry	ˈfturɨ		
zobàti	polish	dziobać	ˈd͡ʑɔbat͡ɕ		
ě̀snъ	polish	jasny	ˈjasnɨ		
mokrъ	polish	mokry	ˈmɔkrɨ		
libivъ	polish	lubawy	luˈbavɨ		
gně̀vъ	polish	gniew	ɡɲɛf		
krъxa	polish	krech	krɛx		
ajьce	polish	jajko	ˈjajkɔ		
ǫzъkъ	polish	wązki	ˈvɔ̃skʲi		
pèlti	polish	pleć	plɛt͡ɕ		
otъ	polish	od(e)	ˈɔdɛ		
gubìti	polish	gubić	ˈɡubʲit͡ɕ		
sìvъ	polish	siwy	ˈɕivɨ		
sedъlò	polish	siodɫo	ˈɕɔdwɔ		
olni	polish	ɫoni	ˈwɔɲi		
ěro	polish	jar	jar		
my	polish	my	mɨ		
xȏldъ	polish	chɫód	xwut		
tučьnъ	polish	tuczny	ˈtut͡ʂnɨ		
gǫ̑sь	polish	gęś	ɡɛ̃ɕ		
xvojь	polish	choja	ˈxɔja		
dǫ̑bъ	polish	dąb	dɔmp		
vesti	polish	wieść	vʲɛɕt͡ɕ		
sę̀dzati	polish	sięgać	ˈɕɛŋɡat͡ɕ		
nùdja	polish	nędza	ˈnɛnd͡za		
kȏstь	polish	kość	kɔɕt͡ɕ		
želza	polish	zoɫzy	ˈzɔwzɨ		
lososь	polish	ɫosoś	ˈwɔsɔɕ		
jьmelo	polish	jemioɫa	jɛˈmʲɔwa		
žȅlǫdь	polish	żoɫądź	ˈʐɔwɔɲt͡ɕ		
dьl̨a	polish	dla	dla		
žìti	polish	żyć	ʐɨt͡ɕ		
tvorъ	polish	twór	tfur		
četverъ	polish	czworo	ˈt͡ʂfɔrɔ		
puxnǫti	polish	puchnąć	ˈpuxnɔɲt͡ɕ		
ju	polish	już	juʂ		
čérdъ	polish	trzoda	ˈtʂɔda		
lěgati	polish	legać	ˈlɛɡat͡ɕ		
mъšica	polish	mszyca	ˈmʂɨt͡sa		
ty	polish	ty	tɨ		
tręsti	polish	trząść	tʂɔ̃ɕt͡ɕ		
krǫ̑gъ	polish	krąg	krɔŋk		
sušìti	polish	suszyć	ˈsuʂɨt͡ɕ		
čьrstvъ	polish	czerstwy	ˈt͡ʂɛrstfɨ		
česàti	polish	czesać	ˈt͡ʂɛsat͡ɕ		
krakati	polish	krakać	ˈkrakat͡ɕ		
vy	polish	vy	vɨ		
čerěnь	polish	trzon	tʂɔn		
sovati	polish	suwać	ˈsuvat͡ɕ		
xomǫtъ	polish	chomąt	ˈxɔmɔnt		
ęzỳkъ	polish	język	ˈjɛ̃zɨk		
làjati	polish	ɫajać	ˈwajat͡ɕ		
lysъ	polish	ɫysy	ˈwɨsɨ		
mъknǫti	polish	mknąć	mknɔɲt͡ɕ		
sȏlь	polish	sól	sul		
pustìti	polish	puścić	ˈpuɕt͡ɕit͡ɕ		
žędьnъ	polish	żądny	ˈʐɔndnɨ		
golvà	polish	gɫowa	ˈɡwɔva		
jьmela	polish	jemioɫa	jɛˈmʲɔwa		
klęčati	polish	klęczeć	ˈklɛnt͡ʂɛt͡ɕ		
ězgarъ	polish	jażdż	jaʂt͡ʂ		
kudo	polish	kudyś	ˈkudɨɕ		
ědro	polish	jadro	ˈjadrɔ		
ęčьmy	polish	jęczmień	ˈjɛnt͡ʂmʲɛɲ		
mižati	polish	mżeć	mʐɛt͡ɕ		
domovъ	polish	domowy	dɔˈmɔvɨ		
norà	polish	nora	ˈnɔra		
driskati	polish	drzystać	ˈdʐɨstat͡ɕ		
čixati	polish	czchać	t͡ʂxat͡ɕ		
lovìti	polish	ɫowić	ˈwɔvʲit͡ɕ		
pozdьnъ	polish	późny	ˈpuʑnɨ		
brìtva	polish	brzytwa	ˈbʐɨtfa		
òlkomъjь	polish	ɫakomy	waˈkɔmɨ		
dъvojь	polish	dwoje	ˈdvɔjɛ		
bě̀gati	polish	biegać	ˈbʲɛɡat͡ɕ		
bȏsъ	polish	bosy	ˈbɔsɨ		
pętà	polish	pięta	ˈpʲɛnta		
grę̄dà	polish	grzęda	ˈɡʐɛnda		
dьrzъkъ	polish	dziarski	ˈd͡ʑarskʲi		
sǫ-	polish	są-	sɔ̃		
dupę	polish	dupa	ˈdupa		
trāvà	polish	trawa	ˈtrava		
mȏrkъ	polish	mrok	mrɔk		
vysòkъ	polish	wysoki	vɨˈsɔkʲi		
ȍlkъtъ	polish	ɫokieć	ˈwɔkʲɛt͡ɕ		
znàti	polish	znać	znat͡ɕ		
sỳtъjь	polish	syty	ˈsɨtɨ		
dertì	polish	drzeć	dʐɛt͡ɕ		
tesъ	polish	cios	t͡ɕɔs		
mȏltъ	polish	mɫot	mwɔt		
sỳpati	polish	sypać	ˈsɨpat͡ɕ		
košarъ	polish	koszar	ˈkɔʂar		
pę̑stь	polish	pięść	pʲɛ̃ɕt͡ɕ		
mimo	polish	mimo	ˈmʲimɔ		
lǫ̑kъ	polish	ɫęk	wɛŋk		
ògn'ь	polish	ogień	ˈɔɡʲɛɲ		
živìca	polish	żywica	ʐɨˈvʲit͡sa		
edьnakъ	polish	jedynak	jɛˈdɨnak		
lȇdъ	polish	lód	lut		
trȗpъ	polish	trup	trup		
strǫkъ	polish	strąk	strɔŋk		
plesti	polish	pleść	plɛɕt͡ɕ		
konьcь	polish	koniec	ˈkɔɲɛt͡s		
nestì	polish	nieść	ɲɛɕt͡ɕ		
tęgati	polish	ciągać	ˈt͡ɕɔŋɡat͡ɕ		
emelo	polish	jemioɫa	jɛˈmʲɔwa		
drāpàti	polish	drapać	ˈdrapat͡ɕ		
slìva	polish	śliwa	ˈɕlʲiva		
bl̨ьvàti	polish	blwać	blvat͡ɕ		
tèrti	polish	trzeć	tʂɛt͡ɕ		
žeravь	polish	żuraw	ˈʐuraf		
ěrь	polish	jarz	jaʂ		
lъskъ	polish	ɫysk	wɨsk		
blě̑dъ	polish	blady	ˈbladɨ		
rȗx	polish	ruch	rux		
žę̀dlo	polish	żądɫo	ˈʐɔndwɔ		
vortìti	polish	wrócić	ˈvrut͡ɕit͡ɕ		
vixъrъ	polish	wicher	ˈvʲixɛr		
ěrina	polish	jarzyna	jaˈʐɨna		
pьsàti	polish	pisać	ˈpʲisat͡ɕ		
šìti	polish	szyć	ʂɨt͡ɕ		
žegti	polish	żec	ʐɛt͡s		
àgnę	polish	jagnię	ˈjaɡɲɛ		
glístъ	polish	glista	ˈɡlʲista		
bьčelà	polish	pszczoɫa	ˈpʂt͡ʂɔwa		
edinakъ	polish	jedynak	jɛˈdɨnak		
sǫdì	polish	sędzia	ˈsɛɲd͡ʑa		
gruda	polish	gruda	ˈɡruda		
aviti	polish	jawić	ˈjavʲit͡ɕ		
mъldni	polish	meɫnia	ˈmɛwɲa		
mitusь	polish	mituś	ˈmʲituɕ		
likъ	polish	lik	lʲik		
glìva	polish	gliwa	ˈɡlʲiva		
solvikъ	polish	sɫowik	ˈswɔvʲik		
miglъ	polish	mgɫa	mɡwa		
arьmò	polish	jarzmo	ˈjaʐmɔ		
molь	polish	mól	mul		
varìti	polish	warzyć	ˈvaʐɨt͡ɕ		
grǫziti	polish	grążyć	ˈɡrɔ̃ʐɨt͡ɕ		
vę̀dnǫti	polish	więdnąć	ˈvʲɛndnɔɲt͡ɕ		
žьltъ	polish	żóɫty	ˈʐuwtɨ		
mъrgati	polish	margać	ˈmarɡat͡ɕ		
nuriti	polish	nurzyć	ˈnuʐɨt͡ɕ		
kъrnъ	polish	kȧ̃rn	karn		
slỳšati	polish	sɫyszeć	ˈswɨʂɛt͡ɕ		
cě̄dìti	polish	cedzić	ˈt͡sɛd͡ʑit͡ɕ		
zę̀tь	polish	zięć	ʑɛɲt͡ɕ		
pǫgy	polish	pągwica	pɔŋˈɡvʲit͡sa		
dȃnь	polish	dań	daɲ		
pętъ	polish	piąty	ˈpʲɔntɨ		
dě́lъ	polish	dziaɫ	d͡ʑaw		
vъn	polish	w(e)	vɛ		
olbǭdь	polish	ɫabędź	ˈwabɛɲt͡ɕ		
tęgъ	polish	ciąg	t͡ɕɔŋk		
òrmo	polish	ramię	ˈramʲɛ		
gǫ̑stъ	polish	gęsty	ˈɡɛ̃stɨ		
būčàti	polish	buczeć	ˈbut͡ʂɛt͡ɕ		
gъ̑rdъ	polish	gardy	ˈɡardɨ		
gāsìti	polish	gasić	ˈɡaɕit͡ɕ		
velьkъ	polish	wielki	ˈvʲɛlkʲi		
rȏgъ	polish	róg	ruk		
česnъkъ	polish	czosnek	ˈt͡ʂɔsnɛk		
esera	polish	jesiory	jɛˈɕɔrɨ		
vь̀lna	polish	weɫna	ˈvɛwna		
běžàti	polish	bieżeć	ˈbʲɛʐɛt͡ɕ		
gleznъ	polish	glozna	ˈɡlɔzna		
lože	polish	ɫoże	ˈwɔʐɛ		
bьbrъ	polish	bóbr	bupr		
zȏbь	polish	dziób	d͡ʑup		
klekotъ	polish	klekot	ˈklɛkɔt		
grozà	polish	groza	ˈɡrɔza		
pjьvàti	polish	pluć	plut͡ɕ		
ne	polish	nie	ɲɛ		
grỳzti	polish	gryźć	ɡrɨɕt͡ɕ		
dьržati	polish	dzierż	d͡ʑɛrʂ		
nǫkati	polish	nukać	ˈnukat͡ɕ		
kǫtja	polish	kuczka	ˈkut͡ʂka		
mǫ̑žь	polish	mąż	mɔ̃ʂ		
elьcь	polish	jelec	ˈjɛlɛt͡s		
kopa	polish	kopa	ˈkɔpa		
dvòrъ	polish	dwór	dvur		
elъkъ	polish	jeɫkij	ˈjɛwkʲij		
bȇrgъ	polish	brzeg	bʐɛk		
sèdmь	polish	siedem	ˈɕɛdɛm		
lьněnъ	polish	lniany	ˈlɲanɨ		
trudъ	polish	trud	trut		
pǫ́tь	polish	pąć	pɔɲt͡ɕ		
pьcьlъ	polish	piekɫo	ˈpʲɛkwɔ		
pь̀lzati	polish	peɫzać	ˈpɛwzat͡ɕ		
ežь	polish	jeż	jɛʂ		
dělati	polish	dziaɫać	ˈd͡ʑawat͡ɕ		
brězgъ	polish	brzask	bʐask		
zьjati	polish	ziać	ʑat͡ɕ		
kroma	polish	kroma	ˈkrɔma		
kričati	polish	krzyczeć	ˈkʂɨt͡ʂɛt͡ɕ		
děti	polish	dziać	d͡ʑat͡ɕ		
korba	polish	kroba	ˈkrɔba		
kyxati	polish	kichać	ˈkʲixat͡ɕ		
erębina	polish	jarzębina	jaʐɛmˈbʲina		
vъnùkъ	polish	wnuk	vnuk		
palica	polish	palica	paˈlʲit͡sa		
močìti	polish	moczyć	ˈmɔt͡ʂɨt͡ɕ		
tỳsęti	polish	tysiąc	ˈtɨɕɔnt͡s		
pìti	polish	pić	pʲit͡ɕ		
čitati	polish	czytać	ˈt͡ʂɨtat͡ɕ		
pъlkъ	polish	puɫk	puwk		
pȏlzъ	polish	pɫoza	ˈpwɔza		
ostrъ	polish	ostry	ˈɔstrɨ		
kopъtъ	polish	kopieć	ˈkɔpʲɛt͡ɕ		
sъ̀nъ	polish	sen	sɛn		
golota	polish	goɫota	ɡɔˈwɔta		
brьvъnò	polish	bierwiono	bʲɛrˈvʲɔnɔ		
žìto	polish	żyto	ˈʐɨtɔ		
rovъ	polish	rów	ruf		
otjutiti	polish	cucić	ˈt͡sut͡ɕit͡ɕ		
kъde	polish	gdzie	ɡd͡ʑɛ		
svinьjà	polish	świnia	ˈɕfʲiɲa		
kъjь	polish	ki	kʲi		
gràdъ	polish	grad	ɡrat		
akъ	polish	jaki	ˈjakʲi		
bȏlgo	polish	bɫogo	ˈbwɔɡɔ		
gȏrdъ	polish	gród	ɡrut		
po	polish	po	pɛ ɔ		
pьrga	polish	pierzga	ˈpʲɛʐɡa		
dъ̑lgъ	polish	dɫug	dwuk		
žьvàti	polish	żuć	ʐut͡ɕ		
mьn̨e	polish	mniej	mɲɛj		
gǫgn̨ati	polish	gugnąć	ˈɡuɡnɔɲt͡ɕ		
mě̀riti	polish	mierzyć	ˈmʲɛʐɨt͡ɕ		
pȍrsę	polish	prosię	ˈprɔɕɛ		
načęti	polish	nacząć	ˈnat͡ʂɔɲt͡ɕ		
br̨ȗxъ	polish	brzuch	bʐux		
dūšà	polish	dusza	ˈduʂa		
stỳdnǫti	polish	stygnąć	ˈstɨɡnɔɲt͡ɕ		
bostì	polish	bóść	buɕt͡ɕ		
kòn̨ь	polish	koń	kɔɲ		
brusьnica	polish	brusznica	bruʂˈɲit͡sa		
znàmę	polish	znamię	ˈznamʲɛ		
męknǫti	polish	mięknąć	ˈmʲɛŋknɔɲt͡ɕ		
lemešь	polish	lemiesz	ˈlɛmʲɛʂ		
gъnǫti	polish	giąć	ɡʲɔɲt͡ɕ		
dupa	polish	dupa	ˈdupa		
klětь	polish	kleć	klɛt͡ɕ		
tajìti	polish	taić	ˈtait͡ɕ		
męzdro	polish	mięzdra	ˈmʲɛ̃zdra		
gъnàti	polish	gnać	ɡnat͡ɕ		
glumiti	polish	gɫumić	ˈɡwumʲit͡ɕ		
tě̀mę	polish	ciemię	ˈt͡ɕɛmʲɛ		
slȍvo	polish	sɫowo	ˈswɔvɔ		
grę̑znǫti	polish	grzeznąć	ˈɡʐɛznɔɲt͡ɕ		
pь̀rsь	polish	pierś	pʲɛrɕ		
lь̑nъ	polish	len	lɛn		
sě̀mę	polish	siemię	ˈɕɛmʲɛ		
dòlnь	polish	dɫoń	dwɔɲ		
čermъxa	polish	trzemcha	ˈtʂɛmxa		
ǫ̀glь	polish	węgiel	ˈvɛŋɡʲɛl		
rosà	polish	rosa	ˈrɔsa		
desętъ	polish	dziesiąty	d͡ʑɛˈɕɔntɨ		
xȏdъ	polish	chód	xut		
sě̑no	polish	siano	ˈɕanɔ		
pỳrьjь	polish	perz	pɛʂ		
glàdъkъ	polish	gɫadki	ˈɡwatkʲi		
vodìti	polish	wodzić	ˈvɔd͡ʑit͡ɕ		
ěskarъ	polish	jażdż	jaʂt͡ʂ		
kyjь	polish	kij	kʲij		
męti	polish	miąć	mʲɔɲt͡ɕ		
erębь	polish	jarząb	ˈjaʐɔmp		
volstь	polish	wɫość	vwɔɕt͡ɕ		
grìva	polish	grzywa	ˈɡʐɨva		
ȅsenь	polish	jesień	ˈjɛɕɛɲ		
mȇdъ	polish	miód	mʲut		
vę̄zàti	polish	wiązać	ˈvʲɔ̃zat͡ɕ		
br̨ȗxo	polish	brzuch	bʐux		
drevě	polish	drzewiej	ˈdʐɛvʲɛj		
bàjati	polish	bajać	ˈbajat͡ɕ		
suti	polish	suć	sut͡ɕ		
žìla	polish	żyɫa	ˈʐɨwa		
šurь	polish	szurzy	ˈʂuʐɨ		
bǫbьniti	polish	bębnić	ˈbɛmbɲit͡ɕ		
mamiti	polish	mamić	ˈmamʲit͡ɕ		
pьxati	polish	pchać	pxat͡ɕ		
plotъ	polish	pɫot	pwɔt		
glěnъ	polish	glon	ɡlɔn		
godъ	polish	gody	ˈɡɔdɨ		
elbedà	polish	lebioda	lɛˈbʲɔda		
kvȃsъ	polish	kwas	kfas		
l̨utъ	polish	luty	ˈlutɨ		
orsti	polish	róść	ruɕt͡ɕ		
kòlda	polish	kɫoda	ˈkwɔda		
glezno	polish	glozna	ˈɡlɔzna		
pęti	polish	piąć	pʲɔɲt͡ɕ		
natь	polish	nać	nat͡ɕ		
lozà	polish	ɫoza	ˈwɔza		
topìti	polish	topić	ˈtɔpʲit͡ɕ		
kremy	polish	krzemień	ˈkʂɛmʲɛɲ		
ritь	polish	rzyć	ʐɨt͡ɕ		
čermuxa	polish	trzemcha	ˈtʂɛmxa		
četvorъ	polish	czworo	ˈt͡ʂfɔrɔ		
glīstà	polish	glista	ˈɡlʲista		
bȏlgъ	polish	bɫogi	ˈbwɔɡʲi		
ěždžь	polish	jażdż	jaʂt͡ʂ		
klekotati	polish	klekotać	klɛˈkɔtat͡ɕ		
korà	polish	kora	ˈkɔra		
evьn̨a	polish	jawia	ˈjavʲa		
gnusiti	polish	gnusić się	ˈɡnuɕit͡ɕ ɕɛ		
bǫbьnъ	polish	bęben	ˈbɛmbɛn		
pokòjь	polish	pokój	ˈpɔkuj		
gǫgnati	polish	gugnąć	ˈɡuɡnɔɲt͡ɕ		
zijati	polish	ziać	ʑat͡ɕ		
krȋkъ	polish	krzyk	kʂɨk		
ešče	polish	jeszcze	ˈjɛʂt͡ʂɛ		
jьnogъ	polish	nóg	nuk		
stȏržь	polish	stróż	struʂ		
tri	polish	trzy	tʂɨ		
līcè	polish	lice	ˈlʲit͡sɛ		
syrovъ	polish	surowy	suˈrɔvɨ		
lękati	polish	lękać się	ˈlɛŋkat͡ɕ ɕɛ		
làpa	polish	ɫapa	ˈwapa		
bedrò	polish	biodro	ˈbʲɔdrɔ		
plěsnь	polish	pleśń	plɛɕɲ		
gadati	polish	gadać	ˈɡadat͡ɕ		
vě̀ra	polish	wiara	ˈvʲara		
lě̑sъ	polish	las	las		
virъ	polish	wir	vʲir		
krukъ	polish	kruk	kruk		
mъlva	polish	mowa	ˈmɔva		
pǫgъvica	polish	pągwica	pɔŋˈɡvʲit͡sa		
drobězgъ	polish	drobiazg	ˈdrɔbʲask		
kortъkъ	polish	krótki	ˈkrutkʲi		
čьrvь	polish	czerw	t͡ʂɛrf		
podъ	polish	pod(e)	ˈpɔdɛ		
pěsъ̀kъ	polish	piasek	ˈpʲasɛk		
lęcati	polish	lękać się	ˈlɛŋkat͡ɕ ɕɛ		
norvь	polish	narów	ˈnaruf		
bȁsn̨a	polish	baśń	baɕɲ		
blizna	polish	blizna	ˈblʲizna		
vě̀jati	polish	wiać	vʲat͡ɕ		
jьgrati	polish	grać	ɡrat͡ɕ		
krȍsno	polish	krosna	ˈkrɔsna		
pȍjāsъ	polish	pas	pas		
gordjь	polish	grodza	ˈɡrɔd͡za		
na	polish	na	na		
mьně	polish	mnie	mɲɛ		
duplò	polish	dziupɫo	ˈd͡ʑupwɔ		
òrdlo	polish	radɫo	ˈradwɔ		
strȗpъ	polish	strup	strup		
kъlbь	polish	kieɫb	kʲɛwp		
mě̀lъ	polish	mieɫy	ˈmʲɛwɨ		
ščítъ	polish	szczyt	ʂt͡ʂɨt		
grudъ	polish	gruda	ˈɡruda		
kopъtь	polish	kopieć	ˈkɔpʲɛt͡ɕ		
spěšiti	polish	śpieszyć	ˈɕpʲɛʂɨt͡ɕ		
děl̨ьma	polish	dla	dla		
čùti	polish	czuć	t͡ʂut͡ɕ		
pȍl̨e	polish	pole	ˈpɔlɛ		
aščerъ	polish	jaszczur	ˈjaʂt͡ʂur		
sьrna	polish	sarna	ˈsarna		
obuti	polish	obuć	ˈɔbut͡ɕ		
xvoja	polish	choja	ˈxɔja		
zelьje	polish	ziele	ˈʑɛlɛ		
zъlъ	polish	zɫy	zwɨ		
otьcь	polish	ojciec	ˈɔjt͡ɕɛt͡s		
žę̄dàti	polish	żądać	ˈʐɔndat͡ɕ		
jьlьmъ	polish	ilm	ilm		
sestrà	polish	siostra	ˈɕɔstra		
pěga	polish	piegi	ˈpʲɛɡʲi		
oldi	polish	ɫódź	wut͡ɕ		
dročiti	polish	droczyć	ˈdrɔt͡ʂɨt͡ɕ		
ěbàti	polish	jebać	ˈjɛbat͡ɕ		
gomol̨a	polish	gomóɫa	ɡɔˈmuwa		
līzàti	polish	lizać	ˈlʲizat͡ɕ		
lomìti	polish	ɫomić	ˈwɔmʲit͡ɕ		
sìla	polish	siɫa	ˈɕiwa		
tьlěti	polish	tleć	tlɛt͡ɕ		
pě́stъ	polish	piasta	ˈpʲasta		
vȃrъ	polish	war	var		
grějati	polish	grzać	ɡʐat͡ɕ		
jūxà	polish	jucha	ˈjuxa		
r̨uti	polish	rzuć	ʐut͡ɕ		
surovъ	polish	surowy	suˈrɔvɨ		
zelènъ	polish	zielony	ʑɛˈlɔnɨ		
teslò	polish	ciosɫa	ˈt͡ɕɔswa		
bȏrnь	polish	broń	brɔɲ		
divъ	polish	dziw	d͡ʑif		
gomula	polish	gomóɫa	ɡɔˈmuwa		
kādìti	polish	kadzić	ˈkad͡ʑit͡ɕ		
klěščiti	polish	kleścić	ˈklɛɕt͡ɕit͡ɕ		
pǫpъ	polish	pęp	pɛmp		
pȳtàti	polish	pytać	ˈpɨtat͡ɕ		
bliskati	polish	bɫyskać	ˈbwɨskat͡ɕ		
emežь	polish	jemiesz	ˈjɛmʲɛʂ		
jьgrь	polish	gra	ɡra		
veslò	polish	wiosɫo	ˈvʲɔswɔ		
trǫtъ	polish	truteń	ˈtrutɛɲ		
pàǭkъ	polish	pająk	ˈpajɔŋk		
dristati	polish	drzystać	ˈdʐɨstat͡ɕ		
ȏsь	polish	oś	ɔɕ		
pьrvъ	polish	pierwszy	ˈpʲɛrfʂɨ		
truti	polish	truć	trut͡ɕ		
plě̑šь	polish	plesz	plɛʂ		
kurъ	polish	kur	kur		
dyxati	polish	dychać	ˈdɨxat͡ɕ		
dǫ̀ti	polish	dąć	dɔɲt͡ɕ		
vojьna	polish	wojna	ˈvɔjna		
osa	polish	osa	ˈɔsa		
nevodъ	polish	niewód	ˈɲɛvut		
pǫpъkъ	polish	pęp	pɛmp		
osà	polish	osa	ˈɔsa		
sęknǫti	polish	siąknąć	ˈɕɔŋknɔɲt͡ɕ		
kaziti	polish	kazić	ˈkaʑit͡ɕ		
otjьtnǫti	polish	ocknąć się	ˈɔt͡sknɔɲt͡ɕ ɕɛ		
rāčìti	polish	raczyć	ˈrat͡ʂɨt͡ɕ		
edìnъ	polish	jeden	ˈjɛdɛn		
žȋvъ	polish	żywy	ˈʐɨvɨ		
svekrъ	polish	świekr	ɕfʲɛkr		
elьxa	polish	olcha	ˈɔlxa		
greti	polish	grześć	ɡʐɛɕt͡ɕ		
kȏsъ	polish	kos	kɔs		
bìti	polish	bić	bʲit͡ɕ		
blistati	polish	bɫyskać	ˈbwɨskat͡ɕ		
ě̀to	polish	jato	ˈjatɔ		
lędvьja	polish	lędźwie	ˈlɛɲd͡ʑvʲɛ		
kǫ́tъ	polish	kąt	kɔnt		
žerdlò	polish	źródɫo	ˈʑrudwɔ		
sòmъ	polish	sum	sum		
gospodinъ	polish	gospodzin	ɡɔˈspɔd͡ʑin		
vȇrskъ	polish	wrzos	vʐɔs		
krě̀slo	polish	krzesɫo	ˈkʂɛswɔ		
dē̌žà	polish	dzieża	ˈd͡ʑɛʐa		
dolъ	polish	dóɫ	duw		
dvьrь	polish	drzwi	dʐvʲi		
nòžь	polish	nóż	nuʂ		
nǫditi	polish	nudzić	ˈnud͡ʑit͡ɕ		
pьšenò	polish	pszono	ˈpʂɔnɔ		
čę̑stь	polish	część	t͡ʂɛ̃ɕt͡ɕ		
belená	polish	blen	blɛn		
ȅzerъ	polish	jezioro	jɛˈʑɔrɔ		
bòlna	polish	bɫona	ˈbwɔna		
lěnìvъ	polish	leniwy	lɛˈɲivɨ		
dȍma	polish	doma	ˈdɔma		
kašl̨ati	polish	kaszlać	ˈkaʂlat͡ɕ		
govьnò	polish	gówno	ˈɡuvnɔ		
želě̀zo	polish	żelazo	ʐɛˈlazɔ		
pě̀na	polish	piana	ˈpʲana		
lě̀to	polish	lato	ˈlatɔ		
krajь	polish	kraj	kraj		
lùža	polish	ɫuża	ˈwuʐa		
bridъkъ	polish	brzydki	ˈbʐɨtkʲi		
dьrgati	polish	dziergać	ˈd͡ʑɛrɡat͡ɕ		
kopati	polish	kopać	ˈkɔpat͡ɕ		
morvi	polish	mrówka	ˈmrufka		
slȗxъ	polish	sɫuch	swux		
glȗxъ	polish	gɫuchy	ˈɡwuxɨ		
grǫdъ	polish	gruda	ˈɡruda		
sǫditi	polish	sądzić	ˈsɔɲd͡ʑit͡ɕ		
puxati	polish	puchać	ˈpuxat͡ɕ		
ěxati	polish	jechać	ˈjɛxat͡ɕ		
blizъkъ	polish	bliski	ˈblʲiskʲi		
motati	polish	motać	ˈmɔtat͡ɕ		
xlǫdъ	polish	chɫąd	xwɔnt		
dь̀lgъ	polish	dɫugi	ˈdwuɡʲi		
mьrznǫti	polish	marznąć	ˈmarznɔɲt͡ɕ		
godina	polish	godzina	ɡɔˈd͡ʑina		
elenь	polish	jeleń	ˈjɛlɛɲ		
evьja	polish	jawia	ˈjavʲa		
esètrъ	polish	jesiotr	ˈjɛɕɔtr		
tъ	polish	ten	tɛn		
pь̀lnъ	polish	peɫny	ˈpɛwnɨ		
blizь	polish	blizo	ˈblʲizɔ		
vě̀ko	polish	wieko	ˈvʲɛkɔ		
pę̑tь	polish	pięć	pʲɛɲt͡ɕ		
krỳti	polish	kryć	krɨt͡ɕ		
mȃzь	polish	maź	maɕ		
edvà	polish	ledwo	ˈlɛdvɔ		
gvozdъ	polish	gwóźdź	ɡvuɕt͡ɕ		
grebenь	polish	grzebień	ˈɡʐɛbʲɛɲ		
vъ	polish	w(e)	vɛ		
čerdà	polish	trzoda	ˈtʂɔda		
dě̀lo	polish	dzieɫo	ˈd͡ʑɛwɔ		
sněgъ	polish	śnieg	ɕɲɛk		
karati	polish	karać	ˈkarat͡ɕ		
ȍko	polish	oko	ˈɔkɔ		
ložìti	polish	ɫožyć	ˈwɔwɨt͡ɕ		
nogà	polish	noga	ˈnɔɡa		
bordà	polish	broda	ˈbrɔda		
kozьlъ	polish	kozioɫ	ˈkɔʑɔw		
basnь	polish	baśń	baɕɲ		
skòra	polish	skóra	ˈskura		
polvъ	polish	pɫowy	ˈpwɔvɨ		
kruxъ	polish	kruch	krux		
gatъ	polish	gać	ɡat͡ɕ		
kъn	polish	ku	ku		
paznegъtь	polish	paznokieć	pazˈnɔkʲɛt͡ɕ		
merti	polish	mrzeć	mʐɛt͡ɕ		
kašьlь	polish	kaszel	ˈkaʂɛl		
ovьcà	polish	owca	ˈɔft͡sa		
pьkъlo	polish	piekɫo	ˈpʲɛkwɔ		
mьn̨ьjь	polish	mniejszy	ˈmɲɛjʂɨ		
vasъ	polish	was	vas		
drobьnъ	polish	drobny	ˈdrɔbnɨ		
osmъ	polish	ósmy	ˈusmɨ		
obolkъ	polish	obɫok	ˈɔbwɔk		
glabati	polish	gɫabać	ˈɡwabat͡ɕ		
kropiti	polish	kropić	ˈkrɔpʲit͡ɕ		
nosìti	polish	nosić	ˈnɔɕit͡ɕ		
boln̨a	polish	bɫona	ˈbwɔna		
gàdъ	polish	gad	ɡat		
kỳla	polish	kiɫa	ˈkʲiwa		
poìti	polish	poić	ˈpɔit͡ɕ		
plàkati	polish	pɫakać	ˈpwakat͡ɕ		
glupъ	polish	gɫupi	ˈɡwupʲi		
gnȏjь	polish	gnój	ɡnuj		
palъka	polish	paɫka	ˈpawka		
tìskati	polish	ciskać	ˈt͡ɕiskat͡ɕ		
ěžь	polish	jaz	jas		
cě̄nìti	polish	cenić	ˈt͡sɛɲit͡ɕ		
krasьnъ	polish	krasny	ˈkrasnɨ		
zaverti	polish	zawrzeć	ˈzavʐɛt͡ɕ		
dupl̨a	polish	dziupla	ˈd͡ʑupla		
pǫditi	polish	pędzić	ˈpɛɲd͡ʑit͡ɕ		
dikъ	polish	dziki	ˈd͡ʑikʲi		
krъvьnъ	polish	krewny	ˈkrɛvnɨ		
olbodà	polish	lebioda	lɛˈbʲɔda		
nadъ	polish	nad(e)	ˈnadɛ		
prȏstъ	polish	prosty	ˈprɔstɨ		
kovati	polish	kuć	kut͡ɕ		
osìna	polish	osa	ˈɔsa		
do	polish	do	dɔ		
ę̄drò	polish	jądro	ˈjɔndrɔ		
làska	polish	ɫaska	ˈwaska		
stìgnǫti	polish	ścignąć	ˈɕt͡ɕiɡnɔɲt͡ɕ		
čęstъ	polish	częsty	ˈt͡ʂɛ̃stɨ		
stàti	polish	stać się	stat͡ɕ ɕɛ		
svьrběti	polish	świerzbieć	ˈɕfʲɛʐbʲɛt͡ɕ		
blъxà	polish	pchɫa	pxwa		
dūxàti	polish	duchać	ˈduxat͡ɕ		
želǫdъkъ	polish	żoɫądek	ʐɔˈwɔndɛk		
ękati	polish	jąkać	ˈjɔŋkat͡ɕ		
čemerika	polish	ciemierzyca	t͡ɕɛmʲɛˈʐɨt͡sa		
gȏstь	polish	gość	ɡɔɕt͡ɕ		
muzga	polish	muzga	ˈmuzɡa		
bagno	polish	bagno	ˈbaɡnɔ		
dę̄snà	polish	dziąsɫa	ˈd͡ʑɔ̃swa		
dérnъ	polish	drzón	dʐun		
perdъ	polish	przed(e)	ˈpʂɛdɛ		
luska	polish	ɫuska	ˈwuska		
gospodь	polish	gospód	ˈɡɔsput		
vòrna	polish	wrona	ˈvrɔna		
mъnogъ	polish	mnogi	ˈmnɔɡʲi		
grьměti	polish	grzmieć	ɡʐmʲɛt͡ɕ		
mojь	polish	mój	muj		
ȍpako	polish	opak	ˈɔpak		
mòrzъ	polish	mróz	mrus		
pòrgъ	polish	próg	pruk		
nebogъ	polish	niebogi	ɲɛˈbɔɡʲi		
remy	polish	rzemień	ˈʐɛmʲɛɲ		
bolěti	polish	boleć	ˈbɔlɛt͡ɕ		
gńìti	polish	gnić	ɡɲit͡ɕ		
gràbiti	polish	grabić	ˈɡrabʲit͡ɕ		
jьgъlà	polish	igɫa	ˈiɡwa		
jьkrà	polish	ikra	ˈikra		
pa	polish	po	pɛ ɔ		
poltьnò	polish	pɫótno	ˈpwutnɔ		
kъto	polish	kto	ktɔ		
arь̀mъ	polish	jarzmo	ˈjaʐmɔ		
pràvъ	polish	prawy	ˈpravɨ		
znojь	polish	znój	znuj		
kòrsta	polish	krosta	ˈkrɔsta		
ežina	polish	jeżyna	jɛˈʐɨna		
žьrny	polish	żarna	ˈʐarna		
měna	polish	miana	ˈmʲana		
kàjati	polish	kajać się	ˈkajat͡ɕ ɕɛ		
blě̑skъ	polish	blask	blask		
mьrknǫti	polish	mierzchnąć	ˈmʲɛʂxnɔɲt͡ɕ		
čel̨adь	polish	czeladź	ˈt͡ʂɛlat͡ɕ		
glъtati	polish	glutać	ˈɡlutat͡ɕ		
stьgna	polish	ściegna	ˈɕt͡ɕɛɡna		
tęga	polish	ciąg	t͡ɕɔŋk		
stàdo	polish	stado	ˈstadɔ		
stȃnъ	polish	stan	stan		
osь̀lъ	polish	osioɫ	ˈɔɕɔw		
bràtьja	polish	bracia	ˈbrat͡ɕa		
ebàti	polish	jebać	ˈjɛbat͡ɕ		
četvьrtъ	polish	czwarty	ˈt͡ʂfartɨ		
lazъ	polish	ɫaz	was		
čelověkъ	polish	czɫowiek	ˈt͡ʂwɔvʲɛk		
àma	polish	jama	ˈjama		
svętъ	polish	święty	ˈɕfʲɛntɨ		
durь	polish	dur	dur		
telktì	polish	tɫuc	twut͡s		
klějь	polish	klej	klɛj		
nevě̀sta	polish	niewiasta	ɲɛˈvʲasta		
žerti	polish	żreć	ʐrɛt͡ɕ		
kakъ	polish	kaki	ˈkakʲi		
lьgъkъ	polish	lekki	ˈlɛkkʲi		
kǫpina	polish	kępina	kɛmˈpʲina		
doltò	polish	dɫuto	ˈdwutɔ		
mȃstь	polish	maść	maɕt͡ɕ		
jьlъ	polish	iɫ	iw		
stòlъ	polish	stóɫ	stuw		
lъgati	polish	ɫgać	wɡat͡ɕ		
rǭkà	polish	ręka	ˈrɛŋka		
čьrpati	polish	czerpać	ˈt͡ʂɛrpat͡ɕ		
krǫpъ	polish	krępy	ˈkrɛmpɨ		
brediti	polish	bredzić	ˈbrɛd͡ʑit͡ɕ		
sỳrъ	polish	ser	sɛr		
krečetъ	polish	krzeczot	ˈkʂɛt͡ʂɔt		
l̨ȗdъ	polish	lud	lut		
ǫ́žь	polish	wąż	vɔ̃ʂ		
gybati	polish	gibać	ˈɡʲibat͡ɕ		
sòrka	polish	sroka	ˈsrɔka		
šьvьcь	polish	szewc	ʂɛft͡s		
korda	polish	króda	ˈkruda		
xȗdъ	polish	chudy	ˈxudɨ		
mìlъ	polish	miɫy	ˈmʲiwɨ		
onъ	polish	on	ɔn		
krǫglъ	polish	krągɫy	ˈkrɔŋɡwɨ		
gorěti	polish	gorzeć	ˈɡɔʐɛt͡ɕ		
olьse	polish	olesie	ɔˈlɛɕɛ		
brȏdъ	polish	bród	brut		
pèlva	polish	plewa	ˈplɛva		
lixъ	polish	lichy	ˈlʲixɨ		
àstrę̄bъ	polish	jastrząb	ˈjastʂɔmp		
tȗrъ	polish	tur	tur		
sъn	polish	z(e)	zɛ		
orě̀xъ	polish	orzech	ˈɔʐɛx		
grivьna	polish	grzywna	ˈɡʐɨvna		
per	polish	prze-	pʂɛ		
emešь	polish	jemiesz	ˈjɛmʲɛʂ		
tь̏nьkъ	polish	cienki	ˈt͡ɕɛnkʲi		
bъrtъ	polish	barć	bart͡ɕ		
kromě	polish	krom	krɔm		
drobь	polish	drób	drup		
čermъša	polish	trzemcha	ˈtʂɛmxa		
voskъ	polish	wosk	vɔsk		
elbǭtь	polish	ɫabędź	ˈwabɛɲt͡ɕ		
pȏrxъ	polish	proch	prɔx		
rȏdъ	polish	ród	rut		
àblonь	polish	jabɫoń	ˈjabwɔɲ		
lugъ	polish	ɫug	wuk		
želdъ	polish	żɫód	ʐwut		
krupьnъ	polish	krupny	ˈkrupnɨ		
emela	polish	jemioɫa	jɛˈmʲɔwa		
nȇrstъ	polish	mrzost	mʐɔst		
l̨ȗdьje	polish	ludzie	ˈlud͡ʑɛ		
mǫ̀čiti	polish	męczyć	ˈmɛnt͡ʂɨt͡ɕ		
tvorìti	polish	tworzyć	ˈtfɔʐɨt͡ɕ		
dъva	polish	dwa	dva		
xoditi	polish	chodzić	ˈxɔd͡ʑit͡ɕ		
esètra	polish	jesiotr	ˈjɛɕɔtr		
pryskati	polish	pryskać	ˈprɨskat͡ɕ		
lъbъ	polish	ɫeb	wɛp		
gumьnò	polish	gumno	ˈɡumnɔ		
akъjь	polish	jaki	ˈjakʲi		
kolto	polish	kɫota	ˈkwɔta		
dīvìti	polish	dziwić	ˈd͡ʑivʲit͡ɕ		
velkti	polish	wlec	vlɛt͡s		
grubъ	polish	gruby	ˈɡrubɨ		
sǫ́dъ	polish	sąd	sɔnt		
kuča	polish	kucza	ˈkut͡ʂa		
lě̑vъ	polish	lewy	ˈlɛvɨ		
čerěnъ	polish	trzon	tʂɔn		
zъvati	polish	zwać	zvat͡ɕ		
ęga	polish	jędza	ˈjɛnd͡za		
mǫ́drъ	polish	mądry	ˈmɔndrɨ		
vьlnà	polish	weɫna	ˈvɛwna		
bolnъ	polish	blen	blɛn		
dȇrvo	polish	drzewo	ˈdʐɛvɔ		
lȗbъ	polish	ɫub	wup		
tesàti	polish	ciosać	ˈt͡ɕɔsat͡ɕ		
tędzati	polish	ciągać	ˈt͡ɕɔŋɡat͡ɕ		
mьrziti	polish	mierzić	ˈmʲɛrʑit͡ɕ		
lě̀zti	polish	leźć	lɛɕt͡ɕ		
čermuša	polish	trzemcha	ˈtʂɛmxa		
globìti	polish	gɫobić	ˈɡwɔbʲit͡ɕ		
kašlь	polish	kaszel	ˈkaʂɛl		
bě́lъ	polish	biaɫy	ˈbʲawɨ		
kazati	polish	kazać	ˈkazat͡ɕ		
cě̑lъ	polish	caɫy	ˈt͡sawɨ		
krьnica	polish	krynica	krɨˈɲit͡sa		
bèrza	polish	brzoza	ˈbʐɔza		
mě̄zgà	polish	miazga	ˈmʲazɡa		
rodìti	polish	rodzić	ˈrɔd͡ʑit͡ɕ		
olьsъ	polish	olesie	ɔˈlɛɕɛ		
tàjati	polish	tajać	ˈtajat͡ɕ		
govorъ	polish	gowor	ˈɡɔvɔr		
ȇ̌dъ	polish	jad	jat		
blǭdìti	polish	bɫądzić	ˈbwɔɲd͡ʑit͡ɕ		
stryjь	polish	stryj	strɨj		
strigti	polish	strzyc	stʂɨt͡s		
kogъdy	polish	kiedy	ˈkʲɛdɨ		
zȏbъ	polish	dziób	d͡ʑup		
soxà	polish	socha	ˈsɔxa		
bezъ	polish	bez	bɛs		
černovъ	polish	(ząb) trzonowy	zɔp tʂɔˈnɔvɨ		
měšъkъ	polish	miech	mʲɛx		
edьnъ	polish	jeden	ˈjɛdɛn		
krasti	polish	kraść	kraɕt͡ɕ		
kysělъ	polish	kisiaɫy	kʲiˈɕawɨ		
māxàti	polish	machać	ˈmaxat͡ɕ		
nukati	polish	nukać	ˈnukat͡ɕ		
česno	polish	czosnek	ˈt͡ʂɔsnɛk		
drozdъ	polish	drozd	drɔst		
dobrъ	polish	dobry	ˈdɔbrɨ		
norvъ	polish	narów	ˈnaruf		
čьrmьnъ	polish	czermny	ˈt͡ʂɛrmnɨ		
jьmàti	polish	imać	ˈimat͡ɕ		
sьcati	polish	szczać	ʂt͡ʂat͡ɕ		
rъvàti	polish	rwać	rvat͡ɕ		
činìti	polish	czynić	ˈt͡ʂɨɲit͡ɕ		
korьcь	polish	korzec	ˈkɔʐɛt͡s		
modliti	polish	modlić	ˈmɔdlʲit͡ɕ		
sъtȏ	polish	sto	stɔ		
mę	polish	mię	mʲɛ		
sъ	polish	z(e)	zɛ		
mirъ	polish	mir	mʲir		
trъ̑stь	polish	treść	trɛɕt͡ɕ		
koltiti	polish	kɫócić	ˈkwut͡ɕit͡ɕ		
krǫtъ	polish	kręty	ˈkrɛntɨ		
kl̨účь	polish	klucz	klut͡ʂ		
dva	polish	dwa	dva		
tęgnǫti	polish	ciągnąć	ˈt͡ɕɔŋɡnɔɲt͡ɕ		
belenъ	polish	blen	blɛn		
lъža	polish	ɫża	wʐa		
sęgnǫti	polish	sięgnąć	ˈɕɛŋɡnɔɲt͡ɕ		
těnь	polish	cień	t͡ɕɛɲ		
kòrva	polish	krowa	ˈkrɔva		
gǫžьvь	polish	gążva	ˈɡɔ̃ʐja		
glьjь	polish	glej	ɡlɛj		
krasà	polish	krasa	ˈkrasa		
gromada	polish	gromada	ɡrɔˈmada		
vьrstva	polish	wrstwa	vrstfa		
grozьnъ	polish	groźny	ˈɡrɔʑnɨ		
někъto	polish	niekto	ˈɲɛktɔ		
bolnьje	polish	bɫonie	ˈbwɔɲɛ		
blizno	polish	blizna	ˈblʲizna		
tekti	polish	ciec	t͡ɕɛt͡s		
lȏjь	polish	ɫój	wuj		
mȍr̨e	polish	morze	ˈmɔʐɛ		
zmьjà	polish	żmija	ˈʐmʲija		
minǫti	polish	minąć	ˈmʲinɔɲt͡ɕ		
stàrъ	polish	stary	ˈstarɨ		
liběvъ	polish	lubawy	luˈbavɨ		
vodà	polish	woda	ˈvɔda		
elbedь	polish	ɫabędź	ˈwabɛɲt͡ɕ		
drъžь	polish	dreszcz	drɛʂt͡ʂ		
šȇstь	polish	sześć	ʂɛɕt͡ɕ		
vь̑lkъ	polish	wilk	vʲilk		
bojati sę	polish	bać się	bat͡ɕ ɕɛ		
rỳti	polish	ryć	rɨt͡ɕ		
dura	polish	dziura	ˈd͡ʑura		
zьlčь	polish	żóɫć	ʐuwt͡ɕ		
ȅzero	polish	jezioro	jɛˈʑɔrɔ		
nòvъ	polish	nowy	ˈnɔvɨ		
ženà	polish	żona	ˈʐɔna		
gȍlǫbь	polish	goɫąb	ˈɡɔwɔmp		
polšiti	polish	pɫoszyć	ˈpwɔʂɨt͡ɕ		
modla	polish	modɫa	ˈmɔdwa		
gǫžьva	polish	gążva	ˈɡɔ̃ʐja		
nìtь	polish	nić	ɲit͡ɕ		
kъrmъ	polish	karm	karm		
lixo	polish	licho	ˈlʲixɔ		
čekati	polish	czekać	ˈt͡ʂɛkat͡ɕ		
pьzděti	polish	bzdzieć	bzd͡ʑɛt͡ɕ		
volkà	polish	wɫóka	ˈvwuka		
śěrъ	polish	szary	ˈʂarɨ		
čarodějь	polish	czarodziej	t͡ʂaˈrɔd͡ʑɛj		
àstrě̄bъ	polish	jastrząb	ˈjastʂɔmp		
pekti	polish	piec	pʲɛt͡s		
bỳstrъ	polish	bystry	ˈbɨstrɨ		
glěnь	polish	glon	ɡlɔn		
dětę	polish	dziecię	ˈd͡ʑɛt͡ɕɛ		
nasъ	polish	nas	nas		
avьnъ	polish	jawny	ˈjavnɨ		
vorta	polish	wrota	ˈvrɔta		
žely	polish	żóɫwi	ˈʐuwvʲi		
rę̑dъ	polish	rząd	ʐɔnt		
grȏmъ	polish	grom	ɡrɔm		
drъžati	polish	drżeć	drʐɛt͡ɕ		
viti	polish	wić	vʲit͡ɕ		
dalèkъ	polish	daleki	daˈlɛkʲi		
kosmъ	polish	kosm	kɔsm		
tęžъkъ	polish	ciężki	ˈt͡ɕɛ̃ʂkʲi		
gvě̄zdà	polish	gwiazda	ˈɡvʲazda		
bъrtь	polish	barć	bart͡ɕ		
polè̌no	polish	polano	pɔˈlanɔ		
lamъ	polish	ɫam	wam		
mьgà	polish	mgɫa	mɡwa		
měniti	polish	mienić się	ˈmʲɛɲit͡ɕ ɕɛ		
bràtrъ	polish	brat	brat		
juže	polish	już	juʂ		
strycь	polish	stryj	strɨj		
dỳmъ	polish	dym	dɨm		
tǭgà	polish	tęga	ˈtɛŋɡa		
cě̄nà	polish	cena	ˈt͡sɛna		
děl̨a	polish	dla	dla		
ostь̀nъ	polish	oścień	ˈɔɕt͡ɕɛɲ		
vy-	polish	wy-	vɨ		
òrtajь	polish	rataj	ˈrataj		
drobězga	polish	drobiazg	ˈdrɔbʲask		
ěsti	polish	jeść	jɛɕt͡ɕ		
xlě̀bъ	polish	chleb	xlɛp		
tъ̀ščь	polish	czczy	t͡ʂt͡ʂɨ		
mȏzgъ	polish	mózg	musk		
berstъ	polish	brzost	bʐɔst		
orz	polish	roz-	rɔs		
stydъ	polish	wstyd	fstɨt		
devętъ	polish	dziewiąty	d͡ʑɛˈvʲɔntɨ		
koltъ	polish	kɫota	ˈkwɔta		
bьrati	polish	brać	brat͡ɕ		
drě̄màti	polish	drzemać	ˈdʐɛmat͡ɕ		
bobrъ	polish	bóbr	bupr		
cělovàti	polish	caɫować	t͡saˈwɔvat͡ɕ		
òlkomъ	polish	ɫakomy	waˈkɔmɨ		
bliscati	polish	bɫyskać	ˈbwɨskat͡ɕ		
svě̄tjà	polish	świeca	ˈɕfʲɛt͡sa		
mě̀dь	polish	miedź	mʲɛt͡ɕ		
belnъ	polish	blen	blɛn		
gỳnǫti	polish	ginąć	ˈɡʲinɔɲt͡ɕ		
pȋvo	polish	piwo	ˈpʲivɔ		
tr̨ьje	polish	trzy	tʂɨ		
vьrtě̀ti	polish	wiercić	ˈvʲɛrt͡ɕit͡ɕ		
krīdlò	polish	krzydɫo	ˈkʂɨdwɔ		
ǫ̑gъlъ	polish	węgieɫ	ˈvɛŋɡʲɛw		
rǫ̑bъ	polish	rąb	rɔmp		
a	polish	a	a		
krъxъ	polish	krech	krɛx		
moldъ	polish	mɫody	ˈmwɔdɨ		
slìna	polish	ślina	ˈɕlʲina		
sь̑rdьce	polish	serce	ˈsɛrt͡sɛ		
dъždžь	polish	deszcz	dɛʂt͡ʂ		
sъ̏lnьce	polish	sɫońce	ˈswɔɲt͡sɛ		
melti	polish	mleć	mlɛt͡ɕ		
bry	polish	brew	brɛf		
dъxnǫti	polish	tchnąć	txnɔɲt͡ɕ		
màzati	polish	mazać	ˈmazat͡ɕ		
česnъ	polish	czosnek	ˈt͡ʂɔsnɛk		
mȏstъ	polish	most	mɔst		
dȅsętь	polish	dziesięć	ˈd͡ʑɛɕɛɲt͡ɕ		
gńilъ	polish	gniɫy	ˈɡɲiwɨ		
grě́xъ	polish	grzech	ɡʐɛx		
kukati	polish	kukać	ˈkukat͡ɕ		
glògъ	polish	gɫóg	ɡwuk		
pȅpelъ	polish	popióɫ	ˈpɔpʲuw		
mьžiti	polish	mżyć	mʐɨt͡ɕ		
brodìti	polish	brodzić	ˈbrɔd͡ʑit͡ɕ		
bordatъ	polish	brodaty	brɔˈdatɨ		
ȁsenь	polish	jesion	ˈjɛɕɔn		
pȇlnъ	polish	plon	plɔn		
ezъ	polish	jaz	jas		
otvorìti	polish	otvoriti	ɔtfɔˈrʲiti		
sèdmъ	polish	siódmy	ˈɕudmɨ		
gòlъ	polish	goɫy	ˈɡɔwɨ		
mьrzěti	polish	mierzieć	ˈmʲɛʐʲɛt͡ɕ		
čȋnъ	polish	czyn	t͡ʂɨn		
mъlviti	polish	mówić	ˈmuvʲit͡ɕ		
solovikъ	polish	sɫowik	ˈswɔvʲik		
slàbъ	polish	sɫaby	ˈswabɨ		
volknò	polish	wɫókno	ˈvwuknɔ		
mъxъ	polish	mech	mɛx		
zȍlto	polish	zɫoto	ˈzwɔtɔ		
dal̨a	polish	dal	dal		
rekti	polish	rzec	ʐɛt͡s		
luskati	polish	ɫuskać	ˈwuskat͡ɕ		
nyně	polish	ninie	ˈɲiɲɛ		
godьnъ	polish	godny	ˈɡɔdnɨ		
