brъsnǫti	russian	brosnútʹ	brɐsˈnutʲ	brɐsˈnutʲ	
ǫ́sъ	russian	us	ʊs	ˈus	
těsnъ	russian	tésnyj	ˈtʲesnɨj	ˈtʲesnɨi̯	
jьlьmъ	russian	ílʹm	ˈilʲm	ˈilʲm	
tatь	russian	tatʹ	tatʲ	ˈtatʲ	
l̨ubo	russian	líbo	ˈlʲibə	ˈlʲibə	
kǫdě	russian	kudé	kʊˈdʲe		only dialectal	 should be removed
orě̀xъ	russian	oréx	ɐˈrʲex	ɐˈrʲex	
dǭgà	russian	dugá	dʊˈɡa	dʊˈɡa	
kydati	russian	kidátʹ	kʲɪˈdatʲ	kʲɪˈdatʲ	
eto	russian	ė́to	ˈɛtə	ˈɛtə	
badlovati	russian	balovátʹ	bəlɐˈvatʲ	bəɫɐˈvatʲ	
grȏmъ	russian	grom	ɡrom	ˈɡrom	
ȁsenъ	russian	jásenʹ	ˈjæsʲɪnʲ	ˈjæsʲɪnʲ	
sьrna	russian	sérna	ˈsʲernə	ˈsʲernə	
zȏbь	russian	zob	zop	ˈzop	
likъ	russian	lik	lʲik	ˈlʲik	
kàjati	russian	kájatʹsja	ˈka(j)ɪt͡sə	ˈka(j)ɪt͡s:ə	should we decide for a form with or without the glide?
borna	russian	boroná	bərɐˈna	bərɐˈna	
vìděti	russian	vídetʹ	ˈvʲidʲɪtʲ	ˈvʲidʲɪtʲ	
drobězgъ	russian	drobezgá	drəbʲɪzˈɡa	drəbʲɪzˈɡa	MM
edъvà	russian	jedvá	(j)ɪdˈva	jɪdˈva	
činìti	russian	činítʹ	t͡ɕɪˈnʲitʲ	t͡ɕɪˈnʲitʲ	
bȏlь	russian	bolʹ	bolʲ	ˈbolʲ	
lьnǫti	russian	lʹnutʹ	lʲnʊtʲ	ˈlʲnutʲ	
golěnь	russian	gólenʹ	ˈɡolʲɪnʲ	ˈɡolʲɪnʲ	
běžàti	russian	bežátʹ	bʲɪˈʐatʲ	bʲɪˈʐatʲ	
snuti	russian	snovátʹ	snɐˈvatʲ	snɐˈvatʲ	
gъ̑rstь	russian	gorstь	ɡorst	ˈɡorsʲtʲ	
xȗdъ	russian	xudój	xʊˈdoj	xʊˈdoi̯	
sětь	russian	setʹ	sʲɪtʲ	ˈsʲetʲ	
kara	russian	kára	ˈkarə	ˈkarə	
drokъ	russian	drok	drok	ˈdrok	
devętъ	russian	devjátyj	dʲɪˈvʲatɨj	dʲɪˈvʲatɨi̯	MM
dьrzъkъ	russian	dérzkij	ˈdʲerskʲɪj	ˈdʲerskʲɪi̯	MM
sь̑rdьce	russian	sérdce	ˈsʲert͡sə	ˈsʲert͡sə	
greti	russian	grestí	ɡrʲɪˈsʲtʲi	ɡrʲɪˈsʲtʲi	
plěna	russian	plená	plʲɪˈna	plʲɪˈna	
sedъlò	russian	sedló	sʲɪdˈlo	sʲɪdˈlo	
cě̑lъ	russian	célyj	ˈt͡sɛlɨj	ˈt͡sɛɫɨi̯	MM
mokrъ	russian	mókryj	ˈmokrɨj	ˈmokrɨi̯	MM
tęgъ	russian	tjága	ˈtʲaɡə	ˈtʲaɡə	MM
grǫ̀da	russian	grúda	ˈɡrudə	ˈɡrudə	
kopъtъ	russian	kópot	ˈkopət	ˈkopət	
degъtь	russian	djógotʹ	ˈdʲɵɡətʲ	ˈdʲɵɡətʲ	
obolkъ	russian	óblako	ˈobləkə	ˈobɫəkə	
nȏrstъ	russian	nórost	ˈnorəst	ˈnorəst	
norà	russian	norá	nɐˈra	nɐˈra	
sèdmъ	russian	sedʹmój	sʲɪdʲˈmoj	sʲɪdʲˈmoi̯	
br̨ȗxъ	russian	brjúxo	ˈbrʲuxə	ˈbrʲuxə	
plàviti	russian	plávitʹ	ˈplavʲɪtʲ	ˈpɫavʲɪtʲ	
droždžьje	russian	dróžži	ˈdroʐːɨ	ˈdroʐːɨ	
glīstà	russian	glist	ɡlʲist	ˈɡlʲist	MM
poltьnò	russian	polotnó	pəlɐtˈno	pəɫɐtˈno	
gręsti	russian	gredut	ɡrʲedʊt		this is a dialectal 3sgprs	 it should be removed from the sample
àbolnь	russian	jáblonʹ	ˈjablənʲ	ˈjabɫənʲ	PSl àblonь
tęžъkъ	russian	tjážkij	ˈtʲaʂkʲɪj	ˈtʲaʂkʲɪi̯	
měšъkъ	russian	mex	mʲex	ˈmʲex	
mǫ̀čiti	russian	múčitʹ	ˈmut͡ɕɪtʲ	ˈmut͡ɕɪtʲ	
nekъto	russian	nékto	ˈnʲektə	ˈnʲektə	
vьśь	russian	vesʹ	vʲɪsʲ	ˈvʲesʲ	
cě̄nìti	russian	cenítʹ	t͡sɨˈnʲitʲ	t͡sɨˈnʲitʲ	
lьgъkъ	russian	ljógkij	ˈlʲɵkkʲɪj	ˈlʲɵxkʲɪi̯	
odolě̀ti	russian	odolétʹ	ɐdɐˈlʲetʲ	ɐdɐˈlʲetʲ	
mъděti	russian	modetʹ	mədʲɪtʲ		only dialectal	 should be removed
glěnъ	russian	glenʹ	ɡlʲenʲ	ˈɡlʲenʲ	
červьje	russian	čerjóvʹja	t͡ɕɪˈrʲɵv⁽ʲ⁾jə	t͡ɕɪˈrʲɵv⁽ʲ⁾jə	MM
kolo	russian	kolesó	kəlʲɪˈso	kəlʲɪˈso	
bě̑sъ	russian	bes	bʲes	ˈbʲes	
čuditi sę	russian	čudítʹ	t͡ɕʉˈdʲitʲ	t͡ɕʉˈdʲitʲ	there is a reflexive in Ru also: t͡ɕuˈdʲit͡s:ə -> replace?
kosnǫti	russian	kosnútʹsja	kɐsˈnut͡sːə	kɐsˈnut͡sːə	
mèčь	russian	mečʹ	mʲɪt͡ɕ	ˈmʲet͡ɕ	
tr̨ьje	russian	tri	trʲi	ˈtrʲi	
lьdza	russian	lʹzja	lʲzʲa	ˈlʲzʲa	
žeravь	russian	žurávlʹ	ʐʊˈravlʲ	ʐʊˈravlʲ	
bezъ	russian	bez	bʲɪs	ˈbʲes	
bǫbьnъ	russian	búben	ˈbubʲɪn	ˈbubʲɪn	
rъvàti	russian	rvatʹ	rvatʲ	ˈrvatʲ	
mъdьlьnъ	russian	médlennyj	ˈmʲedlʲɪn(ː)ɨj	ˈmʲedlʲɪn(ː)ɨi̯	should we get rid of this kind of parantheses?
gòlъ	russian	gólyj	ˈɡolɨj	ˈɡolɨj	
grubъ	russian	grúbyj	ˈɡrubɨj	ˈɡrubɨi̯	
otъverzti	russian	otvérztʹ	ɐtˈvʲersʲtʲ	ɐtˈvʲersʲtʲ	
rębika	russian	rjabíka	rʲɪˈbʲikə	rʲɪˈbʲikə	
bъ̑rz	russian	bórzyj	ˈborzɨj	ˈborzɨi̯	MM
dȅsętь	russian	désjatʹ	ˈdʲesʲɪtʲ	ˈdʲesʲɪtʲ	
stòlъ	russian	stol	stol	ˈstoɫ	
čędъ	russian	čádo	ˈt͡ɕadə	ˈt͡ɕadə	
lě̑xà	russian	lexá	lʲɪˈxa	lʲɪˈxa	
ovь̀sъ	russian	ovjós	ɐˈvʲɵs	ɐˈvʲɵs	
vьsь	russian	vesʹ	vʲɪsʲ	ˈvʲesʲ	
blekotъ	russian	bljókot	ˈblʲɵkət	ˈblʲɵkət	
blizna	russian	blízna	ˈblʲiznə	ˈblʲiznə	
jьlъ	russian	il	ɪl	ˈil	
àblonь	russian	jáblonʹ	ˈjablənʲ	ˈjabɫənʲ	
rỳdlo	russian	rýlo	ˈrɨlə	ˈrɨɫə	
otъvětjati	russian	otvečátʹ	ɐtvʲɪˈt͡ɕætʲ	ɐtvʲɪˈt͡ɕætʲ	
lětь	russian	letʹ	lʲɪtʲ	ˈlʲetʲ	
gaditi	russian	gáditʹ	ˈɡadʲɪtʲ	ˈɡadʲɪtʲ	
polšiti	russian	pološítʹ	pəlɐˈʂɨtʲ	pəɫɐˈʂɨtʲ	
prosějati	russian	proséjatʹ	prɐˈsʲe(j)ɪtʲ	prɐˈsʲe(j)ɪtʲ	get rid of parantheses?
tęga	russian	tjága	ˈtʲaɡə	ˈtʲaɡə	
bìti	russian	bitʹ	bʲitʲ	ˈbʲitʲ	
rūnò	russian	runó	rʊˈno	rʊˈno	
brъstь	russian	brostʹ	brosʲtʲ	ˈbrosʲtʲ	
natь	russian	natína	nɐˈtʲinə	nɐˈtʲinə	
azъ	russian	ja	ja	ˈja	
ežika	russian	ožíka	ɐˈʐɨkə	ɐˈʐɨkə	
mèrža	russian	meréža	mʲɪˈrʲeʐə	mʲɪˈrʲeʐə	this is only dialectal	 if I would have to posit a virual standard form it would be mʲɪˈrʲɵʐə 
ȁgoda	russian	jágoda	ˈjaɡədə	ˈjaɡədə	
pьsàti	russian	pisátʹ	pʲɪˈsatʲ	pʲɪˈsatʲ	
stàti	russian	statʹ	statʲ	ˈstatʲ	
mъrgati	russian	morgát	mɐrˈɡat	mɐrˈɡat	
děti	russian	detʹ	dʲɪtʲ	ˈdʲetʲ	
jьkrà	russian	ikrá	ɪˈkra	ɪˈkra	
elьxa	russian	olʹxá	ɐlʲˈxa	ɐlʲˈxa	
jьgrь	russian	igrá	ɪˈɡra	ɪˈɡra	
želě̀zo	russian	želézo	ʐɨˈlʲezə	ʐɨˈlʲezə	
krasà	russian	krasá	krɐˈsa	krɐˈsa	
velь	russian	velij	vʲɪlʲɪj	vʲɪlʲɪi̯	this is obsulete
vъsuje	russian	vsúe	ˈfsu	ˈfsu(j)ɪ	
durьnъ	russian	durnój	dʊrˈnoj	dʊrˈnoi̯	MM
vь̀rša	russian	vérša	ˈvʲerʂə	ˈvʲerʂə	
kričati	russian	kričátʹ	krʲɪˈt͡ɕætʲ	krʲɪˈt͡ɕætʲ	
xȏdъ	russian	xod	xot	ˈxot	
soxà	russian	soxá	sɐˈxa	sɐˈxa	
bȇrgъ	russian	béreg	ˈbʲerʲɪk	ˈbʲerʲɪk	
kotorъ	russian	kotóryj	kɐˈtorɨj	kɐˈtorɨi̯	
mȏstъ	russian	most	most	ˈmost	
mъždžiti	russian	mozžítʹ	mɐzˈʐɨtʲ		this is only dialectal	 if I would have to posit a virual standard form it would be mɐzˈʑ:itʲ
klějь	russian	klej	klʲej	ˈklʲej	
gńìti	russian	gnitʹ	ɡnʲɪtʲ	ˈɡnʲitʲ	
znàti	russian	znatʹ	znatʲ	ˈznatʲ	
plỳti	russian	plytʹ	plɨtʲ	pɫɨtʲ	
okъnò	russian	oknó	ɐkˈno	ɐkˈno	
līcè	russian	licó	lʲɪˈt͡so	lʲɪˈt͡so	
cě̄lìti	russian	celítʹ	t͡sɨˈlʲitʲ	t͡sɨˈlʲitʲ	
dīvìti	russian	divítʹsja	dʲɪˈvʲit͡sːə	dʲɪˈvʲit͡sːə	
elenъ	russian	olénʹ	ɐˈlʲenʲ	ɐˈlʲenʲ	
mošьna	russian	mošьná	mɐʂɨˈna	mɐʂˈna	
ežica	russian	ožíka	ɐˈʐɨkə	ɐˈʐɨkə	
drǫ́kъ	russian	druk	druk	ˈdruk	
ležàti	russian	ležátʹ	lʲɪˈʐatʲ	lʲɪˈʐatʲ	
žę̀tva	russian	žátva	ˈʐatvə	ˈʐatvə	
vъpìti	russian	vopítʹ	vɐˈpʲitʲ	vɐˈpʲitʲ	
mъlviti	russian	mólvitʹ	ˈmolvʲɪtʲ	ˈmoɫvʲɪtʲ	
bràtъ	russian	brat	brat	ˈbrat	
lękati	russian	ljakátʹ	lʲɪˈkatʲ	lʲɪˈkatʲ	
sě̀jati	russian	séjatʹ	ˈsʲe(j)ɪtʲ	ˈsʲe(j)ɪtʲ	get rid of parantheses?
trǫtъ	russian	trútenʹ	ˈtrutʲɪnʲ	ˈtrutʲɪnʲ	MM
nikati	russian	níkatʹ	ˈnʲikətʲ	ˈnʲikətʲ	
spě̀ti	russian	spetʹ	spʲɪtʲ		
pàǭkъ	russian	paúk	pɐˈuk		
klìcati	russian	klíkatʹ	ˈklʲikətʲ		
bylьje	russian	bylʹjó	bɨˈlʲjɵ		
zьlčь	russian	žjólčʹ	ˈʐɨlt͡ɕ		
gǫgn̨avъ	russian	gugnávyj	ɡʊɡˈnavɨj		
kъjь	russian	koj	koj		
mъzga	russian	mzga	mzɡa		
bobrъ	russian	bobr	boˈbr		
ězda	russian	ezdá	ɪzˈda		
pavorzъ	russian	pávoroz	ˈpavərəs		
tučьnъ	russian	túčnyj	ˈtut͡ɕnɨj		
kъlka	russian	kolk	kolk		
zъly	russian	zolóvka	zɐˈlofkə		
ǭtròba	russian	utróba	ʊˈtrobə		
krukъ	russian	kruk	kruk		
rě̑čь	russian	rečʹ	rʲɪt͡ɕ		
glístъ	russian	glist	ɡlʲist		
grę̄dà	russian	grjadá	ɡrʲɪˈda		
lasъ	russian	lásyj	ˈlasɨj		
polè̌no	russian	poléno	pɐˈlʲenə		
ȏlsь	russian	losʹ	losʲ		
kasati	russian	kasátʹsja	kɐˈsat͡sːə		
letěti	russian	letétʹ	lʲɪˈtʲetʲ		
volknò	russian	voloknó	vəlɐkˈno		
ęzỳkъ	russian	jazýk	(j)ɪˈzɨk		
dьrzъ	russian	dérzyj	ˈdʲerzɨj		
dъnò	russian	dno	dno		
lъgati	russian	lgatʹ	lɡatʲ		
solvъ	russian	solóvyj	sɐˈlovɨj		
mъlva	russian	molvá	mɐlˈva		
mę̑so	russian	mjáso	ˈmʲasə		
krečetъ	russian	kréčet	ˈkrʲet͡ɕɪt		
klikъ	russian	klik	klʲik		
xlębь	russian	xljabʹ	xlʲapʲ		
vesti	russian	vestí	vʲɪˈsʲtʲi		
dalèkъ	russian	daljókij	dɐˈlʲɵkʲɪj		
vedro	russian	vjódro	ˈvʲɵdrə		
būdìti	russian	budítʹ	bʊˈdʲitʲ		
pekti	russian	pečʹ	pʲɪt͡ɕ		
sanь	russian	sáni	ˈsanʲɪ		
slimakъ	russian	slimák	s⁽ʲ⁾lʲɪˈmak		
bǫbьniti	russian	bubnítʹ	bʊbˈnʲitʲ		
bedrò	russian	bedró	bʲɪˈdro		
dъvojь	russian	dvóe	ˈdvoe		
čarodějь	russian	čarodéj	t͡ɕɪrɐˈdʲej		
xorniti	russian	xoronítʹ	xərɐˈnʲitʲ		
veslò	russian	vesló	vʲɪsˈlo		
trāvìti	russian	travítʹ	trɐˈvʲitʲ		
pȇktь	russian	pečʹ	pʲɪt͡ɕ		
bȏlgo	russian	bólogo	ˈboləɡə		
pa	russian	po	pɛ ˈo		
zȏrkъ	russian	zórok	ˈzorək		
remy	russian	reménʹ	rʲɪˈmʲenʲ		
àstrę̄bъ	russian	jástreb	ˈjastrʲɪp		
polxъ	russian	perepolóx	pʲɪrʲɪpɐˈlox		
mykati	russian	mýkatʹ	ˈmɨkətʲ		
sьcati	russian	scatʹ	st͡satʲ		
bȏgъ	russian	bog	bok		
nȏrstь	russian	nórost	ˈnorəst		
sǫ̑kъ	russian	suk	suk		
kobьcь	russian	kóbec	ˈkobʲɪt͡s		
jьmę	russian	ímja	ˈimʲə		
pletjè	russian	plečó	plʲɪˈt͡ɕɵ		
klìknǫti	russian	klíknutʹ	ˈklʲiknʊtʲ		
mimo	russian	mímo	ˈmʲimə		
čь̑stь	russian	čestʹ	t͡ɕɪsʲtʲ		
pȍjāsъ	russian	pójas	ˈpojəs		
berstъ	russian	bérest	ˈbʲerʲɪst		
olbǭdь	russian	lébedʹ	ˈlʲebʲɪtʲ		
xlǫdъ	russian	xlud	xlut		
rę̑dъ	russian	rjad	rʲat		
bèrmę	russian	berémja	bʲɪˈrʲemʲə		
svòrka	russian	soróka	sɐˈrokə		
drobìti	russian	drobítʹ	drɐˈbʲitʲ		
pь̀strъ	russian	pjóstryj	ˈpʲɵstrɨj		
užasъ	russian	úžas	ˈuʐəs		
palъka	russian	pálka	ˈpalkə		
trъ̑stь	russian	trostʹ	trosʲtʲ		
kopъtь	russian	kópot	ˈkopət		
kȏstь	russian	kostʹ	kosʲtʲ		
korìti	russian	korítʹ	kɐˈrʲitʲ		
luska	russian	luská	lʊˈska		
bèrza	russian	berjóza	bʲɪˈrʲɵzə		
dьnьsь	russian	dnesʹ	dʲnʲɪsʲ		
kъlkъ	russian	kolk	kolk		
prę̀dnǫti	russian	prjánutʹ	ˈprʲanʊtʲ		
sovà	russian	sová	sɐˈva		
kъ	russian	k(o)	koə		
drevьnъ	russian	drévnij	ˈdrʲevnʲɪj		
stonъ	russian	ston	ston		
gȏstь	russian	gostʹ	ɡosʲtʲ		
žьzlъ	russian	žezl	ʐɨzl		
lędvьja	russian	ljádveja	ˈlʲadvʲɪjə		
bordà	russian	borodá	bərɐˈda		
vỳmę	russian	výmja	ˈvɨmʲə		
ǫziti	russian	úzitʹ	ˈuzʲɪtʲ		
bl̨ustì	russian	bljustí	blʲʉˈsʲtʲi		
gnestì	russian	gnestí	ɡnʲɪˈsʲtʲi		
mižati	russian	mžatʹ	mʐatʲ		
govorìti	russian	govorítʹ	ɡəvɐˈrʲitʲ		
porà	russian	porá	pɐˈra		
l̨utiti	russian	ljutítʹsja	lʲʉˈtʲit͡sːə		
morъ	russian	mor	mor		
vьdovà	russian	vdová	vdɐˈva		
glȗxъ	russian	gluxój	ɡlʊˈxoj		
plěsnь	russian	plésenʹ	ˈplʲesʲɪnʲ		
rědъkъ	russian	rédkij	ˈrʲetkʲɪj		
mъšica	russian	mšíca	ˈmʂɨt͡sə		
zьrěti	russian	zretʹ	zrʲɪtʲ		
gnȏjь	russian	gnoj	ɡnoj		
tesàti	russian	tesátʹ	tʲɪˈsatʲ		
bràtьja	russian	brátʹja	ˈbratʲjə		
lamъ	russian	lam	lam		
lemexъ	russian	lémex	ˈlʲemʲɪx		
lixo	russian	líxo	ˈlʲixə		
čitati	russian	čitátʹ	t͡ɕɪˈtatʲ		
kromě	russian	króme	ˈkromʲe		
l̨utъ	russian	ljútyj	ˈlʲutɨj		
zar̨à	russian	zarjá	zɐˈrʲa		
pręsti	russian	prjastʹ	prʲɪsʲtʲ		
rìnǫti	russian	rínutʹsja	ˈrʲinʊt͡sə		
sъn	russian	s(o)	soə		
kogъdy	russian	kogdá	kɐɡˈda		
ȍlovo	russian	ólovo	ˈoləvə		
lěnъ	russian	ljánoj	ˈlʲanəj		
dzělo	russian	zeló	zʲɪˈlo		
emela	russian	oméla	ɐˈmʲelə		
čemerъ	russian	čémer	ˈt͡ɕemʲɪr		
tvȃrь	russian	tvarʹ	tvarʲ		
velìkъ	russian	velíkij	vʲɪˈlʲikʲɪj		
grьměti	russian	gremétʹ	ɡrʲɪˈmʲetʲ		
vъnъ	russian	von	von		
gǫžь	russian	guž	ɡuʂ		
čermuxa	russian	čerjómuxa	t͡ɕɪˈrʲɵmʊxə		
zę̀tь	russian	zjatʹ	zʲɪtʲ		
zijati	russian	zijátʹ	zʲɪˈjætʲ		
vъtorъkъ	russian	vtórnik	ˈftornʲɪk		
vesnà	russian	vesná	vʲɪsˈna		
ūstà	russian	ustá	ʊˈsta		
tȏkъ	russian	tok	tok		
ěrь	russian	jarʹ	(j)ɪrʲ		
vъn	russian	v(o)	voə		
teslò	russian	teslá	tʲɪsˈla		
obьlъ	russian	óblyj	ˈoblɨj		
kamy	russian	kámenʹ	ˈkamʲɪnʲ		
lě̑sъ	russian	les	lʲes		
ju	russian	užé	ʊˈʐɛ		
rỳti	russian	rytʹ	rɨtʲ		
osъ̀tъ	russian	osót	ɐˈsot		
gńìda	russian	gnída	ˈɡnʲidə		
korà	russian	korá	kɐˈra		
drъžь	russian	drožʹ	droʂ		
grǫdъ	russian	grúda	ˈɡrudə		
myto	russian	mýto	ˈmɨtə		
tęgnǫti	russian	tjanútʹ	tʲɪˈnutʲ		
rǫ̑bъ	russian	rub	rup		
krǫglъ	russian	krúglyj	ˈkruɡlɨj		
zmь̀jь	russian	zmej	zmʲej		
koprъ	russian	kopjór	kɐˈpʲɵr		
dȗxъ	russian	dux	dux		
mě̑sìti	russian	mesítʹ	mʲɪˈsʲitʲ		
męzdro	russian	mezdrá	mʲɪzˈdra		
perti	russian	perétʹ	pʲɪˈrʲetʲ		
kòrva	russian	koróva	kɐˈrovə		
tǭgà	russian	tugá	tʊˈɡa		
liběvъ	russian	ljubávyj	lʲʊˈbavɨj		
čęda	russian	čádo	ˈt͡ɕadə		
pȍpelъ	russian	pépel	ˈpʲepʲɪl		
kòlda	russian	kolóda	kɐˈlodə		
měniti	russian	menítʹ	mʲɪˈnʲitʲ		
jьmàti	russian	imátʹ	ɪˈmatʲ		
ozòrdъ	russian	ozoród	ɐzɐˈrot		
morà	russian	móra	ˈmorə		
stàdo	russian	stádo	ˈstadə		
krỳti	russian	krytʹ	krɨtʲ		
datelь	russian	dátelʹ	ˈdatʲɪlʲ		
męzdra	russian	mezdrá	mʲɪzˈdra		
tretь	russian	trétij	ˈtrʲetʲɪj		
čemerika	russian	čemeríca	t͡ɕɪmʲɪˈrʲit͡sə		
gъrnъ	russian	gorn	ɡorn		
sỳrъ	russian	syr	sɨr		
gǫ̑sь	russian	gusʹ	ɡusʲ		
žegti	russian	žečʹ	ʐɨt͡ɕ		
dva	russian	dva	dva		
želdъ	russian	óželedʹ	ˈoʐɨlʲɪtʲ		
ęti	russian	jatʹ	(j)ɪtʲ		
pàmętь	russian	pámjatʹ	ˈpamʲɪtʲ		
tvьrdь	russian	tverdʹ	tvʲertʲ		
sъmьrtь	russian	smertʹ	smʲɪrtʲ		
minǫti	russian	minútʹ	mʲɪˈnutʲ		
sy̑nъ	russian	synъ	sɨn		
sǫ-	russian	su-	su ˈɛ		
kъn	russian	k(o)	koə		
žarъ	russian	žar	ʐar		
nevodъ	russian	névod	ˈnʲevət		
ǫtrь	russian	vnutrʹ	vnʊtrʲ		
šulo	russian	šúlo	ˈʂulə		
sǫdì	russian	sudʹjá	sʊˈdʲja		
otjutiti	russian	očutítʹsja	ɐt͡ɕʉˈtʲit͡sːə		
glěnь	russian	glenʹ	ɡlʲenʲ		
lǭkà	russian	luká	lʊˈka		
lȗbъ	russian	lub	lup		
čьrtà	russian	čertá	t͡ɕɪrˈta		
čь̀rnъ	russian	čjórnyj	ˈt͡ɕɵrnɨj		
gospodinъ	russian	gospodín	ɡəspɐˈdʲin		
mě̀lъkъ	russian	melyj	mʲɪlɨj		
vȇrsъ	russian	véresk	ˈvʲerʲɪsk		
bȏrnь	russian	bóronʹ	ˈborənʲ		
paznegъtь	russian	paznógtʹ	pɐzˈnoktʲ		
dāvàti	russian	davátʹ	dɐˈvatʲ		
mě̑xъ	russian	mex	mʲex		
lìpa	russian	lípa	ˈlʲipə		
drȗgъ	russian	drug	druk		
tъrgati	russian	rastorgátʹ	rəstɐrˈɡatʲ		
kǫsati	russian	kusátʹ	kʊˈsatʲ		
dāvìti	russian	davítʹ	dɐˈvʲitʲ		
dužь	russian	djúžij	ˈdʲuʐɨj		
àsъtrě̄bъ	russian	jástreb	ˈjastrʲɪp		
melti	russian	molótʹ	mɐˈlotʲ		
pьlztì	russian	polztí	pɐlˈzʲtʲi		
rębъkъ	russian	rjabʹ	rʲapʲ		
rajati	russian	rájatʹ	ˈra(j)ɪtʲ		
studìti	russian	studítʹ	stʊˈdʲitʲ		
gъnàti	russian	gnatʹ	ɡnatʲ		
glěvь	russian	gljóv	ˈɡlʲɵf		
bě̄dà	russian	bedá	bʲɪˈda		
kopьje	russian	kopʹjó	kɐˈp⁽ʲ⁾jɵ		
xoxotati	russian	xoxotátʹ	xəxɐˈtatʲ		
ȍpakъ	russian	ópak(o)	ˈopəkə		
drevě	russian	drevě	drʲef		
čersъ	russian	čérez	ˈt͡ɕerʲɪs		
dojìti	russian	doítʹ	dɐˈitʲ		
kazati	russian	kazátʹ	kɐˈzatʲ		
i	russian	i	i		
černь	russian	čérenʹ	ˈt͡ɕerʲɪnʲ		
grebenь	russian	grébenʹ	ˈɡrʲebʲɪnʲ		
dȃnь	russian	danʹ	danʲ		
sočìti	russian	sočítʹ	sɐˈt͡ɕitʲ		
prosìti	russian	prosítʹ	prɐˈsʲitʲ		
jьkro	russian	ikrá	ɪˈkra		
pьcьlъ	russian	péklo	ˈpʲeklə		
vy-	russian	vy-	vɨ		
pèlva	russian	polóva	pɐˈlovə		
mьža	russian	mža	mʐa		
xvojь	russian	xvója	ˈxvojə		
lъža	russian	lža	la		
tekti	russian	tečʹ	tʲɪt͡ɕ		
ězъ	russian	iž	iʂ		
gordjь	russian	goróža	ɡɐˈroʐə		
beleniti	russian	(uz)belenítʹsja	ˌazzʲbʲɪlʲɪˈnʲit͡sːə		
mȃzь	russian	mazʹ	masʲ		
větjati	russian	veščátʹ	vʲɪˈɕːætʲ		
tȗrъ	russian	tur	tʊr		
osьla	russian	osjólok	ɐˈsʲɵlək		
strъjь	russian	stroj	stroj		
sadìti	russian	sadítʹ	sɐˈdʲitʲ		
kukati	russian	kúkatʹ	ˈkukətʲ		
porъnъ	russian	pornój	pɐrˈnoj		
govьnò	russian	govnó	ɡɐvˈno		
golěmъ	russian	goljámyj	ɡɐˈlʲamɨj		
česnъkъ	russian	česnók	t͡ɕɪsˈnok		
drāpàti	russian	drápatʹ	ˈdrapətʲ		
nuditi	russian	núditʹ	ˈnudʲɪtʲ		
lь̑nъ	russian	ljón	ˈlʲɵn		
nyr̨ati	russian	nyrjátʹ	nɨˈrʲætʲ		
làska	russian	láska	ˈlaskə		
bъ̀dr̨ь	russian	bódryj	ˈbodrɨj		
čèznǫti	russian	čéznutʹ	ˈt͡ɕeznʊtʲ		
krȍsno	russian	krósna	ˈkrosnə		
grozà	russian	grozá	ɡrɐˈza		
kogъda	russian	kogdá	kɐɡˈda		
mestì	russian	mestí	mʲɪˈsʲtʲi		
vorta	russian	voróta	vɐˈrotə		
mogtь	russian	močʹ	mot͡ɕ		
ostь̀nъ	russian	ostén	ɐˈsʲtʲen		
piskalъ	russian	piskárʹ	pʲɪˈskarʲ		
brězgъ	russian	brezg	brʲɪzk		
klokotati	russian	klokotátʹ	kləkɐˈtatʲ		
vetъxъ	russian	vétxij	ˈvʲetxʲɪj		
kozьlъ	russian	kozjól	kɐˈzʲɵl		
nъně	russian	nýne	ˈnɨnʲe		
četverъ	russian	čétvero	ˈt͡ɕetvʲɪrə		
nȅbo	russian	nébo	ˈnʲebə		
per	russian	pére-	ˈpʲerʲe ˈo		
pь̀rsь	russian	pérsi	ˈpʲersʲɪ		
kaznь	russian	kaznʹ	kazʲ		
vę̀dnǫti	russian	vjánutʹ	ˈvʲanʊtʲ		
bràtrъ	russian	brat	brat		
koltiti	russian	kolotítʹ	kəlɐˈtʲitʲ		
sestrà	russian	sestrá	sʲɪˈstra		
govorъ	russian	góvor	ˈɡovər		
plàkati	russian	plákatʹ	ˈplakətʲ		
strьženь	russian	stréženʹ	ˈstrʲeʐɨnʲ		
ese	russian	vosé	vɐˈsʲe		
òlkati	russian	alkátʹ	ɐlˈkatʲ		
pàra	russian	par	par		
pǫčina	russian	pučína	pʊˈt͡ɕinə		
kolě̀no	russian	koléno	kɐˈlʲenə		
klětь	russian	kletʹ	klʲetʲ		
vě̀ra	russian	véra	ˈvʲerə		
gāsìti	russian	gasítʹ	ɡɐˈsʲitʲ		
kǫda	russian	kudá	kʊˈda		
xoldьnъ	russian	xolódnyj	xɐˈlodnɨj		
žьrtva	russian	žértva	ˈʐɛrtvə		
svȏrbъ	russian	svórob	ˈsvorəp		
divъ	russian	div	dʲɪf		
krotъkъ	russian	krótkij	ˈkrotkʲɪj		
gȏldъ	russian	gólod	ˈɡolət		
pǫkti	russian	púčitʹ	ˈput͡ɕɪtʲ		
jь̑go	russian	ígo	ˈiɡə		
krovъ	russian	krov	krof		
vьrěti	russian	vretʹ	vrʲɪtʲ		
rekti	russian	rečí	rʲɪˈt͡ɕi		
osà	russian	osá	ɐˈsa		
pȗstъ	russian	pustój	pʊˈstoj		
lovìti	russian	lovítʹ	lɐˈvʲitʲ		
bě̄dìti	russian	bedítʹ	bʲɪˈdʲitʲ		
lososь	russian	losósʹ	lɐˈsosʲ		
lìti	russian	lit	lʲit		
blьknǫti	russian	bljóknutʹ	ˈblʲɵknʊtʲ		
bъděti	russian	bdetʹ	bdʲɪtʲ		
gadati	russian	gadátʹ	ɡɐˈdatʲ		
solvьjь	russian	solovéj	səlɐˈvʲej		
čerzъ	russian	čérez	ˈt͡ɕerʲɪs		
tęgati	russian	tjagátʹ	tʲɪˈɡatʲ		
pra	russian	pro	pro		
čьxati	russian	čixátʹ	t͡ɕɪˈxatʲ		
čermъxa	russian	čerjómuxa	t͡ɕɪˈrʲɵmʊxə		
gajati	russian	gájatʹ	ˈɡa(j)ɪtʲ		
sovati	russian	sovátʹ	sɐˈvatʲ		
gvorъ	russian	góvor	ˈɡovər		
košarъ	russian	košára	kɐˈʂarə		
kurenьje	russian	kurénʹe	kʊˈrʲenʲːe		
kъde	russian	gde	ɡʲe		
bèrdjь	russian	beréžaja	bʲɪˈrʲeʐəjə		
tь̏nьkъ	russian	tónkij	ˈtonkʲɪj		
pasti	russian	pastí	pɐˈsʲtʲi		
my̑slь	russian	myslʹ	mɨs⁽ʲ⁾lʲ		
sěkti	russian	sečʹ	sʲɪt͡ɕ		
prodadja	russian	prodáža	prɐˈdaʐə		
mȃstь	russian	mastʹ	masʲtʲ		
otrokъ	russian	ótrok	ˈotrək		
rȏgъ	russian	rog	rok		
vъnùkъ	russian	vnúk	ˈvnuk		
gǫgnavъ	russian	gugnávyj	ɡʊɡˈnavɨj		
krasti	russian	krastʹ	krasʲtʲ		
ǫ́žь	russian	už	uʂ		
lonò	russian	lóno	ˈlonə		
sìto	russian	síto	ˈsʲitə		
bridь	russian	bryd	brɨt		
ložìti	russian	ložítʹsja	lɐˈʐɨt͡sːə		
orbъ	russian	rab	rap		
ežь	russian	jóž	ˈjɵʂ		
dьliti	russian	dlítʹsja	ˈdlʲit͡sːə		
mьněti	russian	mnitʹ	mnʲɪtʲ		
sъpati	russian	spatʹ	spatʲ		
vȏrnъ	russian	vóron	ˈvorən		
mě̄zgà	russian	mezgá	mʲɪzˈɡa		
xomǫtъ	russian	xomút	xɐˈmut		
grę̑zь	russian	grjazʹ	ɡrʲɪsʲ		
sìvъ	russian	sívyj	ˈsʲivɨj		
ěžь	russian	iž	iʂ		
dęgъ	russian	djága	ˈdʲaɡə		
gnusiti	russian	gnusítʹ	ɡnʊˈsʲitʲ		
mȏzgъ	russian	mozg	mosk		
sъ̏lnьce	russian	sólnce	ˈsolnt͡sɨ		
zòrdъ	russian	zoród	zɐˈrot		
ostrovъ	russian	óstrov	ˈostrəf		
krъxa	russian	kroxá	krɐˈxa		
velkti	russian	volóčʹ	vɐˈlot͡ɕ		
dȋvo	russian	dívo	ˈdʲivə		
ob	russian	o(b/bo)	ɐdbobə		
vȏzъ	russian	voz	vos		
jesìka	russian	osína	ɐˈsʲinə		
lomìti	russian	lomítʹ	lɐˈmʲitʲ		
vě̑no	russian	véno	ˈvʲenə		
bòrti	russian	borótʹ	bɐˈrotʲ		
bьbrъ	russian	bobr	boˈbr		
slùšati	russian	slúšatʹ	ˈsluʂətʲ		
mȏrkъ	russian	mórok	ˈmorək		
ūzdà	russian	uzdá	ʊzˈda		
varìti	russian	varítʹ	vɐˈrʲitʲ		
mьstiti	russian	mstitʹ	msʲtʲitʲ		
àma	russian	jáma	ˈjamə		
bòlna	russian	boloná	bəlɐˈna		
volstь	russian	vólostʹ	ˈvoləsʲtʲ		
l̨udinъ	russian	ljudína	lʲʉˈdʲinə		
mỳdlo	russian	mýlo	ˈmɨlə		
poriti	russian	porítʹ	pɐˈrʲitʲ		
lȏvъ	russian	lov	lof		
strǫkъ	russian	struk	struk		
stìgnǫti	russian	postígnutʹ	pɐˈsʲtʲiɡnʊtʲ		
oldi	russian	ladʹjá	lɐˈdʲja		
mě̀riti	russian	méra	ˈmʲerə		
tьla	russian	tlo	tlo		
ȏsь	russian	osʹ	ɐsʲ		
ežina	russian	ožína	ɐˈʐɨnə		
dǫ̑bъ	russian	dub	dup		
ěro	russian	jar	jar		
evìnъ	russian	ovín	ɐˈvʲin		
gъrkati	russian	górkatʹ	ˈɡorkətʲ		
mękъkъ	russian	mjágkij	ˈmʲakkʲɪj		
màslo	russian	máslo	ˈmaslə		
golota	russian	golotá	ɡəlɐˈta		
vъ	russian	v(o)	voə		
bȏrъ	russian	bor	bor		
klekotati	russian	klekotátʹ	klʲɪkɐˈtatʲ		
mъxъ	russian	mox	mox		
ȍpako	russian	ópak(o)	ˈopəkə		
tenetò	russian	tenjóto	tʲɪˈnʲɵtə		
znojь	russian	znoj	znoj		
sę̀gati	russian	posjagátʹ	pəsʲɪˈɡatʲ		
lože	russian	lóže	ˈloʐə		
pìtja	russian	píšča	ˈpʲiɕːə		
męknǫti	russian	mjáknutʹ	ˈmʲaknʊtʲ		
jьměti	russian	imétʹ	ɪˈmʲetʲ		
kroma	russian	kromá	krɐˈma		
solnъ	russian	sólonyj	ˈsolənɨj		
pāxàti	russian	paxátʹ	pɐˈxatʲ		
pỳrьjь	russian	pyréj	pɨˈrʲej		
palьcь	russian	pálec	ˈpalʲɪt͡s		
kašьl̨ati	russian	kášljatʹ	ˈkaʂlʲɪtʲ		
mě̀ra	russian	méra	ˈmʲerə		
krīdlò	russian	kryló	krɨˈlo		
doltò	russian	dolotó	dəlɐˈto		
mirъ	russian	mir	mʲir		
bujьnъ	russian	bújny	ˈbujnɨ		
kъrma	russian	kormá	kɐrˈma		
ǫ̀zlъ	russian	úzel	ˈuzʲɪl		
tvorìti	russian	tvorítʹ	tvɐˈrʲitʲ		
mъrky	russian	morkóvʹ	mɐrˈkofʲ		
dovьlěti	russian	dovlétʹ	dɐˈvlʲetʲ		
pȇlnъ	russian	polón	pɐˈlon		
mьžiti	russian	mžitʹ	mʐɨtʲ		
pòlmy	russian	plámja	ˈplamʲə		
četvorъ	russian	čétvero	ˈt͡ɕetvʲɪrə		
jьmela	russian	oméla	ɐˈmʲelə		
bydlo	russian	býdlo	ˈbɨdlə		
però	russian	peró	pʲɪˈro		
žę̀dlo	russian	žálo	ˈʐalə		
osь̀lъ	russian	osjól	ɐˈsʲɵl		
krajь	russian	kraj	kraj		
strьžьnь	russian	stréženʹ	ˈstrʲeʐɨnʲ		
xȏldъ	russian	xólod	ˈxolət		
divьnъ	russian	dívnyj	ˈdʲivnɨj		
rȏdъ	russian	rod	rot		
ȅzero	russian	ózero	ˈozʲɪrə		
oskъrdъ	russian	oskórd	ɐˈskort		
eževika	russian	eževíka	ɪʐɨˈvʲikə		
smьrdě̀ti	russian	smerdétʹ	smʲɪrˈdʲetʲ		
bry	russian	brovʹ	brofʲ		
òrdlo	russian	rálo	ˈralə		
drozdъ	russian	drozd	drozd		
pl̨usna	russian	pljusná	plʲʉsˈna		
gràdъ	russian	grad	ɡrat		
elbedь	russian	lébedʹ	ˈlʲebʲɪtʲ		
màti	russian	matʹ	matʲ		
olьsa	russian	aljós	ɐˈlʲɵs		
kopati	russian	kopát	kɐˈpat		
bě́lъ	russian	bélyj	ˈbʲelɨj		
mьzdà	russian	mzda	mzda		
po	russian	po	pɛ ˈo		
ot	russian	ot(o)	ɐtoə		
krasьnъ	russian	krásnyj	ˈkrasnɨj		
rě̄kà	russian	reká	rʲɪˈka		
kosà	russian	kosá	kɐˈsa		
vъnьziti	russian	vonzítʹ	vɐn⁽ʲ⁾ˈzʲitʲ		
bręždžati	russian	brjazžátʹ	brʲɪˈʐːatʲ		
àstrě̄bъ	russian	jástreb	ˈjastrʲɪp		
dъxъ	russian	dox	dox		
pìti	russian	pitʹ	pʲitʲ		
krǫtъ	russian	krutój	krʊˈtoj		
kòrsta	russian	korósta	kɐˈrostə		
kolta	russian	kólot	ˈkolət		
pь̀lzati	russian	pólzatʹ	ˈpolzətʲ		
davě	russian	dáveča	ˈdavʲɪt͡ɕə		
polъ	russian	pol	pol		
klasti	russian	klastʹ	klasʲtʲ		
kudь	russian	kud	kut		
seló	russian	seló	sʲɪˈlo		
sъ	russian	s(o)	soə		
krȋkъ	russian	krik	krʲik		
sęknǫti	russian	issjáknutʹ	ɪˈsʲːaknʊtʲ		
olnìta	russian	laníta	lɐˈnʲitə		
načęti	russian	načátʹ	nɐˈt͡ɕætʲ		
žerti	russian	žratʹ	ʐratʲ		
dǫ̀ti	russian	dutʹ	dutʲ		
prijatelь	russian	prijátelʹ	prʲɪˈjætʲɪlʲ		
dvòrъ	russian	dvor	dvor		
blekota	russian	bljókot	ˈblʲɵkət		
obuti	russian	obútʹ	ɐˈbutʲ		
kyslъ	russian	kíslyj	ˈkʲis⁽ʲ⁾lɨj		
otvorìti	russian	otvorítʹ	ɐtvɐˈrʲitʲ		
ženà	russian	žená	ʐɨˈna		
mьčьta	russian	mečtá	mʲɪt͡ɕˈta		
motyka	russian	motýga	mɐˈtɨɡə		
glę̀dati	russian	gljádatʹ	ˈɡlʲadətʲ		
zobàti	russian	zobátʹ	zɐˈbatʲ		
náglъ	russian	náglyj	ˈnaɡlɨj		
sęgnǫti	russian	sjagnútʹ	sʲɪɡˈnutʲ		
bьčelà	russian	pčeĺa	pt͡ɕenə		
lěgati	russian	legátʹ	lʲɪˈɡatʲ		
bergtì	russian	beréč́	bʲɪˈrʲet͡ɕ		
mura	russian	mur	mʊr		
plàvati	russian	plávatʹ	ˈplavətʲ		
rębь	russian	rjabʹ	rʲapʲ		
česnъ	russian	česnók	t͡ɕɪsˈnok		
glògъ	russian	glog	ɡlok		
àsъtrę̄bъ	russian	jástreb	ˈjastrʲɪp		
cě̑vь	russian	kevʹ	kʲɪfʲ		
moldъ	russian	molodój	məlɐˈdoj		
bȏrvъ	russian	bórov	ˈborəf		
koterъ	russian	kotóryj	kɐˈtorɨj		
belená	russian	belen	bʲɪlʲɪn		
būčàti	russian	bučátʹ	bʊˈt͡ɕætʲ		
dъždžь	russian	doždʹ	doʐdʲ		
čixati	russian	čixátʹ	t͡ɕɪˈxatʲ		
ǫgorь	russian	úgorʹ	ˈuɡərʲ		
gǫgniti	russian	gugníti	ɡʊɡˈnʲitʲɪ		
volkà	russian	volóka	vɐˈlokə		
pro	russian	pro	pro		
sъporъ	russian	spor	spor		
kòšь	russian	koš	koʂ		
osìna	russian	osína	ɐˈsʲinə		
tekъ	russian	tjók	ˈtʲɵk		
kolto	russian	kólot	ˈkolət		
lixъ	russian	lixój	lʲɪˈxoj		
bìdlo	russian	bílo	ˈbʲilə		
pȏrxъ	russian	pórox	ˈporəx		
lišiti	russian	lišítʹ	lʲɪˈʂɨtʲ		
ògn'ь	russian	ogónʹ	ɐˈɡonʲ		
drě̄màti	russian	dremátʹ	drʲɪˈmatʲ		
pьkъlъ	russian	péklo	ˈpʲeklə		
kutiti	russian	kutítʹ	kʊˈtʲitʲ		
pěgavъ	russian	pégij	ˈpʲeɡʲɪj		
brediti	russian	bréditʹ	ˈbrʲedʲɪtʲ		
čìstъ	russian	čìstyj	t͡ɕstɨj		
droždža	russian	dróžži	ˈdroʐːɨ		
orьmò	russian	orʹmó	ɐrʲˈmo		
tajìti	russian	taítʹ	tɐˈitʲ		
grudъ	russian	grúda	ˈɡrudə		
nogà	russian	nogá	nɐˈɡa		
sěsti	russian	sestʹ	sʲɪsʲtʲ		
duplò	russian	dupló	dʊˈplo		
glumъ	russian	glum	ɡlum		
grajati	russian	grájatʹ	ˈɡra(j)ɪtʲ		
žьrьcь	russian	žrec	ʐrʲet͡s		
brъknǫti	russian	brosnútʹ	brɐsˈnutʲ		
prǫglo	russian	prúglo	ˈpruɡlə		
obětjati	russian	obeščátʹ	ɐbʲɪˈɕːætʲ		
sě̑no	russian	séno	ˈsʲenə		
mikati	russian	míkatʹ	ˈmʲikətʲ		
lěpiti	russian	lepítʹ	lʲɪˈpʲitʲ		
làskati	russian	laskátʹ	lɐˈskatʲ		
dupę	russian	dúpa	ˈdupə		
sȏkъ	russian	sok	sok		
vě̀trъ	russian	véter	ˈvʲetʲɪr		
znàmę	russian	známja	ˈznamʲə		
vьrgnǫti	russian	otvérgnutʹ	ɐtˈvʲerɡnʊtʲ		
děvìca	russian	devíca	dʲɪˈvʲit͡sə		
jùgъ	russian	jug	juk		
otьcь	russian	otéc	ɐˈtʲet͡s		
lęcati	russian	ljakátʹ	lʲɪˈkatʲ		
kurъ	russian	kur	kʊr		
mě̀lъ	russian	melyj	mʲɪlɨj		
smȏrdъ	russian	smórod	ˈsmorət		
děl̨a	russian	dlja	dlʲa		
tǫ̑gъ	russian	tugój	tʊˈɡoj		
ȇdlь	russian	elʹ	ɪlʲ		
rovъ	russian	rov	rof		
česàti	russian	česátʹ	t͡ɕɪˈsatʲ		
zelьje	russian	zélʹe	ˈzʲelʲe		
gǫgnivъ	russian	gugnívyj	ɡʊɡˈnʲivɨj		
vȋdъ	russian	vid	vʲit		
gъ̀rdlo	russian	górlo	ˈɡorlə		
kropiti	russian	kropítʹ	krɐˈpʲitʲ		
ȇ̌dъ	russian	jad	jat		
mь̀rtvъ	russian	mjórtvyj	ˈmʲɵrtvɨj		
esètrъ	russian	osjótr	ɐˈsʲɵtr		
glìva	russian	glíva	ˈɡlʲivə		
tàjati	russian	tájatʹ	ˈta(j)ɪtʲ		
māxàti	russian	maxátʹ	mɐˈxatʲ		
žàba	russian	žába	ˈʐabə		
pazduxa	russian	pázuxa	ˈpazʊxə		
paxnǫti	russian	paxnútʹ	pɐxˈnutʲ		
l̨ȗdьje	russian	ljúdi	ˈlʲʉdʲɪ		
dyxati	russian	dýchatʹ	ˈdɨt͡sətʲ		
dỳmъ	russian	dym	dɨm		
sǫ́dъ	russian	sud	sʊt		
kùpъ	russian	vkúpe	ˈfkupʲe		
bъrtъ	russian	bortʹ	bortʲ		
mȃzъ	russian	mazʹ	masʲ		
sě̀verъ	russian	séver	ˈsʲevʲɪr		
esètra	russian	osjótr	ɐˈsʲɵtr		
davьnъ	russian	dávnij	ˈdavnʲɪj		
pālìti	russian	palítʹ	pɐˈlʲitʲ		
tèrti	russian	terétʹ	tʲɪˈrʲetʲ		
grǫbъ	russian	grúbyj	ˈɡrubɨj		
krina	russian	kriníca	krʲɪˈnʲit͡sə		
vědrò	russian	vedró	vʲɪˈdro		
nedǫ̀gъ	russian	nedúg	nʲɪˈduk		
kotìti sę	russian	kotítʹsja	kɐˈtʲit͡sːə		
dūšà	russian	dušá	dʊˈʂa		
viti	russian	vitʹ	vʲitʲ		
sъmè̌ti	russian	smetʹ	smʲɪtʲ		
solvikъ	russian	solovéj	səlɐˈvʲej		
luzga	russian	luzgá	lʊzˈɡa		
dьlgotà	russian	dolgotá	dəlɡɐˈta		
sìla	russian	síla	ˈsʲilə		
kobь	russian	kobʹ	kopʲ		
vodìti	russian	vodítʹ	vɐˈdʲitʲ		
dьrznǫti	russian	derznútʹ	dʲɪrzˈnutʲ		
nogъtь	russian	nógotʹ	ˈnoɡətʲ		
nȏktь	russian	nočʹ	not͡ɕ		
lъbъ	russian	lob	lop		
materьnъ	russian	matjórnyj	mɐˈtʲɵrnɨj		
nejęsytь	russian	nejásytʹ	nʲɪˈjasɨtʲ		
dę̄snò	russian	desná	dʲɪsˈna		
mogti	russian	močʹ	mot͡ɕ		
gatь	russian	gatʹ	ɡatʲ		
kopa	russian	kopá	kɐˈpa		
àblъkъ	russian	jábloko	ˈjabləkə		
zьjati	russian	zijátʹ	zʲɪˈjætʲ		
globìti	russian	globitʹsja	ɡlobʲɪt͡sə		
līzàti	russian	lizátʹ	lʲɪˈzatʲ		
ezъ	russian	iž	iʂ		
ovьnъ	russian	ovén	ɐˈvʲen		
pъtъka	russian	pótka	ˈpotkə		
glàdъkъ	russian	gládkij	ˈɡlatkʲɪj		
sỳtъjь	russian	sýtyj	ˈsɨtɨj		
bebrъ	russian	bobr	boˈbr		
vȃrъ	russian	var	var		
grìva	russian	gríva	ˈɡrʲivə		
pǫgy	russian	púgovica	ˈpuɡəvʲɪt͡sə		
mamiti	russian	manítʹ	mɐˈnʲitʲ		
vьrtě̀ti	russian	vertétʹ	vʲɪrˈtʲetʲ		
brȏdъ	russian	brod	brot		
slǫ̀ka	russian	slúka	ˈslukə		
pǫgъvica	russian	púgovica	ˈpuɡəvʲɪt͡sə		
dě̀va	russian	déva	ˈdʲevə		
slàbъ	russian	slábyj	ˈslabɨj		
emelo	russian	oméla	ɐˈmʲelə		
ǫty	russian	útka	ˈutkə		
otjьtnǫti	russian	očnútʹsja	ɐt͡ɕˈnut͡sːə		
pь̑rxъ	russian	perx	pʲɪrx		
stьdzà	russian	stezjá	sʲtʲɪˈzʲa		
mě̀sto	russian	mésto	ˈmʲestə		
gǫ̀ba	russian	gubá	ɡʊˈba		
krūpà	russian	krupá	krʊˈpa		
pȍrsę	russian	porosjónok	pərɐˈsʲɵnək		
mьn̨e	russian	ménee	ˈmʲenʲɪe		
lemešь	russian	lémeš	ˈlʲemʲeʂ		
vertenò	russian	veretenó	vʲɪrʲɪtʲɪˈno		
smьjàti	russian	smejátʹsja	smʲɪˈjat͡sːə		
trǫdъ	russian	trut	trut		
otъvorìti	russian	otvorítʹ	ɐtvɐˈrʲitʲ		
medojědъ	russian	medoéd	mʲɪdɐˈɛt		
ě̀snъ	russian	jásny	ˈjasnɨ		
òlčьnъ	russian	álčnyj	ˈalt͡ɕnɨj		
sòmъ	russian	som	som		
zelènъ	russian	zeljónyj	zʲɪˈlʲɵnɨj		
pь̑rstь	russian	perstʹ	pʲɪrsʲtʲ		
pę̑stь	russian	pjastʹ	pʲɪsʲtʲ		
lě̑vъ	russian	lévyj	ˈlʲevɨj		
lъskъ	russian	losk	losk		
medvà	russian	medvá	mʲɪdˈva		
čermъšь	russian	čerjómuxa	t͡ɕɪˈrʲɵmʊxə		
tỳsęti	russian	týsjača	ˈtɨsʲɪt͡ɕə		
kǫtati	russian	kútatʹ	ˈkutətʲ		
slàva	russian	sláva	ˈslavə		
ȅsenь	russian	jésenʹ	ˈjesʲɪnʲ		
nosìti	russian	nosítʹ	nɐˈsʲitʲ		
pьrvъ	russian	pérvyj	ˈpʲervɨj		
česno	russian	česnók	t͡ɕɪsˈnok		
pỳrъ	russian	pyréj	pɨˈrʲej		
nȇrstь	russian	nérest	ˈnʲerʲɪst		
arьmò	russian	jarmó	(j)ɪrˈmo		
spěšiti	russian	spešítʹ	spʲɪˈʂɨtʲ		
grivьna	russian	grívna	ˈɡrʲivnə		
gatъ	russian	gatʹ	ɡatʲ		
doba	russian	dóba	ˈdobə		
majati	russian	májatʹ	ˈma(j)ɪtʲ		
žьltъ	russian	žjóltyj	ˈʐɨltɨj		
dьrba	russian	derbá	dʲɪrˈba		
mьn̨ьjь	russian	ménʹšij	ˈmʲenʲʂɨj		
sę̀dzati	russian	posjagátʹ	pəsʲɪˈɡatʲ		
karati	russian	karátʹ	kɐˈratʲ		
basnь	russian	básnja	ˈbasʲnʲə		
ty	russian	ty	tɨ		
lisa	russian	lisá	lʲɪˈsa		
kudъ	russian	kud	kut		
sě̀mę	russian	sémja	ˈsʲemʲə		
pelesъ	russian	peljósyj	pʲɪˈlʲɵsɨj		
kùditi	russian	kúditʹ	ˈkudʲɪtʲ		
gribati	russian	gríbatʹsja	ˈɡrʲibət͡sə		
sьršenь	russian	šéršenʹ	ˈʂɛrʂɨnʲ		
vȏrgъ	russian	vórog	ˈvorək		
čerdà	russian	čeredá	t͡ɕɪrʲɪˈda		
glupъ	russian	glúpyj	ˈɡlupɨj		
vě̀ko	russian	véko	ˈvʲekə		
nъ	russian	no	no		
jьmelo	russian	oméla	ɐˈmʲelə		
kl̨účь	russian	ključʹ	klʲʉt͡ɕ		
stryjь	russian	stroj	stroj		
morvi	russian	muravéj	mʊrɐˈvʲej		
stogъ	russian	stog	stok		
slȗxъ	russian	slux	slux		
gǫžьva	russian	gúžvá	ˈɡuʐˈva		
nura	russian	núra	ˈnurə		
desętъ	russian	desjátyj	dʲɪˈsʲatɨj		
svekry	russian	svekróvʹ	svʲɪˈkrofʲ		
r̨uti	russian	revétʹ	rʲɪˈvʲetʲ		
ěža	russian	iž	iʂ		
pǫ̀to	russian	púto	ˈputə		
čadъ	russian	čad	t͡ɕat		
xoditi	russian	xodítʹ	xɐˈdʲitʲ		
že	russian	že	ʐɛ		
dęglь	russian	djágilʹ	ˈdʲæɡʲɪlʲ		
òlni	russian	lanʹ	lanʲ		
piskorь	russian	piskárʹ	pʲɪˈskarʲ		
blizь	russian	bliz	blʲis		
tesъ	russian	tjós	ˈtʲɵs		
grъmъ	russian	grom	ɡrom		
sòrka	russian	soróka	sɐˈrokə		
měna	russian	ména	ˈmʲenə		
mǫ́drъ	russian	múdryj	ˈmudrɨj		
vь̀lna	russian	vólna	ˈvolnə		
obrěsti	russian	obrestí	ɐbrʲɪˈsʲtʲi		
òlkomъ	russian	lákomyj	ˈlakəmɨj		
grě́xъ	russian	grex	ɡrʲex		
kȃlъ	russian	kal	kal		
brestì	russian	brestí	brʲɪˈsʲtʲi		
tьlěti	russian	tletʹ	tlʲetʲ		
kašl̨ati	russian	kášljatʹ	ˈkaʂlʲɪtʲ		
drobìna	russian	drobína	drɐˈbʲinə		
oborъ	russian	obóra	ɐˈborə		
kъrnъ	russian	kornój	kɐrˈnoj		
sȗxъ	russian	suxój	sʊˈxoj		
kvě̑tъ	russian	cvet	t͡svʲet		
čerěnь	russian	čeren	t͡ɕɪrʲɪn		
sě̀nь	russian	senʹ	sʲɪnʲ		
pьrtь	russian	pertʹ	pʲɪrtʲ		
sérnъ	russian	serjón	sʲɪˈrʲɵn		
pȋvo	russian	pívo	ˈpʲivə		
sȃdъ	russian	sad	sat		
lopàta	russian	lopáta	lɐˈpatə		
glьjь	russian	glej	ɡlʲej		
vȏlsъ	russian	vólos	ˈvoləs		
màzati	russian	mázatʹ	ˈmazətʲ		
belnъ	russian	belen	bʲɪlʲɪn		
klekъtati	russian	klektátʹ	klʲɪkˈtatʲ		
kòn̨ь	russian	konʹ	konʲ		
pьšenò	russian	pьšenó	pʂɨˈno		
ūslò?	russian	usló	ʊsˈlo		
nòžь	russian	nož	noʂ		
polsà	russian	polosá	pəlɐˈsa		
gàdъ	russian	gad	ɡat		
my	russian	my	mɨ		
rāčìti	russian	ráčitʹ	ˈrat͡ɕɪtʲ		
volžiti	russian	voložítʹ	vəlɐˈʐɨtʲ		
pokòjь	russian	pokój	pɐˈkoj		
dunǫti	russian	dúnutʹ	ˈdunʊtʲ		
žȋvъ	russian	živój	ʐɨˈvoj		
vьlnà	russian	volná	vɐlˈna		
pęti	russian	pjatʹ	pʲɪtʲ		
trȗpъ	russian	trup	trup		
mь̀čь	russian	mečʹ	mʲɪt͡ɕ		
godьnъ	russian	gódnyj	ˈɡodnɨj		
norvъ	russian	nórov	ˈnorəf		
minovati	russian	minovátʹ	mʲɪnɐˈvatʲ		
dь̑nь	russian	denʹ	dʲɪnʲ		
klěšča	russian	kléšči	ˈklʲeɕːɪ		
sỳpati	russian	sýpatʹ	ˈsɨpətʲ		
na	russian	na	na		
šȇstъ	russian	šestój	ʂɨˈstoj		
bě̀gati	russian	bégatʹ	ˈbʲeɡətʲ		
ȏstь	russian	ostʹ	ɐsʲtʲ		
belniti	russian	(uz)belenítʹsja	ˌazzʲbʲɪlʲɪˈnʲit͡sːə		
čerdìti	russian	čeredítʹ	t͡ɕɪrʲɪˈdʲitʲ		
kypě̀ti	russian	kipétʹ	kʲɪˈpʲetʲ		
mělъ	russian	melʹ	mʲɪlʲ		
korbъ	russian	kórob	ˈkorəp		
ęčьmy	russian	jačménʹ	(j)ɪt͡ɕˈmʲenʲ		
nȃgъ	russian	nagój	nɐˈɡoj		
grěti	russian	gretʹ	ɡrʲɪtʲ		
motati	russian	motátʹ	mɐˈtatʲ		
kakъ	russian	kakój	kɐˈkoj		
màlъ	russian	mályj	ˈmalɨj		
ěra	russian	jar	jar		
àblъko	russian	jábloko	ˈjabləkə		
sȏlь	russian	solʹ	solʲ		
pьkъlo	russian	péklo	ˈpʲeklə		
krъvьnъ	russian	króvnyj	ˈkrovnɨj		
strigti	russian	stričʹ	strʲit͡ɕ		
nǫ̀dja	russian	núža	ˈnuʐə		
plotъ	russian	plot	plot		
ešče	russian	eščjó	ɪˈɕːɵ		
stě̀nь	russian	stenʹ	sʲtʲenʲ		
gràbiti	russian	grábitʹ	ˈɡrabʲɪtʲ		
bolěti	russian	bolétʹ	bɐˈlʲetʲ		
xorbrъ	russian	xoróbryj	xɐˈrobrɨj		
jȗnъ	russian	júnyj	ˈjunɨj		
prǫgъ	russian	prug	pruk		
pь̑nь	russian	penʹ	pʲɪnʲ		
ȁsenь	russian	jásenʹ	ˈjæsʲɪnʲ		
sněgъ	russian	sneg	sʲnʲek		
ędza	russian	jagá	(j)ɪˈɡa		
vьrsta	russian	verstá	vʲɪrˈsta		
mьgà	russian	mglá	ˈmɡla		
vě̀jati	russian	véjatʹ	ˈvʲe(j)ɪtʲ		
ěsti	russian	éstʹ	ˈɛsʲtʲ		
nìščь	russian	níščij	ˈnʲiɕːɪj		
dělati	russian	délatʹ	ˈdʲelətʲ		
pri	russian	pri	prʲɪ		
voskъ	russian	vosk	vosk		
edьnъ	russian	odín	ɐˈdʲin		
vozìti	russian	vozítʹ	vɐˈzʲitʲ		
mě̀dь	russian	medʹ	mʲɪdʲ		
lemežь	russian	lémeš	ˈlʲemʲeʂ		
vojь	russian	vóinъ	ˈvoɪn		
kry	russian	krovʹ	krofʲ		
gȏrdъ	russian	górod	ˈɡorət		
oje	russian	vojó	vɐˈjɵ		
čuditi	russian	čudítʹ	t͡ɕʉˈdʲitʲ		
mъnogъ	russian	mnógij	ˈmnoɡʲɪj		
sъpъ	russian	sop	sop		
dupa	russian	dúpa	ˈdupə		
mьlčàti	russian	molčátʹ	mɐlˈt͡ɕætʲ		
onutja	russian	onúča	ɐˈnut͡ɕə		
òrtajь	russian	rátaj	ˈratəj		
košara	russian	košára	kɐˈʂarə		
esetь	russian	osétʹ	ɐˈsʲetʲ		
spě̑xъ	russian	spex	spʲex		
pę̑dь	russian	pjadʹ	pʲɪdʲ		
stьblь	russian	stébelʹ	ˈsʲtʲebʲɪlʲ		
bìčь	russian	bičʹ	bʲɪt͡ɕ		
bolzьno	russian	bólozno	ˈboləznə		
snъxà	russian	snoxá	snɐˈxa		
edìnъ	russian	odín	ɐˈdʲin		
čel̨adь	russian	čéljadʹ	ˈt͡ɕelʲɪtʲ		
ròjь	russian	roj	roj		
zъvati	russian	zovátʹ	zɐˈvatʲ		
vaditi	russian	váditʹ	ˈvadʲɪtʲ		
ě̑rъ	russian	járyj	ˈjarɨj		
studъ	russian	studʹ	stutʲ		
drāžìti	russian	drážitʹ	ˈdraʐɨtʲ		
zь̀rno	russian	zernó	zʲɪrˈno		
etì	russian	etí	ɪˈtʲi		
òsmь	russian	vósemʹ	ˈvosʲɪmʲ		
kotora	russian	kotóra	kɐˈtorə		
gluma	russian	glum	ɡlum		
rokъ	russian	rok	rok		
olni	russian	loní	lɐˈnʲi		
tъ	russian	tot	tot		
dьrnǫti	russian	djórnutʹ	ˈdʲɵrnʊtʲ		
děl̨ьma	russian	dlja	dlʲa		
blějati	russian	bléjatʹ	ˈblʲe(j)ɪtʲ		
ǫ̀glь	russian	úgolʹ	ˈuɡəlʲ		
borzdà	russian	borozdá	bərɐzˈda		
nevě̀sta	russian	nevésta	nʲɪˈvʲestə		
studènъ	russian	studjónyj	stʊˈdʲɵnɨj		
metàti	russian	metátʹ	mʲɪˈtatʲ		
dročiti	russian	dročítʹ	drɐˈt͡ɕitʲ		
ě̀to	russian	jat	(j)at		
porti	russian	porótʹ	pɐˈrotʲ		
bàviti	russian	bávitʹ	ˈbavʲɪtʲ		
svekrъ	russian	svjókor	ˈsvʲɵkər		
pь̀lnъ	russian	pólnyj	ˈpolnɨj		
dę̄snà	russian	desná	dʲɪsˈna		
korenь	russian	kórenʹ	ˈkorʲɪnʲ		
kuča	russian	kúča	ˈkut͡ɕə		
trudъ	russian	trud	trut		
trāvà	russian	travá	trɐˈva		
surovъ	russian	suróvyj	sʊˈrovɨj		
pǫditi	russian	púditʹ	ˈpudʲɪtʲ		
krьnica	russian	kriníca	krʲɪˈnʲit͡sə		
kъsьnъ	russian	kósnyj	ˈkosnɨj		
krotiti	russian	krotítʹ	krɐˈtʲitʲ		
brъkati	russian	brosátʹ	brɐˈsatʲ		
olьxa	russian	olʹxá	ɐlʲˈxa		
telktì	russian	tolóčʹ	tɐˈlot͡ɕ		
òlkomъjь	russian	lákomyj	ˈlakəmɨj		
br̨ȗxo	russian	brjúxo	ˈbrʲuxə		
nestì	russian	nestí	nʲɪˈsʲtʲi		
kremy	russian	kreménʹ	krʲɪˈmʲenʲ		
òrmo	russian	ramená	rəmʲɪˈna		
dě́lъ	russian	del	dʲel		
dęglъ	russian	djáglyj	ˈdʲaɡlɨj		
ludъ	russian	lud	lut		
maniti	russian	manítʹ	mɐˈnʲitʲ		
glǫbòkъ	russian	glubókij	ɡlʊˈbokʲɪj		
mùxa	russian	múxa	ˈmuxə		
murъ	russian	múryj	ˈmurɨj		
pę̑tь	russian	pjatʹ	pʲɪtʲ		
olbodà	russian	lebedá	lʲɪbʲɪˈda		
bьrati	russian	bratʹ	bratʲ		
tręsti	russian	trjastí	trʲɪˈsʲtʲi		
elbǭtь	russian	lébedʹ	ˈlʲebʲɪtʲ		
tỳsǫti	russian	týsjača	ˈtɨsʲɪt͡ɕə		
mȏltъ	russian	mólot	ˈmolət		
žuriti	russian	žurítʹ	ʐʊˈrʲitʲ		
pъtìca	russian	ptíca	ˈptʲit͡sə		
olьse	russian	aljós	ɐˈlʲɵs		
svě̑tъ	russian	světъ	sfʲtʲt		
bridъ	russian	bryd	brɨt		
posětiti	russian	posetítʹ	pəsʲɪˈtʲitʲ		
teti	russian	te(p)tí	tʲɪkpˈtʲi		
protivъ	russian	prótiv	ˈprotʲɪf		
v̀ydra	russian	výdra	ˈvɨdrə		
xlě̀bъ	russian	xleb	xlʲep		
dъkti	russian	dočʹ	dot͡ɕ		
zeml̨à	russian	zemljá	zʲɪˈmlʲa		
kǫpina	russian	kupiná	kʊpʲɪˈna		
rǭkà	russian	ruká	rʊˈka		
prysnǫti	russian	prýsnutʹ	ˈprɨsnʊtʲ		
ȍlkъtь	russian	lókotʹ	ˈlokətʲ		
drevje	russian	drevě	drʲef		
ni	russian	ni	nʲi		
vòn̨ь	russian	vonʹ	vonʲ		
bȁba	russian	bába	ˈbabə		
grobъ	russian	grob	ɡrop		
ǫzъkъ	russian	úzkij	ˈuskʲɪj		
bostì	russian	bostʹ	bosʲtʲ		
drebà	russian	drobá	drɐˈba		
gòrxъ	russian	goróx	ɡɐˈrox		
tě̀mę	russian	témja	ˈtʲemʲə		
syrovъ	russian	suróvyj	sʊˈrovɨj		
elъkъ	russian	jólkij	ˈjɵlkʲɪj		
mȋgъ	russian	mig	mʲik		
žìla	russian	žíla	ˈʐɨlə		
grějati	russian	gretʹ	ɡrʲɪtʲ		
osmъ	russian	vosʹmój	vɐsʲˈmoj		
kašlь	russian	kášelj	ˈkaʂɨlʲ		
kl̨ùka	russian	kljuká	klʲʊˈka		
mьrzěti	russian	merzétʹ	mʲɪrˈzʲetʲ		
lǫ̑kъ	russian	luk	luk		
tri	russian	tri	trʲi		
žìca	russian	žíca	ˈʐɨt͡sə		
belenъ	russian	belen	bʲɪlʲɪn		
olbǭtь	russian	lébedʹ	ˈlʲebʲɪtʲ		
gȍr̨e	russian	góre	ˈɡorʲe		
stьgna	russian	stógna	ˈstoɡnə		
čȇrvo	russian	čerjóvo	t͡ɕɪˈrʲɵvə		
mǭkà	russian	muká	mʊˈka		
ǫ̑gъlъ	russian	úgol	ˈuɡəl		
cě̄dìti	russian	cedítʹ	t͡sɨˈdʲitʲ		
dvoxati	russian	dvóxatʹ	ˈdvoxətʲ		
kъlъ	russian	kol	kol		
bojaznь	russian	bojáznʹ	bɐˈjæzʲnʲ		
lě̀to	russian	léto	ˈlʲetə		
mъzgъ	russian	mzga	mzɡa		
slyti	russian	slytʹ	slɨtʲ		
košer̨a	russian	košára	kɐˈʂarə		
gȏlsъ	russian	gólos	ˈɡoləs		
miglъ	russian	mglá	ˈmɡla		
gъrba	russian	gorb	ɡorp		
oba	russian	óba	ˈobə		
sъlojь	russian	sloj	sloj		
lȏgъ	russian	log	lok		
čę̑stь	russian	častʹ	t͡ɕasʲtʲ		
pariti	russian	parítʹ	pɐˈrʲitʲ		
stornà	russian	storoná	stərɐˈna		
pràvъ	russian	právyj	ˈpravɨj		
kъlbь	russian	kolb́	kɐˈlu		
dětę	russian	ditjá	dʲɪˈtʲa		
glěvъ	russian	gljóv	ˈɡlʲɵf		
živòtъ	russian	živót	ʐɨˈvot		
bỳti	russian	bytʹ	bɨtʲ		
vьčera	russian	včerá	ft͡ɕɪˈra		
zìnǫti	russian	razínutʹ	rɐˈzʲinʊtʲ		
droga	russian	drogá	drɐˈɡa		
modliti	russian	molítʹ	mɐˈlʲitʲ		
brusьnica	russian	brusníka	brʊsʲˈnʲikə		
mojь	russian	moj	moj		
dvojь	russian	dvóe	ˈdvoe		
sъsàti	russian	sosátʹ	sɐˈsatʲ		
luskъ	russian	lusk	lusk		
ě̑dь	russian	jadʹ	(j)ɪdʲ		
svinьjà	russian	svinʹjá	svʲɪˈnʲja		
ebàti	russian	etí	ɪˈtʲi		
orbiti	russian	róbiti	ˈrobʲɪtʲɪ		
elьcь	russian	eléc	ɪˈlʲet͡s		
lędvьje	russian	ljádveja	ˈlʲadvʲɪjə		
kȏsъ	russian	kos	kos		
blizъkъ	russian	blízyj	ˈblʲizɨj		
gumьnò	russian	gumnó	ɡʊˈmno		
orsti	russian	rastí	rɐˈsʲtʲi		
čȋnъ	russian	čin	t͡ɕin		
ę̄drò	russian	jadró	(j)ɪˈdro		
žalь	russian	žalʹ	ʐalʲ		
do	russian	do	do		
drьkolьje	russian	drekolʹ	drʲɪkəlʲ		
žezlò	russian	žezl	ʐɨzl		
čìstiti	russian	čístitʹ	ˈt͡ɕisʲtʲɪtʲ		
bàjati	russian	bajati	bə(j)ɪtʲi		
žely	russian	želvák	ʐɨlˈvak		
vy	russian	vy	vɨ		
drobь	russian	drobʹ	dropʲ		
konъ	russian	kon	kon		
pъlkъ	russian	polk	polk		
bъrtь	russian	bortʹ	bortʲ		
virъ	russian	vir	vʲir		
pǫ̀čiti	russian	púčitʹ	ˈput͡ɕɪtʲ		
pl̨uskъ	russian	pljusk	plʲʉsk		
zȏbъ	russian	zob	zop		
jьgra	russian	igrá	ɪˈɡra		
dyr'a	russian	dyrá	dɨˈra		
bytьje	russian	bytʹjó	bɨˈtʲjɵ		
otъ	russian	ot(o)	ɐtoə		
golotь	russian	gólotʹ	ˈɡolətʲ		
bojati sę	russian	bojatʹsja	bə(j)ɪt͡ssʲa		
počìti	russian	počítʹ	pɐˈt͡ɕitʲ		
bridъkъ	russian	brídkij	ˈbrʲitkʲɪj		
pustìti	russian	pustítʹ	pʊˈsʲtʲitʲ		
vodà	russian	vodá	vɐˈda		
dolъ	russian	dol	dol		
družìna	russian	družína	drʊˈʐɨnə		
vȏlkъ	russian	vólok	ˈvolək		
godina	russian	god	ɡot		
kaziti	russian	kazítʹ	kɐˈzʲitʲ		
korba	russian	kórob	ˈkorəp		
nùdja	russian	núža	ˈnuʐə		
skorda	russian	skorodá	skərɐˈda		
boln̨a	russian	bolónʹ	bɐˈlonʲ		
grǫziti	russian	gruzítʹ	ɡrʊˈzʲitʲ		
pelenà	russian	pelená	pʲɪlʲɪˈna		
sъdòrvъ	russian	zdoróvyj	zdɐˈrovɨj		
dyra	russian	dyrá	dɨˈra		
perkъ	russian	poperjók	pəpʲɪˈrʲɵk		
korỳto	russian	korýto	kɐˈrɨtə		
kolkolъ	russian	kólokol	ˈkoləkəl		
dòrga	russian	doróga	dɐˈroɡə		
òdrъ	russian	odr	ɐdr		
žezlъ	russian	žezl	ʐɨzl		
xvórstъ	russian	xvórost	ˈxvorəst		
aščerъ	russian	jáščer	ˈjæɕːɪr		
blě̑skъ	russian	blesk	blʲesk		
tędzati	russian	tjagátʹ	tʲɪˈɡatʲ		
mlinъ	russian	blin	blʲin		
zȍlto	russian	zóloto	ˈzolətə		
lěnìvъ	russian	lenívyj	lʲɪˈnʲivɨj		
legti	russian	lečʹ	lʲɪt͡ɕ		
bliscati	russian	blistátʹ	blʲɪˈstatʲ		
prę̀dati	russian	prjádatʹ	ˈprʲadətʲ		
zębnǫti	russian	zjábnutʹ	ˈzʲabnʊtʲ		
pȏtъ	russian	pot	pot		
glъtati	russian	glotátʹ	ɡlɐˈtatʲ		
sъxnǫti	russian	sóxnutʹ	ˈsoxnʊtʲ		
groziti	russian	grozítʹ	ɡrɐˈzʲitʲ		
nicь	russian	nic	nʲɪt͡sɛ		
voinъ	russian	vóinъ	ˈvoɪn		
otvětjati	russian	otvečátʹ	ɐtvʲɪˈt͡ɕætʲ		
stydъ	russian	styd	stɨt		
niknǫti	russian	níknutʹ	ˈnʲiknʊtʲ		
luskati	russian	luskátʹ	lʊˈskatʲ		
edinakъ	russian	odinákij	ɐdʲɪˈnakʲɪj		
kuzn̨a	russian	kúznja	ˈkuzʲnʲə		
stьblò	russian	stebló	sʲtʲɪˈblo		
žerbьjь	russian	žrébij	ˈʐrʲebʲɪj		
stȏržь	russian	stórož	ˈstorəʂ		
brъsati	russian	brosátʹ	brɐˈsatʲ		
kъznь	russian	kózni	ˈkozʲnʲɪ		
mòrzъ	russian	moróz	mɐˈros		
pěšь	russian	péšij	ˈpʲeʂɨj		
dobrъ	russian	dóbryj	ˈdobrɨj		
kydnǫti	russian	kínutʹ	ˈkʲinʊtʲ		
kuka	russian	kúka	ˈkukə		
lǫkàvъ	russian	lukávyj	lʊˈkavɨj		
glìna	russian	glína	ˈɡlʲinə		
bliskati	russian	blistátʹ	blʲɪˈstatʲ		
àgnьcь	russian	ágnecʹ	ˈaɡnʲɪt͡s		
strȗpъ	russian	strup	strup		
krěpъkъ	russian	krépkij	ˈkrʲepkʲɪj		
orь̀lъ	russian	orjól	ɐˈrʲɵl		
žьdàti	russian	ždatʹ	ʐdatʲ		
òrkъ	russian	rak	rak		
puxnǫti	russian	púxnutʹ	ˈpuxnʊtʲ		
dъ̑lgъ	russian	dolg	dolk		
kyvati	russian	kivátʹ	kʲɪˈvatʲ		
medju	russian	mežú	mʲɪˈʐu		
žìto	russian	žíto	ˈʐɨtə		
žę̄dàti	russian	žadátʹ	ʐɐˈdatʲ		
pīskàti	russian	piščátʹ	pʲɪˈɕːætʲ		
čarъ	russian	čáry	ˈt͡ɕarɨ		
krǫtiti	russian	krutítʹ	krʊˈtʲitʲ		
domovъ	russian	domóvyj	dɐˈmovɨj		
bl̨ьvàti	russian	blevátʹ	blʲɪˈvatʲ		
màkъ	russian	mak	mak		
zъlъ	russian	zloj	zloj		
blъxà	russian	bloxá	blɐˈxa		
kurica	russian	kúrica	ˈkurʲɪt͡sə		
želza	russian	železá	ʐɨlʲɪˈza		
vermę	russian	vrémja	ˈvrʲemʲə		
ščenę	russian	ščenók	ɕːɪˈnok		
slìva	russian	slíva	ˈs⁽ʲ⁾lʲivə		
jьgъlà	russian	iglá	ɪˈɡla		
dérnъ	russian	derjón	dʲɪˈrʲɵn		
pǫpъkъ	russian	pup	pup		
četỳre	russian	četýre	t͡ɕɪˈtɨrʲe		
pȍl̨e	russian	póle	ˈpolʲe		
pǫ́tь	russian	putʹ	putʲ		
šurь	russian	šúrin	ˈʂurʲɪn		
medjà	russian	mežá	mʲɪˈʐa		
korbī	russian	kórobʹja	ˈkorəb⁽ʲ⁾jə		
bȏsъ	russian	bosój	bɐˈsoj		
mъxa	russian	móxa	ˈmoxə		
làjati	russian	lájatʹ	ˈla(j)ɪtʲ		
ętry	russian	játrovʹ	ˈjatrəfʲ		
šibati	russian	šibátʹ	ʂɨˈbatʲ		
proti	russian	prótiv	ˈprotʲɪf		
gȍlǫbь	russian	gólubь	ˈɡolʊp		
drobězga	russian	drobezgá	drəbʲɪzˈɡa		
zīmà	russian	zimá	zʲɪˈma		
gorěti	russian	gorétʹ	ɡɐˈrʲetʲ		
bolnьje	russian	balónʹe	bɐˈlonʲ⁽ʲ⁾e		
polvъ	russian	polóvyj	pɐˈlovɨj		
ěrostь	russian	járostʹ	ˈjarəsʲtʲ		
mъčati	russian	mčatʹ	mt͡ɕɪtʲ		
vъtorьnikъ	russian	vtórnik	ˈftornʲɪk		
kòlъ	russian	kol	kol		
kvisti	russian	cvestí	t͡svʲɪˈsʲtʲi		
dьrvьn̨a	russian	derévnja	dʲɪˈrʲevnʲə		
sъrěsti	russian	obrestí	ɐbrʲɪˈsʲtʲi		
dòl̨a	russian	dólja	ˈdolʲə		
dȅvętь	russian	dévjatʹ	ˈdʲevʲɪtʲ		
mьrknǫti	russian	mérknutʹ	ˈmʲerknʊtʲ		
obora	russian	obóra	ɐˈborə		
dira	russian	dirá	dʲɪˈra		
orkỳta	russian	rakíta	rɐˈkʲitə		
dir̨a	russian	dirá	dʲɪˈra		
bȁsn̨a	russian	básnja	ˈbasʲnʲə		
rǫbìti	russian	rubítʹ	rʊˈbʲitʲ		
svě̄tjà	russian	svečá	svʲɪˈt͡ɕa		
gъrnidlo	russian	gornílo	ɡɐrˈnʲilə		
tęti	russian	tjatʹ	tʲætʲ		
matorъ	russian	matjóryj	mɐˈtʲɵrɨj		
nȏsъ	russian	nos	nos		
nāròdъ	russian	naród	nɐˈrot		
žьrny	russian	žjórnov	ˈʐjɵrnəf		
paznogъtь	russian	paznógtʹ	pɐzˈnoktʲ		
klìkati	russian	klíkatʹ	ˈklʲikətʲ		
drobьnъ	russian	dróbnyj	ˈdrobnɨj		
sijàti	russian	sijátʹ	sʲɪˈjætʲ		
edlà	russian	elʹ	ɪlʲ		
bolniti	russian	(uz)belenítʹsja	ˌazzʲbʲɪlʲɪˈnʲit͡sːə		
sъ̀nъ	russian	son	son		
droka	russian	drok	drok		
gnusьnъ	russian	gnúsnyj	ˈɡnusnɨj		
bedra	russian	bedró	bʲɪˈdro		
dȃrъ	russian	dar	dar		
ovьcà	russian	ovcá	ɐfˈt͡sa		
l̨udìna	russian	ljudína	lʲʉˈdʲinə		
ěbàti	russian	etí	ɪˈtʲi		
òrmę	russian	ramená	rəmʲɪˈna		
lę̀ga	russian	ljága	ˈlʲaɡə		
tvь̑rdъ	russian	tvjórdyj	ˈtvʲɵrdɨj		
slȍvo	russian	slóvo	ˈslovə		
koltъ	russian	kólot	ˈkolət		
emešь	russian	oméš	ɐˈmʲeʂ		
pažitь	russian	pážitʹ	ˈpaʐɨtʲ		
kūrìti	russian	kurítʹ	kʊˈrʲitʲ		
vypь	russian	vypʹ	vɨpʲ		
jьlъkъ	russian	jólkij	ˈjɵlkʲɪj		
mǭtìti	russian	mutítʹ	mʊˈtʲitʲ		
stьlati	russian	stlatʹ	stlatʲ		
bodàti	russian	bodátʹ	bɐˈdatʲ		
vixъrъ	russian	vixrʹ	vʲixʲ		
sèdmь	russian	semʹ	sʲɪmʲ		
gъ̑rdъ	russian	górdyj	ˈɡordɨj		
ūslò	russian	usló	ʊsˈlo		
pīščàti	russian	piščátʹ	pʲɪˈɕːætʲ		
ę̄trò	russian	játro	ˈjatrə		
olьsъ	russian	aljós	ɐˈlʲɵs		
osa	russian	osína	ɐˈsʲinə		
vъ̑šь	russian	vošʹ	voʂ		
molь	russian	molʹ	molʲ		
lękъ	russian	ljákij	ˈlʲækʲɪj		
sъlàti	russian	slatʹ	slatʲ		
gně̀vъ	russian	gnev	ɡnʲef		
bъ̀drъ	russian	bódryj	ˈbodrɨj		
palica	russian	pálica	ˈpalʲɪt͡sə		
kozà	russian	kozá	kɐˈza		
gonìti	russian	gonítʹ	ɡɐˈnʲitʲ		
durь	russian	durʹ	dʊrʲ		
monisto	russian	monísto	mɐˈnʲistə		
bogàtъ	russian	bogátyj	bɐˈɡatɨj		
muzga	russian	múzga	ˈmuzɡə		
drьkolь	russian	drekolʹ	drʲɪkəlʲ		
bez	russian	bez	bʲɪs		
ględěti	russian	gljadétʹ	ɡlʲɪˈdʲetʲ		
strujà	russian	strujá	strʊˈja		
xabiti	russian	xábitʹ	ˈxabʲɪtʲ		
gъnǫti	russian	gnutʹ	ɡnutʲ		
dьlti	russian	dolbíti	dɐlˈbʲitʲɪ		
pȅpelъ	russian	pépel	ˈpʲepʲɪl		
libivъ	russian	ljubávyj	lʲʊˈbavɨj		
kǫ́tъ	russian	kut	kut		
paxati	russian	paxátʹ	pɐˈxatʲ		
veztì	russian	veztí	vʲɪzʲˈtʲi		
ęga	russian	jagá	(j)ɪˈɡa		
gъrbъ	russian	gorb	ɡorp		
ostrъ	russian	óstryj	ˈostrɨj		
nǫditi	russian	núditʹ	ˈnudʲɪtʲ		
dьbrь	russian	débri	ˈdʲebrʲɪ		
jūxà	russian	uxá	ʊˈxa		
cě̄và	russian	cévka	ˈt͡sɛfkə		
mъrmiti	russian	mormúlitʹ	mɐrˈmulʲɪtʲ		
debelъ	russian	debélyj	dʲɪˈbʲelɨj		
žȅlǫdь	russian	žjóludʹ	ˈʐɨlʊdʲ		
làziti	russian	lázitʹ	ˈlazʲɪtʲ		
pь̀rstъ	russian	perst	pʲɪrst		
tъ̀ščьjь	russian	tóščij	ˈtoɕːɪj		
rosà	russian	rosá	rɐˈsa		
čérdъ	russian	čeredá	t͡ɕɪrʲɪˈda		
pitati	russian	pitátʹ	pʲɪˈtatʲ		
zmьjà	russian	zmejá	zmʲɪˈja		
gvozdь	russian	gvozdʹ	ɡvosʲtʲ		
nozdra	russian	nozdrjá	nɐzˈdrʲa		
rȗdъ	russian	rúdyj	ˈrudɨj		
gvozdъ	russian	gvozdʹ	ɡvosʲtʲ		
pь̑lstь	russian	polstʹ	polsʲtʲ		
mъldni	russian	mólnija	ˈmolnʲɪjə		
lǫ̑gъ	russian	lug	luk		
čьrstvъ	russian	čjórstvyj	ˈt͡ɕɵrstvɨj		
pǫpъ	russian	pup	pup		
kȏlsъ	russian	kólos	ˈkoləs		
žęti	russian	žatʹ	ʐatʲ		
làpa	russian	lápa	ˈlapə		
věděti	russian	védatʹ	ˈvʲedətʲ		
ajьce	russian	jajcó	(j)ɪjˈt͡so		
pèlti	russian	polótʹ	pɐˈlotʲ		
lučiti	russian	lučítʹ	lʊˈt͡ɕitʲ		
pjьvàti	russian	plevátʹ	plʲɪˈvatʲ		
tьlò	russian	tlo	tlo		
dь̀lgъ	russian	dólgij	ˈdolɡʲɪj		
oràti	russian	orátʹ	ɐˈratʲ		
gojiti	russian	góitʹ	ˈɡoɪtʲ		
tìskati	russian	tískatʹ	ˈtʲiskətʲ		
kolti	russian	kolótʹ	kɐˈlotʲ		
estь	russian	estʹ	ɪsʲtʲ		
kortъkъ	russian	korótkij	kɐˈrotkʲɪj		
mỳšь	russian	myšʹ	mɨʂ		
kašьlь	russian	kášelj	ˈkaʂɨlʲ		
četvьrtъ	russian	četvjórtyj	t͡ɕɪtˈvʲɵrtɨj		
luščiti	russian	luščítʹ	lʊˈɕːitʲ		
lùža	russian	lúža	ˈluʐə		
žьlna	russian	želná	ʐɨlˈna		
serdà	russian	seredá	sʲɪrʲɪˈda		
gasnǫti	russian	gásnutʹ	ˈɡasnʊtʲ		
dē̌žà	russian	dežá	dʲɪˈʐa		
soltina	russian	solotína	səlɐˈtʲinə		
gńilъ	russian	gnilój	ɡnʲɪˈloj		
edvà	russian	jedvá	(j)ɪdˈva		
mьrznǫti	russian	mjórznutʹ	ˈmʲɵrnːʉtʲ		
sunǫti	russian	súnutʹ	ˈsunʊtʲ		
pȏlzъ	russian	póloz	ˈpoləs		
moltiti	russian	molotítʹ	məlɐˈtʲitʲ		
želǫdъkъ	russian	želúdok	ʐɨˈludək		
l̨ūbìti	russian	ljubítʹ	lʲʉˈbʲitʲ		
zaverti	russian	zaverétʹ	zəvʲɪˈrʲetʲ		
stàrъ	russian	stáryj	ˈstarɨj		
negodovati	russian	negodovátʹ	nʲɪɡədɐˈvatʲ		
ledva	russian	jedvá	(j)ɪdˈva		
mě̀sęcь	russian	mésjacʹ	ˈmʲesʲɪt͡s		
mavati	russian	májatʹ	ˈma(j)ɪtʲ		
směxъ	russian	smex	smʲex		
mьn̨eje	russian	ménee	ˈmʲenʲɪe		
stàviti	russian	stávitʹ	ˈstavʲɪtʲ		
cělovàti	russian	celovátʹ	t͡sɨlɐˈvatʲ		
krě̀slo	russian	kréslo	ˈkrʲeslə		
matorьnъ	russian	matjórnyj	mɐˈtʲɵrnɨj		
nȇrstъ	russian	nérest	ˈnʲerʲɪst		
bùr̨a	russian	búrja	ˈburʲə		
dě̀dъ	russian	ded	dʲet		
gorьkъ	russian	górʹkyj	ˈɡorkɨj		
kysьlъ	russian	kíslyj	ˈkʲis⁽ʲ⁾lɨj		
tъ̀ščь	russian	tóščij	ˈtoɕːɪj		
volděti	russian	vladétʹ	vlɐˈdʲetʲ		
godъ	russian	god	ɡot		
elbedà	russian	lebedá	lʲɪbʲɪˈda		
pěti	russian	petʹ	pʲɪtʲ		
nerti	russian	nrěti	nrʲtʲiɪ		
drevьnь	russian	drévnij	ˈdrʲevnʲɪj		
žьvàti	russian	žev́atʹ	ʐɨˈvatʲ		
vòrna	russian	voróna	vɐˈronə		
čermъša	russian	čerjómuxa	t͡ɕɪˈrʲɵmʊxə		
dě̀verь	russian	déverʹ	ˈdʲevʲɪrʲ		
rějati	russian	réjatʹ	ˈrʲe(j)ɪtʲ		
strьžь	russian	strež	strʲeʂ		
velě̀ti	russian	velétʹ	vʲɪˈlʲetʲ		
pòrgъ	russian	poróg	pɐˈrok		
nicati	russian	níkatʹ	ˈnʲikətʲ		
močìti	russian	močítʹ	mɐˈt͡ɕitʲ		
či	russian	či	t͡ɕi		
svьrběti	russian	sverbétʹ	svʲɪrˈbʲetʲ		
stergti	russian	steréčʹ	sʲtʲɪˈrʲet͡ɕ		
stigti	russian	postíčʹ	pɐˈsʲtʲit͡ɕ		
manǫti	russian	manútʹ	mɐˈnutʲ		
podъ̀šьva	russian	podóšva	pɐˈdoʂvə		
nìtь	russian	nitʹ	nʲɪtʲ		
gně̄zdò	russian	gnezdó	ɡnʲɪzˈdo		
gǫsti	russian	gustʹ	ɡusʲtʲ		
byvati	russian	byvátʹ	bɨˈvatʲ		
lȇdъ	russian	ljód	ˈlʲɵt		
šȇstь	russian	šestʹ	ʂɛsʲtʲ		
židъkъ	russian	žídkij	ˈʐɨtkʲɪj		
polìca	russian	políca	pɐˈlʲit͡sə		
blędь	russian	bljadʹ	blʲɪdʲ		
naustiti	russian	naustítʹ	nəʊˈsʲtʲitʲ		
gvě̄zdà	russian	zvezdá	zvʲɪzˈda		
bojь	russian	boj	boj		
prosterti	russian	prosterétʹ	prəsʲtʲɪˈrʲetʲ		
korica	russian	koríca	kɐˈrʲit͡sə		
tesla	russian	teslá	tʲɪsˈla		
vasъ	russian	nas	nas		
želàti	russian	želátʹ	ʐɨˈlatʲ		
sòldъkъ	russian	solódkij	sɐˈlotkʲɪj		
svinъ	russian	svinój	svʲɪˈnoj		
orz	russian	roz-	ros		
razoriti	russian	razorítʹ	rəzɐˈrʲitʲ		
slỳšati	russian	slýšatʹ	ˈslɨʂətʲ		
vysòkъ	russian	vysókij	vɨˈsokʲɪj		
lobъzati	russian	lobzátʹ	lɐbˈzatʲ		
čȇrpъ	russian	čérep	ˈt͡ɕerʲɪp		
čьrmьnъ	russian	čeremnój	t͡ɕɪrʲɪmˈnoj		
śěrъ	russian	séryj	ˈsʲerɨj		
tỳlъ	russian	tyl	tɨl		
lě̀zti	russian	leztʹ	lʲɪsʲtʲ		
netopyr'ь	russian	netopýrʹ	nʲɪtɐˈpɨrʲ		
dȏrgъ	russian	dorogój	dərɐˈɡoj		
svętъ	russian	svjatój	svʲɪˈtoj		
sīdlò	russian	siló	sʲɪˈlo		
čęstъ	russian	částyj	ˈt͡ɕastɨj		
pelna	russian	pelená	pʲɪlʲɪˈna		
dьrzati	russian	derzátʹ	dʲɪrˈzatʲ		
jьgrati	russian	igrátʹ	ɪˈɡratʲ		
lytъka	russian	lýtki	ˈlɨtkʲɪ		
gybati	russian	gíbatʹ	ˈɡʲibətʲ		
radi	russian	rádi	ˈradʲɪ		
edьnakъ	russian	odinákij	ɐdʲɪˈnakʲɪj		
drъ̏vo	russian	drová	drɐˈva		
poìti	russian	poítʹ	pɐˈitʲ		
čerěnъ	russian	čeren	t͡ɕɪrʲɪn		
tȗkъ	russian	tuk	tuk		
krupьnъ	russian	krúpnyj	ˈkrupnɨj		
živìca	russian	živíca	ʐɨˈvʲit͡sə		
kyjь	russian	kij	kʲij		
osnòvā	russian	osnóva	ɐsˈnovə		
gỳnǫti	russian	gíbnutʹ	ˈɡʲibnʊtʲ		
migati	russian	migátʹ	mʲɪˈɡatʲ		
ǭtrò	russian	nutró	nʊˈtro		
lisъ	russian	lis	lʲis		
lunà	russian	luná	lʊˈna		
bìtva	russian	bítva	ˈbʲitvə		
kruxъ	russian	krux	krux		
vъtorъjь	russian	vtorój	ftɐˈroj		
vь̑lkъ	russian	volk	volk		
pȳtàti	russian	pytátʹ	pɨˈtatʲ		
puxlъ	russian	púxlyj	ˈpuxlɨj		
nuriti	russian	núritʹ	ˈnurʲɪtʲ		
mę	russian	mja	mʲa		
brìtva	russian	brítva	ˈbrʲitvə		
grustь	russian	grustʹ	ɡrusʲtʲ		
blǭdìti	russian	bludítʹ	blʊˈdʲitʲ		
golvà	russian	golová	ɡəlɐˈva		
blizno	russian	blízna	ˈblʲiznə		
malъkъ	russian	málok	ˈmalək		
gròzdъ	russian	grozdʹ	ɡrozʲdʲ		
gorà	russian	gorá	ɡɐˈra		
kǫ̑sъ	russian	kus	kus		
sòlma	russian	solóma	sɐˈlomə		
strьža	russian	strež	strʲeʂ		
dòlnь	russian	ladónʹ	lɐˈdonʲ		
bo	russian	bo	bo		
pě̀na	russian	péna	ˈpʲenə		
vòlga	russian	vológa	vɐˈloɡə		
čędo	russian	čádo	ˈt͡ɕadə		
dvьrь	russian	dverʹ	dvʲerʲ		
dojidlo	russian	dójlo	ˈdojlə		
sušìti	russian	sušítʹ	sʊˈʂɨtʲ		
àblъka	russian	jábloko	ˈjabləkə		
vȇrskъ	russian	véresk	ˈvʲerʲɪsk		
gověti	russian	govétʹ	ɡɐˈvʲetʲ		
stȃnъ	russian	stan	stan		
moldenьcь	russian	mladénec	mlɐˈdʲenʲɪt͡s		
lěnь	russian	lenʹ	lʲɪnʲ		
žerdlò	russian	žereló	ʐɨrʲɪˈlo		
męsti	russian	mjastí	mʲɪˈsʲtʲi		
drebězgъ	russian	drébezg	ˈdrʲebʲɪzk		
sỳtъ	russian	sýtyj	ˈsɨtɨj		
bòlto	russian	bolóto	bɐˈlotə		
emežь	russian	oméš	ɐˈmʲeʂ		
za	russian	za	za		
gromada	russian	gromáda	ɡrɐˈmadə		
brę̀knǫti	russian	brjáknutʹ	ˈbrʲaknʊtʲ		
solovikъ	russian	solovéj	səlɐˈvʲej		
vòl̨a	russian	vólja	ˈvolʲə		
slìna	russian	slína	ˈs⁽ʲ⁾lʲinə		
dal̨a	russian	dalʹ	dalʲ		
dьrgati	russian	djórgatʹ	ˈdʲɵrɡətʲ		
gospodь	russian	gospódʹ	ɡɐˈspotʲ		
strycь	russian	stroj	stroj		
čьto	russian	čto	t͡ɕto		
eževica	russian	eževíka	ɪʐɨˈvʲikə		
raditi	russian	radétʹ	rɐˈdʲetʲ		
ěxati	russian	éxatʹ	ˈɛxətʲ		
dobl̨ь	russian	dóblij	ˈdoblʲɪj		
sь	russian	sej	sʲej		
krinica	russian	kriníca	krʲɪˈnʲit͡sə		
dȇrvo	russian	dérevo	ˈdʲerʲɪvə		
pǫkъ	russian	puk	puk		
elenь	russian	olénʹ	ɐˈlʲenʲ		
gǫžьvь	russian	gúžvá	ˈɡuʐˈva		
aviti	russian	javítʹ	(j)ɪˈvʲitʲ		
dikъ	russian	díkij	ˈdʲikʲɪj		
topìti	russian	topítʹ	tɐˈpʲitʲ		
otverzti	russian	otvérztʹ	ɐtˈvʲersʲtʲ		
nòvъ	russian	nóvyj	ˈnovɨj		
globa	russian	globá	ɡlɐˈba		
podъ	russian	pod(o)	podə		
vitь	russian	vitʹ	vʲitʲ		
klęčati	russian	kljačetʹ	klʲæt͡ɕɪtʲ		
rebrò	russian	rebró	rʲɪˈbro		
kudo	russian	kudesá	kʊdʲɪˈsa		
kъlpь	russian	kolṕ	kol		
zěvati	russian	zevátʹ	zʲɪˈvatʲ		
ȅzerъ	russian	ózero	ˈozʲɪrə		
dȏmъ	russian	dom	dom		
protivǫ	russian	prótiv	ˈprotʲɪf		
melkò	russian	molokó	məlɐˈko		
medvě̀dь	russian	medvédʹ	mʲɪdˈvʲetʲ		
plěva	russian	plevá	plʲɪˈva		
arь̀mъ	russian	jarmó	(j)ɪrˈmo		
bol̨eje	russian	bólee	ˈbolʲɪ		
bol̨ьjь	russian	bólʹšij	ˈbolʲʂɨj		
kotera	russian	kotóra	kɐˈtorə		
velьmi	russian	velʹmí	vʲɪlʲˈmʲi		
klekotъ	russian	kljókot	ˈklʲɵkət		
vortìti	russian	vorotítʹ	vərɐˈtʲitʲ		
dupl̨a	russian	dupljá	dʊˈplʲa		
ȍpaky	russian	ópak(o)	ˈopəkə		
čьrpati	russian	čérpatʹ	ˈt͡ɕerpətʲ		
mьglà	russian	mglá	ˈmɡla		
mȇdъ	russian	mjód	ˈmʲɵt		
mǫ̀ka	russian	múka	ˈmukə		
kaliti	russian	kalítʹ	kɐˈlʲitʲ		
pěsъ̀kъ	russian	pesók	pʲɪˈsok		
grę̑znǫti	russian	grjáznutʹ	ˈɡrʲaznʊtʲ		
čermuša	russian	čerjómuxa	t͡ɕɪˈrʲɵmʊxə		
vь̀rxъ	russian	verx	vʲɪrx		
stenàti	russian	stenátʹ	sʲtʲɪˈnatʲ		
kòža	russian	kóža	ˈkoʐə		
konьcь	russian	konéc	kɐˈnʲet͡s		
glumiti	russian	glumitʹsja	ɡlumʲɪt͡sə		
l̨ubъ	russian	ljubój	lʲʊˈboj		
bol̨e	russian	bólee	ˈbolʲɪ		
tě̑sto	russian	tésto	ˈtʲestə		
orbòta	russian	robóta	rɐˈbotə		
kъrmъ	russian	korm	korm		
lisìca	russian	lisíca	lʲɪˈsʲit͡sə		
pozdъ	russian	pózdyj	ˈpozdɨj		
rębъ	russian	rjabój	rʲɪˈboj		
ne	russian	ne	nʲe		
męti	russian	mjatʹ	mʲɪtʲ		
gubìti	russian	gubítʹ	ɡʊˈbʲitʲ		
mǫ̑žь	russian	muž	muʂ		
kosmъ	russian	kósmy	ˈkosmɨ		
gǫ̑stъ	russian	gustój	ɡʊˈstoj		
kъto	russian	kto	kto		
mьrziti	russian	merzítʹ	mʲɪrˈzʲitʲ		
děl̨a	russian	dlja	dlʲa		
dъxnǫti	russian	doxnútʹ	dɐxˈnutʲ		
čàjati	russian	čájatʹ	ˈt͡ɕæ(j)ɪtʲ		
myšьca	russian	myšca	mɨʂt͡sə		
lysъ	russian	lýsyj	ˈlɨsɨj		
vę̄zàti	russian	vjazátʹ	vʲɪˈzatʲ		
blǫ̑dъ	russian	blud	blut		
gъrno	russian	gorn	ɡorn		
emexъ	russian	ómex	ˈomʲex		
dьl̨a	russian	dlja	dlʲa		
dě̀lo	russian	délo	ˈdʲelə		
plástъ	russian	plast	plast		
čàsъ	russian	čas	t͡ɕas		
sě̀ti	russian	séjatʹ	ˈsʲe(j)ɪtʲ		
vojьna	russian	vojná	vɐjˈna		
dьrati	russian	dratʹ	dratʲ		
šьvьcь	russian	švecʹ	ʂvʲet͡s		
orǫdьje	russian	orúdie	ɐˈrudʲɪe		
čekati	russian	čekátʹ	t͡ɕɪˈkatʲ		
brodìti	russian	brodítʹ	brɐˈdʲitʲ		
kỳla	russian	kilá	kʲɪˈla		
zabordlo	russian	zaborólo	zəbɐˈrolə		
vьlgъkъ	russian	vólgkij	ˈvolkkʲɪj		
pьzděti	russian	bzdétʹ	bzʲˈdʲetʲ		
glazъ	russian	glaz	ɡlas		
juže	russian	užé	ʊˈʐɛ		
mara	russian	mára	ˈmarə		
čùdo	russian	čúdo	ˈt͡ɕudə		
blistati	russian	blistátʹ	blʲɪˈstatʲ		
sěděti	russian	sidétʹ	sʲɪˈdʲetʲ		
l̨ȗdъ	russian	ljud	lʲut		
drъžati	russian	drožátʹ	drɐˈʐatʲ		
ěrьcь	russian	jaréc	(j)ɪˈrʲet͡s		
ploskъ	russian	plóskij	ˈploskʲɪj		
górdja	russian	goróža	ɡɐˈroʐə		
čùti	russian	čújatʹ	ˈt͡ɕʉ(j)ɪtʲ		
lъžь	russian	ložʹ	loʂ		
bỳstrъ	russian	býstryj	ˈbɨstrɨj		
bagno	russian	bagnó	bɐɡˈno		
mỳti	russian	mytʹ	mɨtʲ		
nyně	russian	nýne	ˈnɨnʲe		
pьxati	russian	pixátʹ	pʲɪˈxatʲ		
pętà	russian	pjatá	pʲɪˈta		
pě́stъ	russian	pest	pʲest		
dętelъ	russian	djátel	ˈdʲætʲɪl		
rębina	russian	rjabíka	rʲɪˈbʲikə		
grǫ̑dь	russian	grudʹ	ɡrutʲ		
grozьnъ	russian	gróznyj	ˈɡroznɨj		
goditi	russian	godítʹ	ɡɐˈdʲitʲ		
teplъ	russian	tjóplyj	ˈtʲɵplɨj		
voldati	russian	vladétʹ	vlɐˈdʲetʲ		
krojiti	russian	kroítʹ	krɐˈitʲ		
onъ	russian	on	ɐn		
pàdati	russian	pádatʹ	ˈpadətʲ		
muzgъ	russian	múzga	ˈmuzɡə		
xvoja	russian	xvója	ˈxvojə		
korьcь	russian	koréc	kɐˈrʲet͡s		
dalь	russian	dalʹ	dalʲ		
nasъ	russian	nas	nas		
kadìdlo	russian	kadílo	kɐˈdʲilə		
motriti	russian	motrítʹ	mɐˈtrʲitʲ		
dъva	russian	dva	dva		
materъ	russian	matjóryj	mɐˈtʲɵrɨj		
toliti	russian	utolítʹ	ʊtɐˈlʲitʲ		
lьga	russian	lʹga	lʲɡa		
brьvъnò	russian	brevnó	brʲɪvˈno		
golǫbъ	russian	golubój	ɡəlʊˈboj		
merti	russian	mrietʹ	mrʲɪʲɪtʲ		
cě̄nà	russian	cená	t͡sɨˈna		
korda	russian	krada	kradə		
lošь	russian	lóšij	ˈloʂɨj		
vȅčerъ	russian	véčer	ˈvʲet͡ɕɪr		
vòn̨a	russian	vonʹ	vonʲ		
a	russian	a	a		
kotьcь	russian	kotéc	kɐˈtʲet͡s		
povorzъ	russian	pávoroz	ˈpavərəs		
mìlъ	russian	mílyj	ˈmʲilɨj		
xvorъ	russian	xvóryj	ˈxvorɨj		
kādìti	russian	kadítʹ	kɐˈdʲitʲ		
drobà	russian	drobína	drɐˈbʲinə		
ęčati	russian	jačátʹ	(j)ɪˈt͡ɕætʲ		
prȏstъ	russian	prostój	prɐˈstoj		
protivo	russian	prótiv	ˈprotʲɪf		
l̨uby	russian	ljubóvʹ	lʲʊˈbofʲ		
želdica	russian	óželedʹ	ˈoʐɨlʲɪtʲ		
vьrstva	russian	verstá	vʲɪrˈsta		
libavъ	russian	ljubávyj	lʲʊˈbavɨj		
sъtȏ	russian	sto	sto		
pьrga	russian	pergá	pʲɪrˈɡa		
pozdьnъ	russian	pózdnij	ˈpozʲnʲɪj		
bolnъ	russian	belen	bʲɪlʲɪn		
perdъ	russian	péred(o)	ˈpʲerʲɪdə		
kovati	russian	kovátʹ	kɐˈvatʲ		
gruda	russian	grúda	ˈɡrudə		
gnȗsъ	russian	gnus	ɡnus		
pryskati	russian	prýskatʹ	ˈprɨskətʲ		
libovъ	russian	ljubávyj	lʲʊˈbavɨj		
polьdza	russian	pólʹza	ˈpolʲzə		
piskarь	russian	piskárʹ	pʲɪˈskarʲ		
brìti	russian	britʹ	brʲitʲ		
dьržati	russian	deržátʹ	dʲɪrˈʐatʲ		
zěnica	russian	zeníca	zʲɪˈnʲit͡sə		
stỳdnǫti	russian	stýnutʹ	ˈstɨnʊtʲ		
evьja	russian	évnja	ˈɛvnʲə		
znьjati	russian	znijátʹ	zʲnʲɪˈjætʲ		
ȍlkъtъ	russian	lókotʹ	ˈlokətʲ		
nozdr̨a	russian	nozdrjá	nɐzˈdrʲa		
krъxъ	russian	kroxá	krɐˈxa		
dȍma	russian	dóma	ˈdomə		
tьma	russian	tьma	t͡zma		
dьlbiti	russian	dolbíti	dɐlˈbʲitʲɪ		
žìti	russian	žitʹ	ʐɨtʲ		
sǫditi	russian	sudítʹ	sʊˈdʲitʲ		
bȍršьno	russian	bórošno	ˈborəʂnə		
mělь	russian	melʹ	mʲɪlʲ		
belnovati	russian	(uz)belenítʹsja	ˌazzʲbʲɪlʲɪˈnʲit͡sːə		
čьrvь	russian	červʹ	t͡ɕɪrfʲ		
bolnь	russian	bolónʹ	bɐˈlonʲ		
stojati	russian	stojátʹ	stɐˈjætʲ		
ȍko	russian	óko	ˈokə		
lozà	russian	lozá	lɐˈza		
govę̀do	russian	govjádo	ɡɐˈvʲadə		
grỳzti	russian	gryztʹ	ɡrɨsʲtʲ		
xromъ	russian	xromój	xrɐˈmoj		
glěva	russian	gljóv	ˈɡlʲɵf		
vysь	russian	vysʹ	vɨsʲ		
rodìti	russian	rodítʹ	rɐˈdʲitʲ		
nadъ	russian	nad	nat		
pròčь	russian	próčij	ˈprot͡ɕɪj		
bordatъ	russian	borodátyj	bərɐˈdatɨj		
ščítъ	russian	ščit	ɕːit		
ě̀zva	russian	jázva	ˈjazvə		
dę̀ga	russian	djága	ˈdʲaɡə		
mȍr̨e	russian	móre	ˈmorʲe		
čerslò	russian	čeresló	t͡ɕɪrʲɪsˈlo		
někъto	russian	nékto	ˈnʲektə		
blě̑dъ	russian	bledój	blʲɪˈdoj		
niže	russian	níže	ˈnʲiʐɨ		
ortь	russian	ratʹ	ratʲ		
čelověkъ	russian	čelovék	t͡ɕɪlɐˈvʲek		
norvь	russian	nórov	ˈnorəf		
pętъ	russian	pjátyj	ˈpʲatɨj		
děliti	russian	delítʹ	dʲɪˈlʲitʲ		
dàti	russian	datʹ	datʲ		
šìti	russian	šitʹ	ʂɨtʲ		
lokati	russian	lakátʹ	lɐˈkatʲ		
dūrìti	russian	durítʹ	dʊˈrʲitʲ		
pь̀sъ	russian	pjós	ˈpʲɵs		
drъgati	russian	drógatʹ	ˈdroɡətʲ		
evьn̨a	russian	évnja	ˈɛvnʲə		
sujь	russian	súe	ˈsuʲe		
sérn̨ь	russian	serjón	sʲɪˈrʲɵn		
plъ̀tъ	russian	plot	plot		
plesti	russian	plestí	plʲɪˈsʲtʲi		
těnь	russian	tenʹ	tʲɪnʲ		
prokъ	russian	prok	prok		
kvȃsъ	russian	kvas	kvas		
kyxati	russian	kíxatʹ	ˈkʲixətʲ		
žędьnъ	russian	žádnyj	ˈʐadnɨj		
