lъbъ	slovak	leb	ˈlɛb	ˈlɛp	
rě̑čь	slovak	reč	ˈrɛt͡ʃ	ˈrɛt͡ʃ	
mỳti	slovak	myť	ˈmic	ˈmic	
sokъ	slovak	sok	sok	ˈsok	
mogtь	slovak	moc	ˈmɔt͡s	ˈmɔt͡s	
surovъ	slovak	surový	ˈsurɔviː	ˈsurɔviː	
povorzъ	slovak	povraz	ˈpɔvras	ˈpɔʋras	
glīstà	slovak	hlísta	ˈɦliːsta	ˈɦliːsta	
smьjàti	slovak	smiať sa	ˈsmi̯ac sa	ˈsmi̯ac sa	
lopàta	slovak	lopata	ˈɫɔpata	ˈɫɔpata	
zъly	slovak	zolvica	ˈzolvit͡sa	ˈzolʋit͡sa	
tvȃrь	slovak	tvár	ˈtvaːr	ˈtʋaːr	
globìti	slovak	hlobiť	ˈɦlobic	ˈɦlobic	
vȅčerъ	slovak	večer	ˈvɛt͡ʃɛr	ˈʋɛt͡ʃɛr	
vъ̑šь	slovak	voš	ˈvɔʃ	ˈvɔʃ	
krȋkъ	slovak	krik	ˈkrik	ˈkrik	
gabati	slovak	habať	ˈɦabac	ˈɦabac	
gǫ̑stъ	slovak	hustý	ˈɦustiː	ˈɦustiː	
glístъ	slovak	hlísta	ˈɦliːsta	ˈɦliːsta	
jьmàti	slovak	mať	ˈmac	ˈmac	
kòža	slovak	koža	ˈkɔʒa	ˈkɔʒa	
kǫpina	slovak	kǫpina	ˈkapina	ˈkupina	this is a mistake in the online version which gives the PSl (?) form as the Slk
mǭtìti	slovak	mútiť	ˈmuːcic	ˈmuːcic	
mȏstъ	slovak	most	ˈmɔst	ˈmɔst	
slàva	slovak	sláva	ˈsɫaːva	ˈsɫaːʋa	
dē̌žà	slovak	dieža	ˈɟi̯ɛʒa	ˈɟi̯ɛʒa	
mьlčàti	slovak	mlčať	ˈmɫ̩t͡ʃac	ˈmɫ̩t͡ʃac	
pь̑lstь	slovak	plsť	ˈpɫ̩sc	ˈpɫ̩sc	
zaverti	slovak	zavrieť	ˈzavri̯ɛc	ˈzaʋri̯ɛc	
nìtь	slovak	niť	ˈɲic	ˈɲic	
čàdjь	slovak	čadza	ˈt͡ʃad͡za	ˈt͡ʃad͡za	
žuriti	slovak	zúriť	ˈzuːric	ˈzuːric	
glìva	slovak	hliva	ˈɦliva	ˈɦliʋa	
pazduxa	slovak	pazucha	ˈpazuxa	ˈpazuxa	
dьrati	slovak	drať	ˈdrac	ˈdrac	
pri	slovak	pri	pri	pri	
bьrati	slovak	brat́	brac	ˈbrac	
otjьtnǫti	slovak	ocitnouť sa	ˈɔt͡sitnɔuc	ˈɔt͡sitnɔuc	
gràdъ	slovak	hrad	ˈɦrat	ˈɦrat	
klasti	slovak	klásť	ˈkɫaːsc	ˈkɫaːsc	
vь̀lna	slovak	vlna	ˈvɫ̩na	ˈʋɫ̩na	
dьrzъ	slovak	drzý	ˈdr̩ziː	ˈdr̩ziː	
pỳrьjь	slovak	pýr	ˈpiːr	ˈpiːr	
vỳgъn̨a	slovak	vyhňa	ˈʋiɦɲa	ˈʋiɦɲa	
natь	slovak	nať	ˈnac	ˈnac	
vojь	slovak	vojín	ˈvɔjiːn	ˈʋɔjiːn	
šȇstъ	slovak	šiesty	ˈʃi̯ɛsti	ˈʃi̯ɛsti	
làjati	slovak	láť	ˈɫaːc	ˈɫaːc	
rūnò	slovak	rúno	ˈruːnɔ	ˈruːnɔ	
lǫ̑gъ	slovak	luh	ˈɫux	ˈɫux	
mošьna	slovak	mošna	ˈmɔʃna	ˈmɔʃna	
emelo	slovak	jemelo	ˈjemelo	ˈjɛmɛlo	
dāvàti	slovak	dávať	ˈdaːvac	ˈdaːʋac	
vьrgnǫti	slovak	vrhnúť	ˈʋr̩ɦnuːc	ˈʋr̩ɦnuːc	
gonìti	slovak	honiť	ˈɦɔɲic	ˈɦɔɲic	
želza	slovak	žľaza	ˈʒʎaza	ˈʒʎaza	
àma	slovak	jama	ˈjama	ˈjama	
osnòvā	slovak	osnova	ˈɔsnɔva	ˈɔsnɔʋa	
drǫ́gъ	slovak	drúh	ˈdruːx	ˈdruːx	
kǫ́tъ	slovak	kút	ˈkuːt	ˈkuːt	
dъxъ	slovak	dech	ˈɟɛx	ˈɟɛx	
kъjь	slovak	ký	kiː	ˈkiː	
krasьnъ	slovak	krásny	ˈkraːsni	ˈkraːsni	
netopyr'ь	slovak	netopier	ˈɲɛtɔpi̯ɛr	ˈɲɛtɔpi̯ɛr	
nuditi	slovak	nudiť	ˈnuɟic	ˈnuɟic	
bìti	slovak	biť	ˈbic	ˈbic	
màslo	slovak	maslo	ˈmasɫɔ	ˈmasɫɔ	
edlà	slovak	jedľa	ˈjedʎa	ˈjɛdʎa	
sěděti	slovak	sedieť	ˈsɛɟi̯ɛc	ˈsɛɟi̯ɛc	
mȃstь	slovak	masť	ˈmasc	ˈmasc	
koltъ	slovak	klát	ˈkɫaːt	ˈkɫaːt	
bȏlgъ	slovak	blahý	ˈbɫaɦiː	ˈbɫaɦiː	
sęgnǫti	slovak	siahnuť	ˈsi̯aɦnuc	ˈsi̯aɦnuc	
gъ̑rstь	slovak	hrsť	ɦr̩sc	ˈɦr̩sc	
vъnùkъ	slovak	vnuk	ˈvnuk	ˈʋnuk	
čь̀rnъ	slovak	čierny	ˈt͡ʃi̯erni	ˈt͡ʃi̯ɛrni	
náglъ	slovak	náhly	ˈnaːɦli	ˈnaːɦli	
kričati	slovak	kričať	ˈkrit͡ʃac	ˈkrit͡ʃac	
erębъkъ	slovak	jerab	ˈjɛrap	ˈjɛrap	
krotiti	slovak	krotiť	ˈkrɔcic	ˈkrɔcic	
nȇrstъ	slovak	neres	ˈɲɛrɛs	ˈɲɛrɛs	
kùditi	slovak	kudiť	ˈkuɟic	ˈkuɟic	
těnь	slovak	tieň	ˈci̯ɛɲ	ˈci̯ɛɲ	
velkti	slovak	vliecť	ˈʋliet͡sc	ˈʋli̯ɛt͡sc	
ę̄drò	slovak	jadro	ˈjadrɔ	ˈjadrɔ	
vъtorъkъ	slovak	utorok	ˈutɔrɔk	ˈutɔrɔk	
gorno	slovak	hrana	ˈɦrana	ˈɦrana	
mě̑xъ	slovak	mech	ˈmɛx	ˈmɛx	
dérnъ	slovak	drieň	dri̯eɲ	dri̯ɛɲ	
topìti	slovak	topiť	ˈtɔpic	ˈtɔpic	
nǫ̀dja	slovak	núdza	ˈnuːd͡za	ˈnuːd͡za	
gnusьnъ	slovak	hnusný	ˈɦnusniː	ˈɦnusniː	
luskъ	slovak	lusk	ˈɫusk	ˈɫusk	
bъrtъ	slovak	brt	ˈbr̩t	ˈbr̩t	
rebrò	slovak	rebro	ˈrɛbrɔ	ˈrɛbrɔ	
melzti	slovak	mĺzť	ˈmɫ̩ːsc	ˈmɫ̩ːsc	
vě̑no	slovak	veno	ˈvɛnɔ	ˈʋɛnɔ	
gověti	slovak	hovieť	ˈɦovi̯ec	ˈɦoʋi̯ɛc	
ostrъ	slovak	ostrý	ˈɔstriː	ˈɔstriː	
stornà	slovak	strana	ˈstrana	ˈstrana	
bùr̨a	slovak	búra	ˈbuːra		
stòlъ	slovak	stôl	stu̯ɔɫ		
rỳdlo	slovak	rydlo	ˈridlo		
br̨ȗxo	slovak	brucho	ˈbruxɔ		
konьcь	slovak	koniec	ˈkɔɲi̯ɛt͡s		
drāpàti	slovak	driapať	ˈdri̯apac		
sȗxъ	slovak	suchý	ˈsuxiː		
osà	slovak	osa	ˈosa		
bъděti	slovak	bdieť	ˈbɟi̯ɛc		
kydati	slovak	kydať	ˈkidac		
protivo	slovak	proti	ˈprɔci		
kǫsati	slovak	kúsať	ˈkuːsac		
vòn̨ь	slovak	vôňe	ˈvʊ̯ɔɲɛ		
gnȗsъ	slovak	hnus	ɦnus		
sǫ́dъ	slovak	súd	ˈsuːt		
puxnǫti	slovak	puchnúť	ˈpuxnuːc		
rāčìti	slovak	ráčiť	ˈraːt͡ʃic		
medvě̀dь	slovak	medveď	ˈmɛdvɛc		
ju	slovak	už	uʒ		
elenь	slovak	jeleň	ˈjɛlɛɲ		
nadъ	slovak	nad(o)	ˈnadɔ		
zelènъ	slovak	zelený	ˈze̞ɫe̞niː		
koltiti	slovak	klátiť	ˈkɫaːcic		
pàmętь	slovak	pamäť	ˈpamɛc		
tỳsǫti	slovak	tisíc	ˈcisiːt͡s		
pjьvàti	slovak	pľuti	ˈpʎuci		
osь̀lъ	slovak	osol	ˈɔsɔɫ		
palica	slovak	palica	ˈpalit͡sa		
mě̀dь	slovak	meď	ˈmɛc		
mě̑sìti	slovak	miesiť	ˈmi̯ɛsic		
kopati	slovak	kopať	ˈkɔpac		
lȇdъ	slovak	ľad	ˈʎat		
brъzda	slovak	brzda	ˈbr̩zda		
brȏdъ	slovak	brod	ˈbrɔt		
bȏrъ	slovak	bor	bor		
korica	slovak	korica	ˈkɔrit͡sa		
grǫ̀da	slovak	hruda	ˈɦruda		
pìti	slovak	piť	pic		
lučiti	slovak	lúčiť	ˈɫuːt͡ʃic		
kъ	slovak	k(u)	ku		
nȅbo	slovak	nebo	ˈɲɛbɔ		
tvorìti	slovak	tvoriť	ˈtvɔric		
kara	slovak	kára	kaːra		
tesàti	slovak	tesať	ˈcɛsac		
xoditi	slovak	chodiť	ˈxɔɟic		
dětę	slovak	dieťa	ˈɟi̯eca		
dyxati	slovak	dýchať	ˈdiːxac		
arь̀mъ	slovak	jarmo	ˈjarmo		
bodàti	slovak	bodať	ˈbɔdac		
drevьnъ	slovak	drevný	ˈdrevniː		
àblъka	slovak	jablko	jabɫ̩ko		
durьnъ	slovak	durný	ˈdurniː		
dę̄snò	slovak	ďasno	ˈɟasno		
piskalъ	slovak	piskor	ˈpiskɔr		
krъvьnъ	slovak	krvný	ˈkr̩vniː		
gъ̑rdъ	slovak	hrdý	ˈɦr̩diː		
sě̀nь	slovak	sieň	si̯eɲ		
bolnъ	slovak	blen	blen		
vy-	slovak	vy-	ˈvi		
vě̀ko	slovak	veko	ˈvɛkɔ		
vьrtě̀ti	slovak	vrteť	ˈʋr̩cec		
glàdъkъ	slovak	hladký	ˈɦɫatkiː		
krǫ̑gъ	slovak	kruh	krux		
pỳrъ	slovak	pýr	ˈpiːr		
lъkno	slovak	lekno	ˈlɛknɔ		
bìtva	slovak	bitva	ˈbitva		
ěrьcь	slovak	jarec	ˈjaret͡s		
mìlъ	slovak	milý	ˈmiliː		
nozdr̨a	slovak	nozdra	ˈnɔzdra		
pavorzъ	slovak	povraz	ˈpɔvras		
rȗdъ	slovak	rudý	ˈrudiː		
grǫbъ	slovak	hrubý	ˈɦrubiː		
tỳsęti	slovak	tisíc	ˈcisiːt͡s		
prijatelь	slovak	priateľ	ˈpri̯acɛʎ		
soltina	slovak	slatina	ˈsɫatina		
kyjь	slovak	kyj	ˈkij		
ěrъka	slovak	jarka	ˈjarka		
ȍpaky	slovak	opak	ˈɔpak		
plàkati	slovak	plakať	ˈpɫakac		
ě̀zva	slovak	jazva	ˈjazva		
česno	slovak	cesnak	ˈt͡sɛsnak		
kozà	slovak	koza	ˈkɔza		
mě̄zgà	slovak	miazga	ˈmi̯azɡa		
làska	slovak	láska	ˈɫaːska		
načęti	slovak	načať	ˈnat͡ʃac		
žìti	slovak	žiť	ˈʒic		
godьnъ	slovak	hodný	ˈɦɔdniː		
tъrgati	slovak	trhať	ˈtr̩ɦac		
trāvà	slovak	tráva	ˈtraːva		
želǫdъkъ	slovak	žalúdek	ˈʒaɫuːɟɛk		
mikati	slovak	mikať	ˈmikac		
bagno	slovak	bahno	ˈbaɦno		
mȏzgъ	slovak	mozog	ˈmɔzɔk		
bridъkъ	slovak	britký	ˈbritkiː		
mě̀riti	slovak	mieriť	ˈmi̯ɛric		
droždžьje	slovak	droždie	ˈdrɔʒɟi̯ɛ		
dȍma	slovak	doma	ˈdɔma		
drevě	slovak	driev	dri̯eu̯		
ȍlkъtъ	slovak	lakoť	ˈɫakɔc		
vь̑lkъ	slovak	vlk	ˈvɫ̩k		
koprъ	slovak	kôpor	ˈku̯opor		
xvorъ	slovak	chorý	ˈxɔriː		
soxà	slovak	socha	ˈsɔxa		
čel̨adь	slovak	čeľaď	ˈt͡ʃɛʎac		
dъždžь	slovak	dážď	daːʃc		
ȍlkъtь	slovak	lakoť	ˈɫakɔc		
čérdъ	slovak	čřieda	ˈt͡ʃri̯ɛda		
měšъkъ	slovak	mech	ˈmɛx		
neže	slovak	neže	ˈɲɛʒɛ		
moltiti	slovak	mlátiť	ˈmɫaːcic		
cělovàti	slovak	celovať	ˈt͡selovac		
bèrmę	slovak	bremä	ˈbrɛme		
rъvàti	slovak	rvať	ˈr̩vac		
svȏrbъ	slovak	svrab	ˈsvrap		
glìna	slovak	hlina	ɦlina		
ščítъ	slovak	štít	ʃtiːt		
telktì	slovak	tlcť	ˈtɫ̩t͡sc		
lǫ̑kъ	slovak	luk	ˈɫuk		
rȏdъ	slovak	rod	ˈrɔd		
pȏrxъ	slovak	prach	prax		
mъnogъ	slovak	mnohý	ˈmnɔɦiː		
àstrě̄bъ	slovak	jastrab	ˈjastrap		
sỳrъ	slovak	syr	ˈsir		
pь̀rstъ	slovak	prst	pr̩st		
blě̑skъ	slovak	blesk	ˈblɛsk		
korà	slovak	kôra	ku̯ora		
sȃdъ	slovak	sad	sad		
glògъ	slovak	hloh	ˈɦɫɔx		
dь̑nь	slovak	deň	ɟɛɲ		
orbòta	slovak	robota	ˈrɔbɔta		
vȇrskъ	slovak	vres	ˈvrɛs		
br̨ȗxъ	slovak	brucho	ˈbruxɔ		
bliskъ	slovak	blisk	ˈblisk		
dȗxъ	slovak	duch	ˈdux		
na	slovak	na	ˈna		
ǫ̑gъlъ	slovak	uhol	ˈuɦɔɫ		
pętъ	slovak	piaty	ˈpi̯ati		
pȗstъ	slovak	pustý	ˈpustiː		
sъn	slovak	s(e)	se		
tri	slovak	tri	ˈtri		
xvoja	slovak	chvoja	ˈxvɔja		
lě̀zti	slovak	liezť	ˈli̯ɛsc		
l̨ȗdьje	slovak	ľudia	ˈʎuɟi̯a		
kypě̀ti	slovak	kypieť	ˈkipi̯ɛc		
sъporъ	slovak	spor	ˈspɔr		
groziti	slovak	hroziť	ˈɦrɔzic		
kъr̨ь	slovak	ker	kɛr		
lěpiti	slovak	lepiť	ˈlɛpic		
pě́stъ	slovak	piest	pi̯est		
zmьjà	slovak	zmija	ˈzmija		
stьblò	slovak	steblo	ˈsteblo		
otvorìti	slovak	otvoriť	ˈɔtvɔric		
svьrběti	slovak	svrbieť	ˈsvr̩bi̯ɛc		
zȏrkъ	slovak	zrak	ˈzrak		
pekti	slovak	piecť	pi̯et͡sc		
činìti	slovak	činiť	ˈt͡ʃinic		
grozьnъ	slovak	hrozný	ˈɦrɔzniː		
bỳstrъ	slovak	bystrý	ˈbistriː		
svě̑tъ	slovak	svet	ˈsvɛt		
kokošь	slovak	kokoš	ˈkɔkɔʃ		
prȏstъ	slovak	prostý	ˈprɔstiː		
erębica	slovak	jarabica	ˈjarabit͡sa		
grebenь	slovak	hrebeň	ˈɦrɛbɛɲ		
krovъ	slovak	krov	ˈkrɔu̯		
dòrga	slovak	draha	ˈdraɦa		
dъ̑lgъ	slovak	dlh	dɫ̩x		
lъgati	slovak	luhať	ˈluɦac		
ūstà	slovak	ústa	ˈuːsta		
drъ̏vo	slovak	drvo	ˈdr̩vɔ		
mèčь	slovak	meč	ˈmɛt͡ʃ		
dobrъ	slovak	dobrý	ˈdɔbriː		
lazъ	slovak	lazy	ˈɫazi		
orbiti	slovak	robiť	ˈrobic		
òlčьnъ	slovak	lačný	ˈɫat͡ʃniː		
obьlъ	slovak	oblý	ˈɔbliː		
dě̀va	slovak	deva	ˈɟɛva		
proti	slovak	proti	ˈprɔci		
měniti	slovak	meniť sa	ˈmɛɲic sa		
čàsъ	slovak	čas	ˈt͡ʃas		
gorà	slovak	hora	ˈɦora		
kъ̀rpa	slovak	krpa	kr̩pa		
krǫtiti	slovak	krútiť	ˈkruːcic		
kòn̨ь	slovak	kôň	ku̯oɲ		
olbodà	slovak	loboda	ˈɫɔbɔda		
lǭčìti	slovak	lúčiť sa	ˈɫuːt͡ʃic sa		
dīvìti	slovak	diviť sa	ˈdivic		
otьcь	slovak	otec	ˈɔcɛt͡s		
kortъkъ	slovak	krátky	ˈkraːtki		
stàdo	slovak	stádo	ˈstaːdɔ		
volstь	slovak	vlasť	ˈʋɫasc		
pъlkъ	slovak	pluk	pluk		
ě̑rъ	slovak	jarý	ˈjariː		
pę̑tь	slovak	päť	ˈpɛc		
kvě̑tъ	slovak	kvet	ˈkvɛt		
borzdà	slovak	brázda	ˈbraːzda		
mȇdъ	slovak	med	ˈmɛt		
voliti	slovak	voliť	ˈvɔlic		
pьkъlo	slovak	peklo	ˈpɛkɫɔ		
ovь̀sъ	slovak	ovos	ˈɔvɔs		
gumьnò	slovak	humno	ˈɦumnɔ		
dāvìti	slovak	dáviť	ˈdaːvic		
grozà	slovak	hrôza	ˈɦru̯oza		
děliti	slovak	deliti	ˈdɛliti		
vȇrsъ	slovak	vres	ˈvrɛs		
kòrsta	slovak	chrasta	ˈxrasta		
ȍpakъ	slovak	opak	ˈɔpak		
čȇrpъ	slovak	črep	ˈt͡ʃrɛp		
grozdьnъ	slovak	hrozno	ˈɦrɔznɔ		
žę̄dàti	slovak	žiadať	ˈʒi̯adac		
krīdlò	slovak	krídlo	ˈkriːdɫɔ		
belená	slovak	blen	blen		
kòrva	slovak	krava	ˈkrava		
pręsti	slovak	priasť	ˈpri̯asc		
bez	slovak	bez	ˈbɛs		
velìkъ	slovak	veliký	ˈvɛlikiː		
orě̀xъ	slovak	orech	ˈɔrɛx		
brьvъnò	slovak	brvno	ˈbr̩vnɔ		
pь̑nь	slovak	peň	ˈpɛɲ		
òlkomъ	slovak	lakomý	ˈɫakɔmiː		
lomìti	slovak	lomiť	ˈlomic		
tȗrъ	slovak	tur	ˈtur		
mȋgъ	slovak	mih	mix		
bȏlь	slovak	bôľ	ˈbu̯ɔʎ		
gàdъ	slovak	had	ˈɦat		
lь̑nъ	slovak	ľan	ˈʎan		
blǫ̑dъ	slovak	blud	blud		
xȗdъ	slovak	chudý	ˈxudiː		
gъrkati	slovak	hrkať	ˈɦr̩kac		
teplъ	slovak	teplý	ˈcɛpliː		
kysьlъ	slovak	kyslý	ˈkisliː		
materьstvo	slovak	materstvo	ˈmatɛrstvɔ		
zьlčь	slovak	žlč	ʒl̩t͡ʃ		
govorъ	slovak	hovor	ˈɦɔvɔr		
strǫkъ	slovak	struk	ˈstruk		
gȏstь	slovak	hosť	ˈɦɔsc		
čàdja	slovak	čadza	ˈt͡ʃad͡za		
bry	slovak	brva	ˈbr̩va		
pȇlnъ	slovak	plen	ˈplɛn		
jьmela	slovak	jemelo	ˈjemelo		
kǫtja	slovak	kučka	ˈkut͡ʃka		
kòlъ	slovak	kôl	ku̯ol		
česàti	slovak	česať	ˈt͡ʃesac		
bě̄dìti	slovak	biedit́	ˈbi̯ɛtic		
sadìti	slovak	sadiť	ˈsaɟic		
kokotъ	slovak	kokot	ˈkɔkɔt		
košara	slovak	košiar	ˈkoʃi̯ar		
òdrъ	slovak	vôdor	ˈvu̯drɔr		
vòrna	slovak	vrana	ˈvrana		
drāžìti	slovak	drážiť	ˈdraːʒic		
pȍl̨e	slovak	pole	ˈpɔlɛ		
rosà	slovak	rosa	ˈrosa		
drozdъ	slovak	drozd	ˈdrɔst		
gnȏjь	slovak	hnoj	ˈɦnɔj		
belenъ	slovak	blen	blen		
bȏrvъ	slovak	brav	ˈbrau̯		
mȍr̨e	slovak	more	ˈmɔrɛ		
bỳti	slovak	byť	bic		
rìnǫti	slovak	rinúť se	ˈrinuːc sɛ		
dūrìti	slovak	duriť	ˈduric		
dǫ̑bъ	slovak	dub	ˈdup		
śěrъ	slovak	šerý	ˈʃɛriː		
pъtákъ	slovak	vták	ˈftaːk		
legti	slovak	ľäsť	ˈʎæsc		
vьčera	slovak	včera	ˈft͡ʃɛra		
vě̀trъ	slovak	vietor	ˈvi̯ɛtɔr		
ògn'ь	slovak	oheň	ˈɔɦɛɲ		
prosìti	slovak	prosiť	ˈprosic		
pluti	slovak	pluť	ˈpɫuc		
nǫkati	slovak	núkať	ˈnuːkac		
gńìda	slovak	hnida	ˈɦɲida		
dъxnǫti	slovak	dochnúť	ˈdɔxnuːc		
dę̀ga	slovak	ďah	ˈɟax		
drǫ́kъ	slovak	drúk	druːk		
pь̀lnъ	slovak	plný	pl̩niː		
tr̨ьje	slovak	tri	ˈtri		
studènъ	slovak	studený	ˈstuɟɛniː		
lěnìvъ	slovak	lenivý	ˈlɛniviː		
plàvati	slovak	plávať	ˈpɫaːvac		
nikati	slovak	nicať	ˈɲit͡sac		
dęgъ	slovak	ďah	ˈɟax		
gǫsti	slovak	húsť	ɦuːsc		
bliscati	slovak	blýskať	ˈbliːskac		
vьrěti	slovak	vrieť	ˈvri̯ɛc		
ȇdlь	slovak	jedľa	ˈjedʎa		
màlъ	slovak	malý	ˈmaliː		
močìti	slovak	močiť	ˈmɔt͡ʃic		
grъmъ	slovak	grmolec	ˈɡr̩mɔlɛt͡s		
jьmę	slovak	meno	ˈmɛnɔ		
sъtȏ	slovak	sto	ˈstɔ		
svinьjà	slovak	sviňa	ˈsviɲa		
pěsъ̀kъ	slovak	piesok	pi̯esok		
polxъ	slovak	poplach	ˈpɔpɫax		
tajìti	slovak	tajiť	ˈtajic		
sǫ-	slovak	sú-	ˈsuː		
lěnь	slovak	lieň	ˈli̯ɛɲ		
xȏldъ	slovak	hlad	ˈɦɫat		
ȏlsь	slovak	los	ˈɫɔs		
těsnъ	slovak	tesný	ˈcɛsniː		
ȍpako	slovak	opak	ˈɔpak		
sъ̏lnьce	slovak	slnce	ˈsɫ̩nt͡sɛ		
elьxa	slovak	jelcha	ˈjeloxa		
grǫdъ	slovak	hruda	ˈɦruda		
sỳpati	slovak	sypať	ˈsipac		
brodìti	slovak	brodiť (sa)	ˈbrɔɟic		
vę̀dnǫti	slovak	vädnúť	ˈvɛdnuːc		
grьměti	slovak	hrmieť	ˈɦr̩mi̯ɛc		
mimo	slovak	mimo	ˈmimɔ		
pьsàti	slovak	písať	ˈpiːsac		
bràtъ	slovak	brat(e)r	ˈbrater		
viti	slovak	viť	ˈvic		
sněgъ	slovak	sneh	ˈsɲɛx		
pȍjāsъ	slovak	pás	ˈpaːs		
grǫ̑dь	slovak	hruď	ˈɦruc		
làziti	slovak	laziť	ˈɫazic		
ězda	slovak	jazda	ˈjazda		
stogъ	slovak	stoh	ˈstɔx		
strьžьnь	slovak	stržeň	ˈstr̩ʒɛɲ		
dužь	slovak	dúži	ˈduːʒi		
akъjь	slovak	jaký	ˈjakiː		
męti	slovak	mäť	ˈmɛc		
do	slovak	do	ˈdɔ		
grobъ	slovak	hrob	ˈɦrɔp		
sèdmь	slovak	sedem	ˈsɛɟɛm		
mъdьlь	slovak	mdlý	ˈmdliː		
okъnò	slovak	okno	ˈɔknɔ		
elьcь	slovak	jalec	ˈjalɛt͡s		
męzdra	slovak	máz(d)ra	ˈmaːsddrara		
košer̨a	slovak	košiar	ˈkoʃi̯ar		
godina	slovak	hodina	ˈɦɔɟina		
vьrstva	slovak	vrstva	ˈʋr̩stva		
zeml̨à	slovak	zem	ˈzɛm		
blъxà	slovak	blcha	ˈbɫ̩xa		
erębina	slovak	jerabina	ˈjɛrabina		
bìdlo	slovak	bidlo	ˈbidɫɔ		
borna	slovak	brány	ˈbraːni		
gъ̀rdlo	slovak	hrdlo	ˈɦr̩dlɔ		
kruxъ	slovak	kruch	krux		
pustìti	slovak	pustiť	ˈpuscic		
bydlo	slovak	bydlo	ˈbidlɔ		
esètrъ	slovak	jeseter	ˈjɛsɛcɛr		
nòžь	slovak	nôž	nu̯oʃ		
gъrbъ	slovak	hrb	ˈɦr̩p		
gornъ	slovak	hrana	ˈɦrana		
dòlnь	slovak	dlaň	ˈdɫaɲ		
bojati sę	slovak	bať sa	ˈbac sa		
pьkъlъ	slovak	peklo	ˈpɛkɫɔ		
lemežь	slovak	lemeš	ˈlɛmɛʃ		
kъrkati	slovak	kŕkať	ˈkr̩ːkac		
smьrdě̀ti	slovak	smrdieť	ˈsmr̩ɟi̯ɛc		
mùxa	slovak	mucha	ˈmuxa		
lędvьje	slovak	ľadvie	ˈʎadvi̯ɛ		
sъxnǫti	slovak	schnúti	ˈsxnuːci		
modliti	slovak	modliť sa	ˈmɔdʎic		
maniti	slovak	mamiť	ˈmamic		
gȍlǫbь	slovak	holub	ˈɦɔɫup		
mèrža	slovak	mreža	ˈmrɛʒa		
čьrtà	slovak	črta	ˈt͡ʃr̩ta		
stìgnǫti	slovak	stihnúť	ˈstiɦnuːc		
čermuša	slovak	čremcha	ˈt͡ʃremxa		
tekti	slovak	tiecť	ti̯et͡sc		
sòrka	slovak	straka	ˈstraka		
bordlo	slovak	bradlo	ˈbradlo		
tvь̑rdъ	slovak	tvrdý	ˈtvr̩diː		
pь̀rsь	slovak	prsia	ˈpr̩si̯a		
letěti	slovak	letieť	ˈlɛci̯ɛc		
vỳmę	slovak	vemä	ˈvɛmɛ		
xȏdъ	slovak	chod	ˈxɔt		
dupa	slovak	dúpa	ˈduːpa		
mavati	slovak	mávať	ˈmaːvac		
drobězgъ	slovak	drobizg	ˈdrɔbiz		
sìvъ	slovak	sivý	ˈsiviː		
pòlmy	slovak	plameň	ˈpɫamɛɲ		
vỳgъn̨ь	slovak	vyhňa	ˈʋiɦɲa		
drobìti	slovak	drobiť	ˈdrɔbic		
sětь	slovak	sieť	ˈsi̯ɛc		
blekota	slovak	bľakot	ˈbʎakɔt		
čermъša	slovak	čremcha	ˈt͡ʃremxa		
erębъ	slovak	jerab	ˈjɛrap		
kopъtь	slovak	kopt	ˈkɔpt		
bezъ	slovak	bez	ˈbɛs		
sušìti	slovak	sušiť	ˈsuʃic		
pèlva	slovak	pleva	ˈpleva		
kyxati	slovak	kýchať	ˈkiːxac		
morъ	slovak	mor	ˈmɔr		
nǫditi	slovak	nudiť	ˈnuɟic		
melti	slovak	mliet́	ˈmli̯ɛt		
ȏsь	slovak	os	ɔs		
kl̨účь	slovak	kľúč	kʎuːt͡ʃ		
pȳtàti	slovak	pýtať	ˈpiti̯ac		
znàti	slovak	znať	ˈznac		
ěbàti	slovak	jebat́	ˈjebac		
mȏrkъ	slovak	mrak	mrak		
plotъ	slovak	plot	ˈpɫɔt		
matati	slovak	mátať	ˈmaːtac		
lǭkà	slovak	lúka	ˈɫuːka		
snuti	slovak	snovať	ˈsnɔvac		
būdìti	slovak	budiť	ˈbuɟic		
čermъxa	slovak	čremcha	ˈt͡ʃremxa		
xvorstьje	slovak	chrastie	ˈxrasci̯ɛ		
spě̀ti	slovak	spieť	ˈspi̯ɛc		
blǭdìti	slovak	blúdiť	ˈbluːɟic		
šibati	slovak	šibať	ˈʃibac		
rỳti	slovak	ryť	ˈric		
za	slovak	za	ˈza		
dȃrъ	slovak	dar	dar		
lixъ	slovak	lichý	ˈlixiː		
oborъ	slovak	obora	ˈɔbɔra		
làskati	slovak	láskať	ˈɫaːskac		
pǫčati	slovak	pučať	ˈput͡ʃac		
oràti	slovak	orať	ˈorac		
divьnъ	slovak	divný	ˈɟivniː		
lě̑sъ	slovak	les	ˈlɛs		
gubìti	slovak	hubiti	ˈɦubici		
gospodinъ	slovak	hospodin	ˈɦɔspɔdin		
mьrknǫti	slovak	mrknuť	ˈmrknuc		
čęstъ	slovak	častý	ˈt͡ʃastiː		
dupę	slovak	dúpa	ˈduːpa		
ęzỳkъ	slovak	jazyk	ˈjazik		
otъ	slovak	od(o)	ˈɔdɔ		
krajь	slovak	kraj	kraj		
lě̑pъ	slovak	lep	ˈlɛp		
dàti	slovak	dáti	ˈdaːti		
sérn̨ь	slovak	srieň	ˈsri̯ɛɲ		
pьšenò	slovak	pšeno	ˈpʃɛnɔ		
protivǫ	slovak	proti	ˈprɔci		
brьdnǫti	slovak	bŕdnuť	ˈbr̩ːdnuc		
čarъ	slovak	čar	ˈt͡ʃar		
slìna	slovak	slina	ˈslina		
žalь	slovak	žiaľ	ˈʒi̯aʎ		
plesti	slovak	pliesť	ˈpli̯ɛsc		
brusьnica	slovak	brusnica	ˈbrusɲit͡sa		
kobьcь	slovak	kobec	ˈkɔbɛt͡s		
sě̀jati	slovak	siať	ˈsi̯ac		
pràvъ	slovak	pravý	ˈpraviː		
polъ	slovak	pol	pol		
kovati	slovak	kovať	ˈkɔvac		
nȃgъ	slovak	nahý	ˈnaɦiː		
ȍko	slovak	oko	ˈɔkɔ		
grubъ	slovak	hrubý	ˈɦrubiː		
sьrna	slovak	srna	ˈsr̩na		
ako	slovak	ako	ˈakɔ		
l̨ūbìti	slovak	ľúbiť	ˈʎuːbic		
kàjati	slovak	kajať sa	ˈkajac sa		
sovà	slovak	sova	ˈsɔva		
lovìti	slovak	loviť	ˈɫɔvic		
voskъ	slovak	vosk	ˈvɔsk		
palьcь	slovak	palec	ˈpalet͡s		
ne	slovak	ne	ˈɲɛ		
màkъ	slovak	mak	ˈmak		
stȃnъ	slovak	stan	ˈstan		
smȏrdъ	slovak	smrad	ˈsmrat		
luščiti	slovak	lúštiť	ˈluːʃcic		
gnusiti	slovak	hnusiť	ˈɦnusic		
blizъkъ	slovak	blízky	ˈbliːski		
elenъ	slovak	jeleň	ˈjɛlɛɲ		
čerpti	slovak	črieť	ˈt͡ʃri̯ɛc		
olьxa	slovak	jelcha	ˈjeloxa		
krotъkъ	slovak	krotký	ˈkrɔtkiː		
mьzdà	slovak	mzda	mzda		
būčàti	slovak	bučať	ˈbut͡ʃac		
rokъ	slovak	rok	ˈrɔk		
vȃrъ	slovak	var	ˈvar		
mьrzěti	slovak	mrzieť	ˈmr̩zi̯ɛc		
sòldъkъ	slovak	sladký	ˈsɫatkiː		
ě̀snъ	slovak	jasný	ˈjasniː		
korỳto	slovak	koryto	ˈkorito		
polìca	slovak	polica	ˈpɔlit͡sa		
tretь	slovak	tretí	ˈtrɛciː		
koterъ	slovak	koterý	ˈkɔcɛriː		
vodìti	slovak	voditi	ˈvɔɟiti		
cě̄và	slovak	cieva	ˈt͡si̯eva		
medjà	slovak	medza	ˈmɛd͡za		
bòlna	slovak	blana	ˈbɫana		
vę̄zàti	slovak	viazať	ˈvi̯azac		
grozdьno	slovak	hrozno	ˈɦrɔznɔ		
krěpъkъ	slovak	krepký	ˈkrepkiː		
serdà	slovak	streda	ˈstreda		
mojь	slovak	môj	mu̯oj		
krȍsno	slovak	krosná	ˈkrɔsnaː		
mь̀čь	slovak	meč	ˈmɛt͡ʃ		
lě̑vъ	slovak	ľavý	ˈʎaviː		
drobězga	slovak	drobizg	ˈdrɔbiz		
ty	slovak	ty	ˈti		
ežь	slovak	jež	je		
degъtь	slovak	decht	ˈɟɛxt		
ǫzъkъ	slovak	úzky	ˈuːski		
zъlъ	slovak	zlý	ˈzɫiː		
jьkro	slovak	ikra	ˈikra		
devętъ	slovak	deviaty	ˈɟɛvi̯ati		
lìpa	slovak	lipa	ˈlipa		
zę̀tь	slovak	zať	ˈzac		
dojìti	slovak	dojiť	ˈdɔjic		
černovъ	slovak	čřenový (zub)	ˈt͡ʃɛnɔviː zzup		
dę̄snà	slovak	ďasno	ˈɟasno		
dǭgà	slovak	dúha	ˈduːɦa		
pǫkъ	slovak	puk	puk		
kolo	slovak	kolo	ˈkolo		
zębnǫti	slovak	ziabnuť	ˈzi̯abnuc		
ȁgoda	slovak	jahoda	ˈjaɦɔda		
čitati	slovak	čítať	ˈt͡ʃiːtac		
sě̀ti	slovak	siať	ˈsi̯ac		
věděti	slovak	vedeť	ˈvɛɟɛc		
gromada	slovak	hromada	ˈɦrɔmada		
tь̏nьkъ	slovak	tenký	ˈcɛŋkiː		
vìděti	slovak	videť	ˈviɟɛc		
orz	slovak	roz-	ˈrɔs		
kopa	slovak	kopa	ˈkopa		
vysòkъ	slovak	vysoký	ˈvisɔkiː		
migati	slovak	migát́	ˈmiɡaːt		
drъgati	slovak	drgať	ˈdr̩ɡac		
pèlti	slovak	pleť	ˈplɛc		
nicati	slovak	nicať	ˈɲit͡sac		
bādàti	slovak	bádať	ˈbaːdac		
lȗbъ	slovak	lub	ˈlup		
čerěnъ	slovak	čereň	ˈt͡ʃɛrɛɲ		
dьrnǫti	slovak	drhnúť	ˈdr̩ɦnuːc		
bràtrъ	slovak	brat(e)r	ˈbrater		
stryjь	slovak	strýc	ˈstriːt͡s		
vě̀jati	slovak	viať	ˈvi̯ac		
lososь	slovak	losos	ˈɫɔsɔs		
kydnǫti	slovak	kydnúť	ˈkidnuːc		
grìva	slovak	hriva	ˈɦriva		
krě̀slo	slovak	krieslo	ˈkri̯ɛsɫɔ		
strycь	slovak	strýc	ˈstriːt͡s		
cě̑lъ	slovak	celý	ˈt͡seliː		
gъrba	slovak	hrb	ˈɦr̩p		
kъlъ	slovak	kel	ˈkɛɫ		
kadìdlo	slovak	kadidlo	ˈkaɟidɫɔ		
ěrь	slovak	jar	ˈjar		
ležàti	slovak	ležať	ˈlɛʒac		
vesti	slovak	viest	ˈvi̯ɛst		
čerslò	slovak	črieslo	ˈt͡ʃri̯ɛsɫɔ		
plъ̀tъ	slovak	plť	pɫ̩c		
però	slovak	pero	ˈpɛrɔ		
māxàti	slovak	máchať	ˈmaːxac		
vъn	slovak	v(o)	ˈv̩ɔ		
tęgnǫti	slovak	tiahnouť	ˈci̯aɦnɔuc		
pòlxъ	slovak	plachý	ˈpɫaxiː		
strъjь	slovak	strýc	ˈstriːt͡s		
zīmà	slovak	zima	ˈzima		
ženà	slovak	žena	ˈʒena		
gruda	slovak	hruda	ˈɦruda		
sě̑no	slovak	seno	ˈsɛnɔ		
virъ	slovak	vir	vir		
vertenò	slovak	vreteno	ˈvrɛcɛnɔ		
čermъšь	slovak	čremcha	ˈt͡ʃremxa		
tręsti	slovak	triasť	ˈtri̯asc		
krъxъ	slovak	krh	kr̩x		
minǫti	slovak	minúť	ˈminuːc		
pòrgъ	slovak	prah	prax		
glȗxъ	slovak	hluchý	ˈɦluxiː		
elbedь	slovak	labuť	ˈɫabuc		
glъtati	slovak	hltať	ˈɦl̩tac		
òrmę	slovak	ramä	ˈrame		
kādìti	slovak	kadiť	ˈkaɟic		
živòtъ	slovak	život	ˈʒivɔt		
sy̑nъ	slovak	syn	sin		
dě̄rà	slovak	diera	ˈɟi̯ɛra		
voinъ	slovak	vojín	ˈvɔjiːn		
modrъ	slovak	modrý	ˈmɔdriː		
mę̑so	slovak	mäso	ˈmæso		
mękъkъ	slovak	mäkký	ˈmekkiː		
lȏvъ	slovak	lov	ˈɫɔu̯		
grǫziti	slovak	hrúžiťsa	ˈɦruːʒicsa		
dȅvętь	slovak	deväť	ˈɟevæc		
v̀ydra	slovak	vydra	ˈvidra		
kropiti	slovak	kropiť	ˈkropic		
jь̑go	slovak	jho	ˈjo̞		
męzdro	slovak	máz(d)ra	ˈmaːsddrara		
ni	slovak	ni	ˈɲi		
rę̑dъ	slovak	rad	ˈrat		
gȏrdъ	slovak	hrad	ˈɦrat		
brìti	slovak	briť	ˈbric		
bȏsъ	slovak	bosý	ˈbɔsiː		
gorěti	slovak	horieť	ˈɦori̯ec		
mǫ̀čiti	slovak	mučiť	ˈmut͡ʃic		
tъ	slovak	ten	tɛn		
někъto	slovak	niekto	ˈɲi̯ɛktɔ		
sъ	slovak	s(e)	se		
sь̑rdьce	slovak	srdce	sr̩tsɛ		
jūxà	slovak	jucha	ˈjuxa		
voldati	slovak	vládať	ˈvɫaːdac		
korenь	slovak	koreň	ˈkɔrɛɲ		
pȋvo	slovak	pivo	pivo		
sòlma	slovak	slama	ˈsɫama		
dętelъ	slovak	ďateľ	ˈɟacɛʎ		
osmъ	slovak	ôsmy	ˈu̯osmi		
prъskati	slovak	prskať	ˈpr̩skac		
l̨ubъ	slovak	ľubý	ˈʎubiː		
ǫ̀glь	slovak	uhoľ	ˈuɦɔʎ		
bě́lъ	slovak	biely	ˈbi̯ɛli		
bȁba	slovak	baba	ˈbaba		
stonъ	slovak	ston	ˈstɔn		
čelověkъ	slovak	človek	ˈt͡ʃɫɔvɛk		
stojati	slovak	stáť	ˈstaːc		
ūzdà	slovak	uzda	ˈuzda		
sȏlь	slovak	soľ	ˈsɔʎ		
pažitь	slovak	pažiť	ˈpaʒic		
dikъ	slovak	diký	ˈɟikiː		
jьmelo	slovak	jemelo	ˈjemelo		
podъ	slovak	pod(e)	ˈpɔdɛː		
ǫ̀zlъ	slovak	uzol	ˈuzol		
mъlva	slovak	mluva	ˈmluva		
ȁsenъ	slovak	jaseň	ˈjasɛɲ		
čȋnъ	slovak	čin	ˈt͡ʃin		
ebàti	slovak	jebat́	ˈjebac		
bě̀gati	slovak	behat	ˈbɛɦat		
dьrbati	slovak	drbať	ˈdr̩bac		
divъ	slovak	div	ˈɟiv		
emela	slovak	jemelo	ˈjemelo		
mъxъ	slovak	mach	ˈmax		
bl̨ьvàti	slovak	bľuvať	ˈbʎuvac		
krěpъ	slovak	krepý	ˈkrepiː		
cě̄dìti	slovak	cediť	ˈt͡sɛɟic		
jьgrati	slovak	hrať	ˈɦrac		
edvà	slovak	ledva	ˈlɛdva		
trъ̑stь	slovak	trsť	tr̩sc		
boln̨a	slovak	blana	ˈbɫana		
vòl̨a	slovak	vôľa	ˈvu̯ɔʎa		
čìstъ	slovak	čistý	ˈt͡ʃistiː		
tvorъ	slovak	tvor	ˈtvɔr		
doltò	slovak	dláto	ˈdɫaːtɔ		
dȃnь	slovak	daň	daɲ		
gǫgnati	slovak	huhňať	ˈɦuɟɲac		
sérnъ	slovak	srieň	ˈsri̯ɛɲ		
l̨utъ	slovak	ľúty	ˈʎuːti		
òrdlo	slovak	radlo	ˈradlo		
vъtorьnikъ	slovak	utorok	ˈutɔrɔk		
podъ̀šьva	slovak	podošva	ˈpɔdɔʃva		
stenàti	slovak	stenať	ˈstɛnac		
trȗpъ	slovak	trup	trup		
nebogъ	slovak	nebohý	ˈɲɛbɔɦiː		
plěsnь	slovak	pleseň	ˈplɛsɛɲ		
mỳdlo	slovak	mydlo	ˈmidɫɔ		
xabiti	slovak	chabiť	ˈxabic		
nuriti	slovak	nuriť sä	ˈnuric sɛ		
vojьna	slovak	vojna	ˈvɔjna		
drevьnь	slovak	drevný	ˈdrevniː		
motati	slovak	motať	ˈmɔtac		
dě́lъ	slovak	diel	ˈɟi̯ɛɫ		
ob	slovak	o	o		
lysъ	slovak	lysý	ˈlisiː		
bьčelà	slovak	včela	ˈft͡ʃɛɫa		
pàdati	slovak	padať	ˈpadac		
dalèkъ	slovak	daleký	ˈdalɛkiː		
čȇrvo	slovak	črevo	ˈt͡ʃrɛvɔ		
xvojь	slovak	chvoja	ˈxvɔja		
drě̄màti	slovak	driemať	ˈdriemac		
nekъto	slovak	niekto	ˈɲi̯ɛktɔ		
govę̀do	slovak	hovädo	ˈɦɔvɛdɔ		
ȁsenь	slovak	jaseň	ˈjasɛɲ		
pālìti	slovak	páliť	ˈpaːlic		
novákъ	slovak	novák	ˈnɔvaːk		
sìla	slovak	sila	ˈsiɫa		
ajьce	slovak	vajce	ˈvajt͡sɛ		
nùdja	slovak	núdza	ˈnuːd͡za		
ęčьmy	slovak	jačmeň	ˈjat͡ʃmɛɲ		
gòlъ	slovak	holý	ˈɦɔɫiː		
stỳdnǫti	slovak	stydnúť	ˈstidnuːc		
kl̨ùka	slovak	kľuka	ˈkʎuka		
vь̀rxъ	slovak	vrch	ˈʋr̩x		
vȏlkъ	slovak	vlak	ˈvɫak		
ȅzero	slovak	jazero	ˈjazɛrɔ		
kuzn̨a	slovak	kúzňa	ˈkuːzɲa		
gatь	slovak	hať	ˈɦac		
metàti	slovak	metať	ˈmɛtac		
ěsti	slovak	jesť	ˈjɛsc		
sỳtъjь	slovak	sýty	ˈsiːti		
znamenьje	slovak	znamenie	ˈzanmɛɲi̯ɛ		
cè̌sta	slovak	cesta	ˈt͡sɛsta		
klъkati	slovak	klkať	ˈkɫac		
stàrъ	slovak	starý	ˈstariː		
plástъ	slovak	plást	ˈpɫaːst		
nȇrstь	slovak	neres	ˈɲɛrɛs		
edъvà	slovak	ledva	ˈlɛdva		
ložìti	slovak	ložiť	ˈɫɔʒic		
tьma	slovak	tma	ˈtma		
orsti	slovak	rásť	ˈraːsc		
krūpà	slovak	krúpy	ˈkruːpi		
sьršenь	slovak	sršeň	ˈsr̩ʃɛɲ		
cě̄nà	slovak	cena	ˈt͡sɛna		
cě̄nìti	slovak	ceniť	ˈt͡sɛɲic		
kъrmъ	slovak	krm	kr̩m		
jьgъlà	slovak	ihla	ˈiɦɫa		
kòšь	slovak	kôš	ku̯oʃ		
vъ	slovak	v(o)	ˈv̩ɔ		
zьrěti	slovak	zrieť	ˈzri̯ɛc		
česnъ	slovak	cesnak	ˈt͡sɛsnak		
kašlь	slovak	kašeľ	ˈkaʃɛʎ		
glǫbòkъ	slovak	hlboký	ˈɦɫ̩bɔkiː		
tьlěti	slovak	tlieť	ˈtli̯ec		
sìto	slovak	sito	ˈsito		
sě̄dló	slovak	sídlo	ˈsiːdɫɔ		
sъsàti	slovak	sať	ˈsac		
pǫ̀to	slovak	puto	ˈputɔ		
kamy	slovak	kameň	ˈkamɛɲ		
žȅlǫdь	slovak	žaluď	ˈʒaɫuc		
bylьje	slovak	býlie	ˈbiːli̯ɛ		
obětjati	slovak	obecať	ˈɔbɛt͡sac		
ȅsenь	slovak	jeseň	ˈjɛsɛɲ		
krǫtъ	slovak	krutý	ˈkrutiː		
l̨ȗdъ	slovak	ľud	ˈʎud		
ěrina	slovak	jarina	ˈjarina		
jьlъ	slovak	íl	iːl		
kyprъ	slovak	kyprý	ˈkipriː		
zȍlto	slovak	zlato	ˈzɫatɔ		
dỳmъ	slovak	dym	ˈdim		
svekrъ	slovak	svokor	ˈsvɔkɔr		
kъn	slovak	k(u)	ku		
àsъtrě̄bъ	slovak	jastrab	ˈjastrap		
lemešь	slovak	lemeš	ˈlɛmɛʃ		
mъšica	slovak	mšica	ˈmʃit͡sa		
esètra	slovak	jeseter	ˈjɛsɛcɛr		
slȍvo	slovak	slovo	ˈsɫɔvɔ		
tęžъkъ	slovak	ťažký	ˈcaʃkiː		
lъskъ	slovak	lesk	ˈlɛsk		
bìčь	slovak	bič	bit͡ʃ		
želě̀zo	slovak	železo	ˈʒeɫezɔ		
pьcьlъ	slovak	peklo	ˈpɛkɫɔ		
bordà	slovak	brada	ˈbrada		
nȏktь	slovak	noc	ˈnɔt͡s		
edinakъ	slovak	jednaký	jednakiː		
myto	slovak	mýto	ˈmiːtɔ		
pȍpelъ	slovak	popel	ˈpɔpɛɫ		
olbǭtь	slovak	labuť	ˈɫabuc		
nedǫ̀gъ	slovak	neduh	ˈneduɦ		
sestrà	slovak	sestra	ˈsɛstra		
lъžь	slovak	lož	ˈɫɔʃ		
xomǫtъ	slovak	chomút	ˈxɔmuːt		
olbǭdь	slovak	labuť	ˈɫabuc		
kūrìti	slovak	kúriť	ˈkuːric		
kórtъ	slovak	dvakrát	ˈdvakraːt		
orlьja	slovak	roľa	ˈrɔʎa		
běžàti	slovak	bežať	ˈbɛʒac		
òsmь	slovak	osem	ˈɔsɛm		
ǫgorь	slovak	úhor	ˈuːɦɔr		
čùti	slovak	čuť	ˈt͡ʃuc		
kȏlsъ	slovak	klas	ˈkɫas		
kỳla	slovak	kyla	ˈkiɫa		
mamiti	slovak	mamiť	ˈmamic		
juže	slovak	už	uʒ		
duti	slovak	duť	ˈduc		
kaliti	slovak	kaliť	ˈkalic		
čelò	slovak	čelo	ˈt͡ʃɛɫɔ		
slimakъ	slovak	slimak	ˈslimak		
mǭkà	slovak	múka	ˈmuːka		
mь̀rtvъ	slovak	mŕtvy	ˈmr̩ːtvɪ		
my̑slь	slovak	myseľ	ˈmisɛʎ		
čùdo	slovak	čudo	ˈt͡ʃudɔ		
làpa	slovak	laba	ˈɫaba		
desętъ	slovak	desiaty	ˈɟɛsi̯ati		
rě̄kà	slovak	rieka	ˈri̯ɛka		
bogàtъ	slovak	bohatý	ˈbɔɦatiː		
orь̀lъ	slovak	orol	ˈorol		
nestì	slovak	niesť	ˈɲi̯ɛsc		
sъdòrvъ	slovak	zdravý	ˈzdraviː		
drȗgъ	slovak	druh	ˈdrux		
gatъ	slovak	hať	ˈɦac		
bolnь	slovak	blana	ˈbɫana		
òrmo	slovak	ramä	ˈrame		
blě̑dъ	slovak	bledý	ˈblɛːdiː		
pǫ́tь	slovak	púť	ˈpuːc		
lozà	slovak	loza	ˈɫɔza		
lonò	slovak	lono	ˈlono		
sě̀verъ	slovak	sever	ˈsever		
gvě̄zdà	slovak	hviezda	ˈɦvi̯ɛzda		
košarъ	slovak	košiar	ˈkoʃi̯ar		
pь̀strъ	slovak	pestrý	ˈpɛstriː		
grěti	slovak	hriať	ˈɦri̯ac		
pāxàti	slovak	páchať	ˈpaːxac		
òrkъ	slovak	rak	ˈrak		
òrtajь	slovak	rataj	ˈrataj		
mě̀ra	slovak	miera	ˈmi̯ɛra		
vȏzъ	slovak	voz	ˈvɔs		
ǫ́žь	slovak	užovka	ˈuʒɔu̯ka		
górdja	slovak	hrádza	ˈɦraːdza		
volděti	slovak	vládať	ˈvɫaːdac		
syrovъ	slovak	surový	ˈsurɔviː		
dьržati	slovak	držať	ˈdr̩ʒac		
bȏgъ	slovak	boh	bɔx		
melkò	slovak	mlieko	ˈmli̯ɛkɔ		
pь̀sъ	slovak	pes	ˈpɛs		
šȇstь	slovak	šesť	ˈʃɛst		
ščenę	slovak	šteňa	ˈʃcɛɲa		
žьltъ	slovak	žltý	ˈʒɫ̩tiː		
remy	slovak	remeň	ˈrɛmɛɲ		
dȏrgъ	slovak	drahý	ˈdraɦiː		
my	slovak	my	ˈmi		
studìti	slovak	studiť	ˈstuɟic		
elbǭtь	slovak	labuť	ˈɫabuc		
tǭgà	slovak	túha	ˈtuːɦa		
gadati	slovak	hádať	ˈɦaːdac		
mȏltъ	slovak	mlat	mɫat		
onъ	slovak	on	ɔn		
gybati	slovak	hýbať	ˈɦiːbac		
mòrzъ	slovak	mráz	ˈmraːs		
kozьlъ	slovak	kozol	ˈkɔzɔɫ		
šьvьcь	slovak	švec	ˈʃvɛt͡s		
pasti	slovak	pásť	ˈpaːsc		
grỳzti	slovak	hrýzť	ˈɦriːsc		
majati	slovak	mávať	ˈmaːvac		
velьkъ	slovak	veľký	ˈvɛʎkiː		
pȅpelъ	slovak	popel	ˈpɔpɛɫ		
tǫ̑gъ	slovak	tuhý	ˈtuɦiː		
čьrpati	slovak	čerpati	ˈt͡ʃɛrpaci		
rovъ	slovak	rov	ˈrɔu̯		
kъde	slovak	kde	ˈɡɟɛ		
elbedà	slovak	loboda	ˈɫɔbɔda		
rȗx	slovak	ruch	ˈrux		
mokrъ	slovak	mokrý	ˈmɔkriː		
ròjь	slovak	roj	ˈrɔj		
čerdà	slovak	čřieda	ˈt͡ʃri̯ɛda		
mǫ̀ka	slovak	muka	ˈmuka		
ežina	slovak	ožina	ˈɔʒina		
molь	slovak	moľ	ˈmɔʎ		
nòvъ	slovak	nový	ˈnɔviː		
gně̀vъ	slovak	hnev	ɦɲeu̯		
mogti	slovak	môcť	ˈmu̯ɔt͡sc		
vodà	slovak	voda	ˈvɔda		
àgnę	slovak	jahňa	ˈjaɦɲa		
kòlda	slovak	klada	ˈkɫada		
vixъrъ	slovak	víchor	ˈviːxɔr		
sъlojь	slovak	sloj	sɫɔj		
brestì	slovak	bŕsť	ˈbr̩ːsc		
vozìti	slovak	voziť	ˈvɔzic		
solnъ	slovak	slaný	ˈsɫaniː		
pȍrsę	slovak	prasa	ˈprasa		
vòn̨a	slovak	vôňe	ˈvʊ̯ɔɲɛ		
kremy	slovak	kremeň	ˈkrɛmɛɲ		
moldъ	slovak	mladý	ˈmɫadiː		
piskorь	slovak	piskor	ˈpiskɔr		
klъcati	slovak	klkať	ˈkɫac		
kolě̀no	slovak	koleno	ˈkɔlɛnɔ		
kašьlь	slovak	kašeľ	ˈkaʃɛʎ		
gǫ̑sь	slovak	hus	ɦus		
dь̀lgъ	slovak	dlhý	ˈdl̩ɦiː		
motyka	slovak	motyka	ˈmɔtika		
polvъ	slovak	plavý	ˈpɫaviː		
rědъkъ	slovak	riedky	ˈri̯ɛtki		
dьlti	slovak	dĺbsť	dɫ̩ːpsc		
kašьl̨ati	slovak	kašlať	ˈkaʃɫac		
vȋdъ	slovak	vid	ˈvit		
pàǭkъ	slovak	pavúk	ˈpavuːk		
bèrza	slovak	breza	ˈbrɛza		
àstrę̄bъ	slovak	jastrab	ˈjastrap		
žerdlò	slovak	žriedlo	ˈʒri̯ɛdɫɔ		
vьdovà	slovak	vdova	ˈvdɔva		
ešče	slovak	ešte	ˈɛʃcɛ		
gȏjь	slovak	hoj	ˈɦɔj		
stàti	slovak	stať sa	ˈstac sa		
līzàti	slovak	lízať	ˈliːzac		
gъnǫti	slovak	hnúť	ˈɦnuːc		
zobàti	slovak	zobať	ˈzɔbac		
ěxati	slovak	jachať	ˈjaxac		
lě̀to	slovak	leto	ˈlɛtɔ		
čemerika	slovak	čemerica	ˈt͡ʃɛmɛrit͡sa		
pǫpъkъ	slovak	pupok	ˈpupɔk		
česnъkъ	slovak	cesnak	ˈt͡sɛsnak		
xoldьnъ	slovak	chladný	ˈxɫadniː		
čermuxa	slovak	čremcha	ˈt͡ʃremxa		
nogъtь	slovak	necht	ˈɲɛxt		
mьn̨ьjь	slovak	menší	ˈmɛnʃiː		
sъmьrtь	slovak	smrť	ˈsmr̩c		
gъrnъ	slovak	grno	ˈɡr̩nɔ		
govorìti	slovak	hovoriť	ˈɦɔvɔric		
męsti	slovak	miasť	ˈmi̯asc		
kazati	slovak	kázať	ˈkaːzac		
akъ	slovak	jaký	ˈjakiː		
ovьcà	slovak	ovca	ˈɔu̯t͡sa		
morà	slovak	mora	ˈmɔra		
mьrkъ	slovak	mrk	ˈmr̩k		
dūxàti	slovak	dúchať	ˈduːxac		
xlě̀bъ	slovak	chlieb	ˈxli̯ɛp		
klěšča	slovak	kliešte	ˈkli̯ɛʃcɛ		
pęti	slovak	pnúť	ˈpnuːc		
bȇrgъ	slovak	breh	ˈbrɛx		
bě̑sъ	slovak	bes	ˈbɛs		
gǫgn̨ati	slovak	huhňať	ˈɦuɟɲac		
lьgъkъ	slovak	ľahký	ˈʎaxkiː		
ǫtrь	slovak	vnútri	ˈvnuːtri		
pȏtъ	slovak	pot	ˈpɔt		
kȏsъ	slovak	kos	ˈkɔs		
pletjè	slovak	plece	ˈplet͡se		
perkъ	slovak	priek	ˈpri̯ek		
kotorъ	slovak	koterý	ˈkɔcɛriː		
bytьje	slovak	bytie	ˈbici̯ɛ		
àblъko	slovak	jablko	jabɫ̩ko		
bьrgъ	slovak	brh	br̩x		
žьlna	slovak	žlna	ˈʒɫ̩na		
edьnakъ	slovak	jednaký	jednakiː		
nāròdъ	slovak	národ	ˈnaːrɔt		
zъvati	slovak	zvať	ˈzvac		
strьženь	slovak	stržeň	ˈstr̩ʒɛɲ		
grę̑znǫti	slovak	hriaznuť	ˈɦri̯aznuc		
mě̀sto	slovak	miesto	ˈmi̯ɛstɔ		
mьrznǫti	slovak	mrznúť	ˈmr̩znuːc		
jьgra	slovak	hra	ˈɦra		
nevě̀sta	slovak	nevěsta	ˈnɛfssta		
òlkomъjь	slovak	lakomý	ˈɫakɔmiː		
tučьnъ	slovak	tučný	ˈtut͡ʃniː		
teti	slovak	tepať	ˈcɛpac		
odolě̀ti	slovak	odolieť	ˈɔdɔli̯ɛc		
nukati	slovak	núkať	ˈnuːkac		
męknǫti	slovak	mäknúť	ˈmɛknuːc		
svętъ	slovak	svätý	ˈsvætiː		
vědrò	slovak	vedro	ˈvɛdrɔ		
otrokъ	slovak	otrok	ˈɔtrɔk		
šìti	slovak	šiť	ˈʃic		
klěščiti	slovak	klieštiť	ˈkli̯ɛʃcic		
krỳti	slovak	kryť	ˈkric		
piskarь	slovak	piskor	ˈpiskɔr		
kǫ̑sъ	slovak	kus	ˈkus		
jùgъ	slovak	juh	ˈjux		
ȅzerъ	slovak	jazero	ˈjazɛrɔ		
čьrvь	slovak	červ	ˈt͡ʃɛrw		
kolto	slovak	klát	ˈkɫaːt		
mě̀sęcь	slovak	mesiac	ˈmɛsi̯at͡s		
nogà	slovak	noha	ˈnɔɦa		
užasъ	slovak	úžas	ˈuːʒas		
slàbъ	slovak	slabý	ˈsɫabiː		
màzati	slovak	mazať	ˈmazac		
vьrsta	slovak	vrstva	ˈʋr̩stva		
grȏmъ	slovak	hrom	ˈɦrɔm		
erębь	slovak	jerab	ˈjɛrap		
ęčati	slovak	jačať	ˈjat͡ʃac		
vě̀ra	slovak	viera	ˈvi̯ɛra		
veslò	slovak	veslo	ˈvɛsɫɔ		
směxъ	slovak	smiech	ˈsmi̯ɛx		
žeravъ	slovak	žeravý	ˈʒɛraviː		
rȏgъ	slovak	roh	ˈrɔx		
pȏlzъ	slovak	plaz	ˈpɫas		
sъ̀nъ	slovak	sen	ˈsɛn		
ǭtròba	slovak	útroba	ˈuːtrɔba		
tȏkъ	slovak	tok	ˈtɔk		
àsъtrę̄bъ	slovak	jastrab	ˈjastrap		
pę̑stь	slovak	päsť	ˈpɛsc		
glěnь	slovak	hlien	ɦli̯en		
tě̑sto	slovak	cesto	ˈt͡sɛstɔ		
paxnǫti	slovak	páchnuť	ˈpaːxnuc		
ȍlovo	slovak	olovo	ˈɔɫɔvɔ		
mara	slovak	mara	ˈmara		
grę̄dà	slovak	hrada	ˈɦrada		
pěšь	slovak	peší	ˈpɛʃiː		
lunà	slovak	luna	ˈluna		
bъrtь	slovak	brt	ˈbr̩t		
kvȃsъ	slovak	kvas	ˈkvas		
pěga	slovak	peha	ˈpɛɦa		
blekotъ	slovak	bľakot	ˈbʎakɔt		
dьnьsь	slovak	dnes	dɲɛs		
obolkъ	slovak	oblak	ˈɔbɫak		
pozdъ	slovak	pozde	ˈpɔzɟɛ		
krakati	slovak	krákať	ˈkraːkac		
tỳlъ	slovak	tylo	ˈtiɫɔ		
lędvьja	slovak	ľadvie	ˈʎadvi̯ɛ		
rodìti	slovak	rodiť	ˈrɔɟic		
pl̨ūtjè	slovak	pľúca	ˈpʎuːt͡sa		
rekti	slovak	riecť	ˈri̯ɛt͡sc		
čerěnь	slovak	čereň	ˈt͡ʃɛrɛɲ		
blistati	slovak	blýskať	ˈbliːskac		
golěnь	slovak	holeň	ˈɦoleɲ		
àblъkъ	slovak	jablko	jabɫ̩ko		
bujьnъ	slovak	bujný	ˈbujniː		
čakati	slovak	čakať	ˈt͡ʃakac		
svòrka	slovak	straka	ˈstraka		
obuti	slovak	obuť	ˈɔbuc		
vorta	slovak	vráta	ˈvraːta		
vy	slovak	vy	ˈvi		
olni	slovak	lani	ˈɫaɲi		
mъrky	slovak	morkva	ˈmɔrkva		
vaditi	slovak	vadiť	ˈvaɟic		
gǫ̀ba	slovak	huba	ˈɦuba		
drevje	slovak	driev	dri̯eu̯		
jьkrà	slovak	ikra	ˈikra		
žàba	slovak	žaba	ˈʒaba		
žeravь	slovak	žeriav	ˈʒɛri̯au̯		
dūšà	slovak	duša	ˈduʃa		
dvòrъ	slovak	dvor	ˈdvɔr		
greti	slovak	hriebsť	ˈɦri̯ɛpsc		
gordjь	slovak	hrádza	ˈɦraːdza		
slùšati	slovak	slušať	ˈsɫuʃac		
pьxati	slovak	pchať	ˈpxac		
ot	slovak	od(o)	ˈɔdɔ		
nȏsъ	slovak	nos	nos		
rǭkà	slovak	ruka	ˈruka		
vòlga	slovak	vlaha	ˈvɫaɦa		
žȋvъ	slovak	živý	ˈʒiviː		
žarъ	slovak	žiar	ˈʒi̯ar		
domovъ	slovak	domový	ˈdɔmɔviː		
ȏstь	slovak	osť	ˈɔsc		
pętà	slovak	päta	ˈpɛta		
kaziti	slovak	kaziť	ˈkazic		
golota	slovak	holota	ˈɦɔɫɔta		
dьrzъkъ	slovak	derski	ˈdɛrski		
sèdmъ	slovak	siedmy	ˈsi̯ɛdmi		
glę̀dati	slovak	hľadať	ˈɦʎadac		
moldenьcь	slovak	mládenec	ˈmɫaːɟɛɲɛt͡s		
dertì	slovak	drieť (sa)	ˈdri̯ec sa̯a		
tě̀mę	slovak	temä	ˈcɛmɛ		
gòrxъ	slovak	hrach	ˈɦrax		
dȏmъ	slovak	dom	ˈdɔm		
pę̑dь	slovak	piaď	pi̯ac		
grě́xъ	slovak	hriech	ɦri̯ex		
otjutiti	slovak	cítiť	ˈt͡siːcic		
nosìti	slovak	nosiť	ˈnosic		
trǫtъ	slovak	trút	truːt		
mỳšь	slovak	myš	ˈmiʃ		
pàra	slovak	para	ˈpara		
živìca	slovak	živica	ˈʒivit͡sa		
grějati	slovak	hriať	ˈɦri̯ac		
bliskati	slovak	blýskať	ˈbliːskac		
sъmè̌ti	slovak	smieť	ˈsmi̯ɛc		
vьsь	slovak	ves	ˈʋes		
kutiti	slovak	kutiť	ˈkucic		
slȗxъ	slovak	sluch	ˈsɫux		
ledva	slovak	ledva	ˈlɛdva		
čìstiti	slovak	čistiť	ˈt͡ʃiscic		
gъrno	slovak	grno	ˈɡr̩nɔ		
mirъ	slovak	mier	ˈmi̯ɛr		
sъpati	slovak	spať	ˈspac		
rǫ̑bъ	slovak	rub	ˈrup		
glupъ	slovak	hlupý	ˈɦlupiː		
velьmi	slovak	veľmi	ˈvɛʎmi		
brìtva	slovak	britva	ˈbritva		
bordatъ	slovak	bradatý	ˈbradatiː		
mь̀rkъ	slovak	mrký	ˈmr̩kiː		
lь̑stь	slovak	lesť	ˈlɛsc		
kopъtъ	slovak	kopt	ˈkɔpt		
lȏjь	slovak	loj	ˈɫɔj		
grudъ	slovak	hruda	ˈɦruda		
arьmò	slovak	jarmo	ˈjarmo		
mьněti	slovak	mnieť	ˈmɲi̯ɛc		
krasà	slovak	krása	ˈkraːsa		
kolti	slovak	klať	ˈkɫac		
xromъ	slovak	chromý	ˈxrɔmiː		
gorьkъ	slovak	horký	ˈɦɔrkiː		
stàviti	slovak	staviť sa	ˈstavic sa		
polè̌no	slovak	poleno	ˈpɔlɛnɔ		
sedъlò	slovak	sedlo	ˈsɛdɫɔ		
mъlviti	slovak	mluviť	ˈmɫuvic		
glěnъ	slovak	hlien	ɦli̯en		
sỳtъ	slovak	sýty	ˈsiːti		
dȇrvo	slovak	drevo	ˈdrevo		
otъvorìti	slovak	otvoriť	ˈɔtvɔric		
bě̄dà	slovak	bieda	ˈbi̯eda		
žьvàti	slovak	žuť	ˈʒuc		
korìti	slovak	koriť sa	ˈkɔric		
tỳti	slovak	tyť	ˈtic		
dȅsętь	slovak	desať	ˈɟɛsac		
dȋvo	slovak	divo	ˈɟivo		
ȇ̌dъ	slovak	jed	ˈjɛt		
zь̀rno	slovak	zrno	ˈzr̩no̞		
krъxa	slovak	krh	kr̩x		
žìla	slovak	žila	ˈʒiɫa		
protivъ	slovak	proti	ˈprɔci		
lišiti	slovak	líšiť sa	ˈliʃic sa		
čę̑stь	slovak	časť	ˈt͡ʃasc		
droždža	slovak	droždie	ˈdrɔʒɟi̯ɛ		
òlni	slovak	laň	ˈɫaɲ		
mǫ́drъ	slovak	múdry	ˈmuːdri		
vьlgъkъ	slovak	vlhký	ˈʋɫ̩ɦ̩kiː		
trudъ	slovak	trud	trud		
onutja	slovak	onuca	ˈɔnut͡sa		
etì	slovak	jebat́	ˈjebat		
gȏldъ	slovak	hlad	ˈɦɫat		
vortìti	slovak	vrátiť	ˈvraːcic		
kyslъ	slovak	kyslý	ˈkisliː		
gỳnǫti	slovak	hynút	ˈɦinuːt		
žę̀tva	slovak	žatva	ˈʒatva		
kȏstь	slovak	kosť	ˈkɔsc		
kašl̨ati	slovak	kašlať	ˈkaʃɫac		
gasnǫti	slovak	hasnúť	ˈɦasnuːc		
poltьnò	slovak	plátno	ˈpɫaːtnɔ		
nozdra	slovak	nozdra	ˈnɔzdra		
gně̄zdò	slovak	hniezdo	ɦɲi̯ɛzdɔ		
jьgrь	slovak	hra	ˈɦra		
berstъ	slovak	brest	ˈbrɛst		
gńilъ	slovak	hnilý	ˈɦɲiliː		
xabъ	slovak	chabý	ˈxabiː		
kyvati	slovak	kývať	ˈkiːvac		
veztì	slovak	viezť	ˈvi̯ɛsc		
slǫ̀ka	slovak	sluka	ˈsɫuka		
orkỳta	slovak	rakyta	ˈrakita		
gnestì	slovak	hniesť	ˈɦɲi̯ɛsc		
plàviti	slovak	plaviť	ˈpɫavic		
gńìti	slovak	hniť	ˈɦɲic		
volknò	slovak	vlákno	ˈvɫaːknɔ		
kolta	slovak	klát	ˈkɫaːt		
mǫ̑žь	slovak	muž	muʃ		
modla	slovak	modla	ˈmɔdɫa		
glьjь	slovak	glej	ˈɡlɛj		
tȗkъ	slovak	tuk	tuk		
govьnò	slovak	hovno	ˈɦɔvnɔ		
pǫpъ	slovak	pupok	ˈpupɔk		
varìti	slovak	variť	ˈvaric		
čemerъ	slovak	čemer	ˈt͡ʃɛmɛr		
mȃmъ	slovak	mam	mam		
pȇktь	slovak	pec	ˈpɛt͡s		
sъlàti	slovak	poslať	ˈpɔsɫac		
vȏrgъ	slovak	vrah	ˈvrax		
kaznь	slovak	kázeň	ˈkaːzɛɲ		
dě̀lo	slovak	dielo	ˈɟi̯ɛɫɔ		
bojь	slovak	boj	ˈbɔj		
belnъ	slovak	blen	blen		
sǫ̑kъ	slovak	suk	suk		
bolěti	slovak	bolieť	ˈboli̯ec		
merti	slovak	mrieť	ˈmri̯ɛc		
pě̀na	slovak	pena	ˈpɛna		
tèrti	slovak	trieť	ˈtri̯ec		
zěvati	slovak	zívať	ˈziːvac		
