				corr.
kǫ́tъ	slovene	kǫ́t	kò̝ːt	kǒ:t
žędьnъ	slovene	žę́dǝn	ʒèːdən	ʒěːdən
kъto	slovene	kdọ́	kdòː	kdǒ:
pьšenò	slovene	pšénọ	pʃɛ̀ːno	pʃɛ̌ːno
làskati	slovene	láskati	làːskati	lǎːskati
děliti	slovene	dẹlíti	delìːti	delǐːti
vȏzъ	slovene	vọ̑z	ʋóːs	ʋôːs
drobь	slovene	drọ̑b	dróːp	drôp
dьnьsь	slovene	dánǝs	dàːnǝs	dǎ:nǝs
mogtь	slovene	mọ̑č	móːt͡ʃ	môːt͡ʃ
tvь̑rdъ	slovene	tȓd	tə́rt	tə̂rt
gȏrdъ	slovene	grȃd	ɡráːt	ɡrâːt
prodadja	slovene	prodȃja	prɔdáːja	prɔdâːja
legti	slovene	lę́či	lèːt͡ʃi	lěːt͡ʃi
pȇlnъ	slovene	plẹ̑n	pléːn	plêːn
obolkъ	slovene	oblȃk	ɔbláːk	ɔblâːk
glògъ	slovene	glòg	ɡlɔ́k	ɡlɔ̂k
pelenà	slovene	plẹ́na	plèːna	plěːna
kozà	slovene	kóza	kɔ̀ːza	kɔ̌ːza
gъ̑rstь	slovene	gȓst	ɡə́rst	ɡə̂rst
gȏjь	slovene	gòj	ɡàːj	ɡô:i̯
pri	slovene	prì	pr	prî
vitь	slovene	vȋt	ʋíːt	ʋîːt
krъxъ	slovene	kr̀h	kərəx	kə̂rx
větjati	slovene	vę́čati	ʋè̝ːt͡ʃati	ʋěːt͡ʃati
ǫzъkъ	slovene	ǫ́zǝk	ò̝ːzǝk	ǒːzǝk
xȏldъ	slovene	hlȃd	xláːt	xlâːt
bъrtъ	slovene	brt	brt	
gumьnò	slovene	gúmnọ	ɡùːmno	ɡǔːmno
dȏmъ	slovene	dọ̑m	dóːm	dôːm
grobъ	slovene	gròb	ɡrɔ́p	ɡrɔ̂p
blizъkъ	slovene	blízǝk	blìːzǝ	blǐːzǝk
òrkъ	slovene	ràk	ràːk	râːk
morъ	slovene	mòr	mɔ́r	mɔ̂r
žezlò	slovene	žę́zlọ	ʒèːzlo	ʒěːzlo
volžiti	slovene	vlážiti	ʋlàːʒiti	ʋlǎːʒiti
zmь̀jь	slovene	zmȃj	zmáːj	zmâːi
rāčìti	slovene	ráčiti	ràːt͡ʃiti	rǎːt͡ʃiti
sermъša	slovene	srę̑mša	sré̝ːmʃa	srêːmʃa
brъzda	slovene	bŕzda	bə̀rzda	bə̌rzda
mavati	slovene	májati	màːjati	mǎːjati
muzga	slovene	múzga	mùːzɡa	mǔːzɡa
grъmъ	slovene	gȓm	ɡə́rm	ɡə̂rm
krǫ̑gъ	slovene	krǫ̑g	krɔ́k	krô:k
dětę	slovene	dẹ́te	dèːtɛ	děːtɛ
àblъka	slovene	jáboɫka	jàːbɔʊka	jǎːbɔu̯ka
mamiti	slovene	mámiti	màːmiti	mǎːmiti
orǫdьje	slovene	orǫ̑dje	ɔró̝ːdjɛ	ɔrôːdjɛ
vъpìti	slovene	vpíti	ʋpìːti	ʋpǐːti
mělъ	slovene	mẹ̑lj	méːlj	mêːl
dūšà	slovene	dúša	dùːʃa	dǔːʃa
ȁsenь	slovene	jásen	jàːsɛn	jǎːsɛn
gně̄zdò	slovene	gnẹ́zdọ	ɡnèːzdo	ɡněːzdo
svě̄tjà	slovene	svẹ́ča	sʋèːt͡ʃa	sʋěːt͡ʃa
elbedà	slovene	lóboda	lɔ̀ːbɔda	lɔ̌ːbɔda
blǫ̑dъ	slovene	blǫ̑d	bló̝ːt	blôːt
gǫžьvь	slovene	gǫ́žva	ɡèːʒʋa	ɡǒːʒʋa
prijatelь	slovene	prijȃtelj	prijáːtɛl	prijâːtɛl
drobьnъ	slovene	dróbǝn	drɔ̀ːbən	drɔ̌ːbən
bèrmę	slovene	bréme	brɛ̀ːmɛ	brɛ̌ːmɛ
aviti	slovene	jáviti	jàːʋiti	jǎːʋiti
dě̀lo	slovene	dẹ́lọ	dèːl	děːlo
svętъ	slovene	svę̑t	sʋéːt	sʋêːt
gòlъ	slovene	gòɫ	ɡɔ́ʊ	ɡɔ̂u̯
žìla	slovene	žíla	ʒìːla	ʒǐːla
drǫ́gъ	slovene	drǫ̑g	dró̝ːk	drôːk
ob	slovene	ò(b)	ɔ́p	ɔ̂p
čìstъ	slovene	čìst	t͡ʃə́st	t͡ʃîst
jьmę	slovene	imę̑	imé̝ː	imêː
slìna	slovene	slína	slìːna	slǐːna
nejęsytь	slovene	nesìt	nɛsít	nɛsît
bìtva	slovene	bȋtva	bíːtʋa	bîːtʋa
lǫkàvъ	slovene	lokàv	lɔkɔʋ	lɔkâu̯
brъkati	slovene	bŕkati	bə̀rkati	bə̌rkati
dę̄snò	slovene	dlésna	dlɛ̀ːsna	dlɛ̌ːsna
šurь	slovene	šurják	ʃurjàːk	ʃurjǎːk
plàviti	slovene	plavíti	plaʋìːti	plaʋǐːti
avьnъ	slovene	jávǝn	jàːʋən	jǎːʋən
mě̀sęcь	slovene	mẹ̑sec	méːsɛt͡s	mêːsɛt͡s
polěti	slovene	polẹ́ti	pɔlèːti	pɔlěːti
ězъ	slovene	jẹ̑z	jéːs	jêːs
suti	slovene	súti	sùːti	sǔːti
glǫbòkъ	slovene	globòk	ɡlɔbək	ɡlɔbɔ̂k
zȍlto	slovene	zlatọ̑	zlatóː	zlatǒː
puxlъ	slovene	púhǝɫ	pùːxǝʊ	pǔːxǝu̯
prosìti	slovene	prósiti	prɔ̀ːsiti	prɔ̌ːsiti
kȏlsъ	slovene	klȃs	kláːs	klâːs
sъlъ	slovene	sǝ̀ɫ	sǝ̀ʊ	sǝ̂u̯
kòlda	slovene	kláda	klàːda	klǎːda
tesàti	slovene	tésati	tɛ̀ːsati	tɛ̌ːsati
mȃstь	slovene	mȃst	máːst	mâːst
gāsìti	slovene	gasíti	ɡasìːti	ɡasǐːti
tȗrъ	slovene	tȗr	túːr	tûːr
vę̄zàti	slovene	vę́zati	ʋèːzati	ʋěːzati
mestì	slovene	mésti	mɛ̀ːsti	mɛ̌ːsti
gluma	slovene	glúma	ɡlùːma	ɡlǔːma
àma	slovene	jáma	jàːma	jǎːma
lъkno	slovene	leknọ	lɛkno	lɛkno
kysati	slovene	kísati	kìːsati	kǐːsati
ūzdà	slovene	úzda	ùːzda	ǔːzda
lisìca	slovene	lisíca	lisìːt͡sa	lisǐːt͡sa
dūrìti	slovene	dúriti	dùːriti	dǔːriti
ěrina	slovene	jarína	jarìːna	jarǐːna
oldi	slovene	ládja	làːdja	lǎːdja
tajìti	slovene	tajíti	tajìːti	tajǐːti
želě̀zo	slovene	želẹ́zọ	ʒɛlèːzo	ʒɛlěːzo
ȅsenь	slovene	jesę́	jɛsè̝ː	jɛsěː
pьrga	slovene	pŕga	pə̀rɡa	pə̌rɡa
làjati	slovene	lȃjati	láːjati	lâːjati
ędza	slovene	ję́za	jèːza	jěːza
volkà	slovene	vláka	ʋlàːka	ʋlǎːka
mьgnǫti	slovene	mǝgníti	mɔɡnìːti	mǝɡnǐːti
krūpà	slovene	krúpa	krùːpa	krǐːpa
kъsьnъ	slovene	kǝsȃn	kəsáːn	kəsâːn
drāžìti	slovene	drážiti	dràːʒiti	drǎːʒiti
mъknǫti	slovene	mǝkníti	mɔknìːti	mǝknǐːti
dьl̨a	slovene	dẹ̀lj	dèːlj	dêl
nāròdъ	slovene	národ	nàːrɔt	nǎːrɔt
čьxati	slovene	číhati	t͡ʃìːxati	t͡ʃǐːxati
mьrkъ	slovene	mȓk	mə́rk	mə̂rk
vȏrnъ	slovene	vrȃn	ʋráːn	ʋrâːn
golǫbъ	slovene	golǫ̑bji	ɡɔló̝ːbji	ɡɔlôːbji
ǫgorь	slovene	ogǫ́r	ɔɡò̝ːr	ɔɡǒːr
kakъ	slovene	kák	kàːk	kǎːk
nadъ	slovene	nàd	nàːt	nât
mъrky	slovene	mŕkǝv	mə̀rk	mə̌rkǝu̯
kolto	slovene	kláta	klàːta	klǎːta
mьlčàti	slovene	móɫčati	mɔ̀ːʊt͡ʃati	mɔ̌ːut͡ʃati
òrdlo	slovene	rálọ	ràːlo	rǎːlo
melzti	slovene	mlẹ́sti	mlèːsti	mlěːsti
tъrgati	slovene	tŕgati	tə̀rɡati	tə̌rɡati
teplъ	slovene	tópǝɫ	tɔ̀ːpǝʊ	tɔ̌ːpǝu̯
rě̄kà	slovene	rẹ́ka	rèːka	rěːka
tỳlъ	slovene	tȋɫ	tíʊ	tî:u̯
klějь	slovene	klẹ̑j	kléːj	klêːi̯
dьrpati	slovene	dŕpati	də̀rpati	də̀rpati
voinъ	slovene	vojník	ʋɔjnìːk	ʋɔi̯nǐːk
kotìti sę	slovene	kotíti	kɔtìːti	kɔtǐːti
čelesьnъ	slovene	čelę̑sǝn	t͡ʃɛléːsǝn	t͡ʃɛlêːsǝn
vojьna	slovene	vójna	ʋɔ̀ːjna	ʋɔ̌ːi̯na
mě̑sìti	slovene	mẹ́siti	mèːsiti	měːsiti
nǫditi	slovene	núditi	nùːditi	nǔːditi
polsà	slovene	plása	plàːsa	plǎːsa
mь̀čь	slovene	mèč	mɛ̀ːt͡ʃ	mɛ̂t͡ʃ
krīdlò	slovene	krílọ	krìːlo	krǐːlo
čarъ	slovene	čȃr	t͡ʃáːr	t͡ʃâːr
mьněti	slovene	mnẹ́ti	mnèːti	mněːti
vojь	slovene	vojník	ʋɔjnìːk	
pь̑rstь	slovene	pȓst	pə́rst	
lamъ	slovene	lam	lam	
bȇrgъ	slovene	brẹ̑g	bréːk	
lьněnъ	slovene	lanę̑n	lanɔ́n	
gaditi	slovene	gáditi	ɡàːditi	
xvórstъ	slovene	hrást	xràːst	
golgolъ	slovene	glāgol	ɡlàːɡɔl	
męzdro	slovene	mę́zdra	mèːzdra	
dāvìti	slovene	dáviti	dàːʋiti	
ě̀to	slovene	játọ	jàːto	
muzgъ	slovene	múzga	mùːzɡa	
dьržati	slovene	dŕžati	də̀rʒati	
ǭtròba	slovene	otróba	ɔtrɔ̀ːba	
plàkati	slovene	plákati	plàːkati	
bylьje	slovene	bȋlje	bíːljɛ	
kъlъ	slovene	kǝ̀l	kə̀l	
durъ	slovene	dúr	dùːr	
sǫdorga	slovene	sǫ́draga	sèːdraɡa	
vorta	slovene	vráta	ʋràːta	
kopati	slovene	kópati	kɔ̀ːpati	
morà	slovene	móra	mɔ̀ːra	
zьlčь	slovene	žȏɫč	ʒɔ́ːʊt͡ʃ	
ęcati	slovene	ję́kati	jèːkati	
l̨utiti	slovene	ljútiti	ljùːtiti	
pь̑rxъ	slovene	pȓh	pə́rx	
govьnò	slovene	gǫ́vno	ɡèːʋnɔ	
dьrzъ	slovene	dȓz	də́rs	
odolě̀ti	slovene	odolẹ́ti	ɔdɔlèːti	
sunǫti	slovene	súniti	sùːniti	
beleniti	slovene	blẹncáti	blent͡sàːti	
dertì	slovene	drẹ́ti	drèːti	
jùgъ	slovene	jùg	júk	
grozdьje	slovene	grǫ́zdje	ɡrèːzdjɛ	
smȏrdъ	slovene	smrȃd	smráːt	
lě̑sъ	slovene	lẹ̑s	léːs	
kozьlъ	slovene	kózǝɫ	kɔ̀ːsǝʊ	
žalь	slovene	žàɫ	ʒáʊ	
strujà	slovene	strúja	strùːja	
vy	slovene	vȋ	ʋíː	
lěpiti	slovene	lẹpíti	lèːpìːti	
rȏgъ	slovene	rọ̑g	ró̝ːk	
grìva	slovene	gríva	ɡrìːʋa	
grǫbъ	slovene	grǫ̑b	ɡró̝ːp	
bȏrnь	slovene	brȃn	bráːn	
òrtajь	slovene	rátaj	ràːtaj	
nȏktь	slovene	nọ̑č	nóːt͡ʃ	
mъdьlьnъ	slovene	mǝdlę̑n	mɛdléːn	
gatь	slovene	gȃt	ɡáːt	
klęčati	slovene	klę́čati	klèːt͡ʃati	
bogàtъ	slovene	bogàt	bɔɡàːt	
tìskati	slovene	tískati	tìːskati	
čàdjь	slovene	čáj	t͡ʃàːj	
sъn	slovene	s(ǝ̀)	s	
lazъ	slovene	lȃz	láːs	
slȗxъ	slovene	slȗh	slúːx	
otrokъ	slovene	otròk	ɔtrɔk	
gȏldъ	slovene	glȃd	ɡláːt	
sъlojь	slovene	slòj	slòj	
bỳstrъ	slovene	bístǝr	bìːstər	
pozdъ	slovene	pozd	pɔzd	
erębica	slovene	jerebíca	jɛrɛbìːt͡sa	
olbodà	slovene	lóboda	lɔ̀ːbɔda	
pālìti	slovene	páliti	pàːliti	
znamenьje	slovene	známenje	znàːmɛnjɛ	
kašlь	slovene	kášǝlj	kàːʃəl	
krakati	slovene	krȃkati	kráːkati	
pavorzъ	slovene	povràz	pɔʋràːs	
bràtъ	slovene	bràt	bràːt	
dȃnь	slovene	dȃn	dáːn	
židъkъ	slovene	žídǝk	ʒìːtǝk	
grę̑zь	slovene	grę̑z	ɡréːs	
męknǫti	slovene	mę́kniti	mèːkniti	
gadati	slovene	gádati	ɡàːdati	
lě̑vъ	slovene	lẹ̑v	léːʋ	
jьgra	slovene	ígra	ìːɡra	
vědrò	slovene	vẹ́drọ	ʋèːdr	
lìti	slovene	líti	lìːti	
gomula	slovene	gomóla	ɡɔmɔ̀ːla	
sòrka	slovene	sráka	sràːka	
žьrtva	slovene	žȓtva	ʒə́rtʋa	
pǫditi	slovene	podíti	pɔdìːti	
tri	slovene	triję̑	trijé̝ː	
kǫda	slovene	kǫ́da	kò̝ːda	
žely	slovene	žę̑ɫva	ʒé̝ːʊʋa	
čerdà	slovene	črẹ́da	t͡ʃrèːda	
ebàti	slovene	jébati	jɛ̀ːbati	
lь̑stь	slovene	lǝ̀st	lə̀ːst	
pekti	slovene	péči	pɛ̀ːt͡ʃi	
aščerъ	slovene	jȃščerica	jáːʃt͡ʃɛrit͡sa	
nevě̀sta	slovene	nevẹ́sta	nɛʋèːsta	
nekъto	slovene	nẹkdọ́	neɡdòː	
sòldъkъ	slovene	sládǝk	slàːtək	
lǭkà	slovene	lǫ́ka	lò̝ːka	
sě̀mę	slovene	sẹ́me	sèːmɛ	
pàǭkъ	slovene	pȃjǝk	páːjǝk	
sъdòrvъ	slovene	zdràv	zdràːʋ	
mirъ	slovene	mir	mir	
nozdr̨a	slovene	nǫ̑zdra	nó̝ːzdra	
nȇrstъ	slovene	mrẹ̑st	mréːst	
sèdmь	slovene	sę́dǝm	sè̝ːdəm	
okъnò	slovene	óknọ	ɔ̀ːkno	
ploskъ	slovene	plȏsk	plɔ́ːsk	
gatъ	slovene	gȃt	ɡáːt	
jьgrь	slovene	ígra	ìːɡra	
dvogubьnъ	slovene	dvogùb	dʋɔɡɔb	
pьcьlъ	slovene	pǝkǝ̀ɫ	pək	
davě	slovene	dávẹ	dàːʋe	
mъrmrati	slovene	mrmráti	mrmràːti	
vysòkъ	slovene	visòk	ʋisɔ́k	
olbǭtь	slovene	labǫ́d	labò̝ːt	
vỳgъn̨ь	slovene	vígǝnj	ʋìːɡən	
bě̄dà	slovene	bẹ́da	bèːda	
ȍpako	slovene	opȃk	ɔpáːk	
strǫkъ	slovene	stròk	strɔk	
materьstvo	slovene	máterstvo	màːtɛrstʋɔ	
ǫ́sъ	slovene	vǫ̑s	ʋó̝ːs	
vъnъ	slovene	vǝ̀n	ʋə̀rn	
moldьnъ	slovene	mládǝn	mlàːdən	
strьženь	slovene	stržę̑n	strʒéːn	
gvozdь	slovene	gòzd	ɡɔ́zd	
brъsnǫti	slovene	bŕsniti	bə̀rsniti	
ěrь	slovene	jȃr	jáːr	
čȋnъ	slovene	čȋn	t͡ʃíːn	
blě̑skъ	slovene	blẹ̑sk	bléːsk	
kolti	slovene	kláti	klàːti	
stydъ	slovene	stȋd	stíːt	
plěva	slovene	plẹ́va	plèːʋa	
dristati	slovene	drískati	drìːskati	
dъxъ	slovene	dàh	də́x	
netopyr'ь	slovene	netopír	nɛtɔpìːr	
tučьnъ	slovene	túčǝn	tùːt͡ʃ	
vȇrsъ	slovene	vrẹ̑s	ʋréːs	
želǫdъkъ	slovene	želǫ̑dǝc	ʒɛló̝ːdǝt͡s	
brȏdъ	slovene	brọ̑d	bróːt	
bliscati	slovene	blískati (se)	blìːskati sɛsɛ	
olni	slovene	láni	làːni	
elbǭtь	slovene	labǫ́d	labò̝ːt	
pęti	slovene	pę́ti	pòːti	
plesna	slovene	plésna	plɛ̀ːsna	
lě̑xà	slovene	lẹ́ha	lèːxa	
pàra	slovene	pȃra	páːra	
bolnь	slovene	blánja	blàːnja	
màti	slovene	máti	màːti	
àbolnь	slovene	jáblan	jàːblan	
kuka	slovene	kúka	kùːka	
kričati	slovene	kríčati	krìːt͡ʃati	
novákъ	slovene	novák	nɔʋàːk	
podòba	slovene	podǫ̑ba	pɔdɔba	
rodìti	slovene	rodíti	rɔdìːti	
rìnǫti	slovene	ríniti	rìːniti	
kvě̑tъ	slovene	cvẹ̑t	t͡sʋéːt	
glàdъkъ	slovene	gládǝk	ɡlàːdǝk	
pěšь	slovene	pẹ̑šji	péːʃji	
ni	slovene	nì	ní	
protivǫ	slovene	prọ̀ti	pròːti	
šȇstъ	slovene	šę́sti	ʃèːsti	
šȗjь	slovene	šȗj	ʃúːj	
skòra	slovene	skǫ́rja	skòːrja	
pȗstъ	slovene	pȗst	púːst	
droždža	slovene	drožję̑	drɔʒjéː	
měniti	slovene	mẹníti	mèːnti	
pǫ́tь	slovene	pǫ́t	pèːt	
pèlva	slovene	plẹ́va	plèːʋa	
pě̀na	slovene	pẹ́na	pèːna	
vьrstva	slovene	vŕsta	ʋə̀rsta	
grějati	slovene	grẹ́ti	ɡrèːti	
rǫ̑bъ	slovene	rǫ̑b	ró̝ːp	
velìkъ	slovene	vélik	ʋɛ̀ːlik	
nestì	slovene	nésti	nɛ̀ːsti	
lъžь	slovene	lȃž	láːʃ	
tьlěti	slovene	tlẹ́ti	tlèːti	
grę̑znǫti	slovene	grę́zniti	ɡrèːzniti	
do	slovene	dò	dó	
ežь	slovene	ję́ž	jèːʃ	
vȋdъ	slovene	vȋd	ʋíːt	
gъnàti	slovene	gnáti	ɡnàːti	
vȅčerъ	slovene	večę̑r	ʋɛt͡ʃóːr	
strьža	slovene	stȓž	stə́rʃ	
pràvъ	slovene	pràv	pràːʋ	
mě̀ra	slovene	mę́ra	mè̝ːra	
vъtorьnikъ	slovene	vtórǝk	ʋtɔ̀ːrǝk	
otjutiti	slovene	čútiti	t͡ʃùːtiti	
materъ	slovene	matǫ́r	matòːr	
lunà	slovene	lúna	lùːna	
česàti	slovene	čésati	t͡ʃɛ̀ːsati	
proti	slovene	prọ̀ti	pròːti	
lěgati	slovene	lẹ́gati	lèːɡati	
mỳšь	slovene	mìš	míʃ	
živòtъ	slovene	živòt	ʒiʋɔ́t	
pǫčina	slovene	počína	pɔt͡ʃìːna	
mimo	slovene	mȋmọ	míːmo	
grivьna	slovene	grȋvna	ɡríːʋna	
divьnъ	slovene	dívǝn	dìːʋǝn	
pròčь	slovene	pròč	prɛt͡ʃ	
žȋvъ	slovene	žȋv	ʒíːʋ	
strycь	slovene	stríc	strìːt͡s	
devętъ	slovene	devę́ti	dɛʋèːti	
bobrъ	slovene	bóbǝr	bɔ̀ːbər	
svȏrbъ	slovene	srȃb	sráːp	
čermъxa	slovene	črę̑mha	t͡ʃré̝ːmxa	
sermuša	slovene	srę̑mša	sré̝ːmʃa	
rě̑čь	slovene	rẹ̑č	réːt͡ʃ	
ščítъ	slovene	ščìt	ʃt͡ʃ	
tekъ	slovene	tę̑k	té̝ːk	
bojaznь	slovene	bojȃzǝn	bɔjáːzən	
čuditi sę	slovene	čúditi se	t͡ʃùːditi sɛ	
bъ̑rz	slovene	br̀z	brəs	
korica	slovene	kórica	kɔ̀ːrit͡sa	
stàrъ	slovene	stàr	stár	
divь	slovene	dívji	dìːʋji	
dъkti	slovene	hčȋ	xt͡ʃíː	
sadìti	slovene	sadíti	sadìːti	
netьjь	slovene	nečák	nɛt͡ʃàːk	
surovъ	slovene	surǫ̑v	surɔ́ʋ	
kaziti	slovene	kazíti	kazìːti	
sę̀gati	slovene	sę́zati	sèːzati	
žìca	slovene	žíca	ʒìːt͡sa	
grъměždžь	slovene	krmę́lj	krmèːlé̝	
dvòrъ	slovene	dvòr	dʋə́r	
golotь	slovene	golot	ɡɔlɔt	
osa	slovene	jesíka	jɛsìːka	
ȏsь	slovene	ǫ̑s	ó̝ːs	
pluti	slovene	plúti	plùːti	
dȇrvo	slovene	drẹvọ̑	dreʋóː	
zidъ	slovene	zȋd	zíːt	
kòrsta	slovene	krásta	kràːsta	
solovikъ	slovene	slávǝc	slàːʋət͡s	
pъlkъ	slovene	pȏɫk	pɔ́ːʊk	
nogà	slovene	nóga	nɔ̀ːɡa	
globati	slovene	glǫ́bati	ɡlèːbati	
pỳrъ	slovene	pȋr	píːr	
ȇdlь	slovene	ję̑l	jé̝ːl	
sě̀jati	slovene	sẹjáti	sèːjti	
edlà	slovene	ję̑l	jé̝ːl	
l̨ubъ	slovene	ljȗb	ljúːp	
drьkolь	slovene	dŕkoɫ	də̀rkɔʊ	
grozà	slovene	gróza	ɡrɔ̀ːza	
trudъ	slovene	trȗd	trúːt	
rȗdъ	slovene	rȗd	rúːt	
stьgna	slovene	stǝgnè	stəɡné	
polvъ	slovene	plàv	plàːʋ	
vьśь	slovene	vǝ̀s	ʋə̀rs	
děl̨ьma	slovene	dẹ̀lj	délj	
krǫtъ	slovene	krǫ̑t	kró̝ːt	
obuti	slovene	obúti	ɔbùːti	
lędvьje	slovene	lę́dija	lèːdija	
kȃlъ	slovene	kȃɫ	káː	
dь̑nь	slovene	dȃn	dáːn	
grǫ̑dь	slovene	grǫ̑d	ɡró̝ːt	
zьdь	slovene	zȋd	zíːt	
sъ̏lnьce	slovene	sȏɫnce	sɔ́ːʊnt͡sɛ	
tьma	slovene	tǝmà	tǝmá	
belená	slovene	blẹ̀n	blèːn	
belniti	slovene	blẹncáti	blent͡sàːti	
gràbiti	slovene	grábiti	ɡràːbiti	
měna	slovene	mẹ́na	mèːna	
majati	slovene	májati	màːjati	
però	slovene	perọ̑	pɛróː	
sǫdorgъ	slovene	sǫ́draga	sèːdraɡa	
ȏlъ	slovene	ǫ̑ɫ	ó̝ːʊ	
četvьrtъ	slovene	četŕti	t͡ʃɛtə̀rti	
čitati	slovene	čítati	t͡ʃìːtati	
ese	slovene	esej	ɛsɛj	
kyvati	slovene	kívati	kìːʋati	
cěstiti	slovene	cẹ́stiti	t͡sèːstiti	
svekry	slovene	svę̑krva	sʋɔkrə́ʋa	
sítъ	slovene	sȋt	síːt	
gomola	slovene	gomóla	ɡɔmɔ̀ːla	
pǫpъkъ	slovene	pǫ̑p	pó̝ːp	
ȁsenъ	slovene	jásen	jàːsɛn	
pīščàti	slovene	pískati	pìːskati	
želàti	slovene	želẹ́ti	ʒɛlèːti	
ǫtrь	slovene	nǫ̑tǝr	nó̝tǝr	
děl̨a	slovene	dẹ̀lj	délj	
grakati	slovene	grákati	ɡràːkati	
dobrъ	slovene	dǫ́bǝr	dòːbər	
vòl̨a	slovene	vǫ́lja	ʋò̝ːlja	
pętъ	slovene	pę́ti	pòːti	
a	slovene	a	a	
stìgnǫti	slovene	stígniti	stìːɡniti	
ničati	slovene	níčati	nìːt͡ʃati	
ovьnъ	slovene	óvǝn	ɔ̀ːʋən	
ležàti	slovene	léžati	lɛ̀ːʒati	
degъtь	slovene	dēgǝt	dèːɡǝt	
dě́lъ	slovene	djal	djal	
dъvojь	slovene	dvọ̑j	dʋóːj	
ženà	slovene	žéna	ʒɛ̀ːna	
bàviti	slovene	báviti se	bàːʋiti sɛsɛ	
drobъ	slovene	drọ̑b	dróːp	
koterъ	slovene	kotę́ri	kɔtòːri	
dỳmъ	slovene	dìm	dím	
mǫ̀čiti	slovene	múčiti	mùːt͡ʃiti	
sъlàti	slovene	posláti	pɔslàːti	
bě́lъ	slovene	bẹ́ɫ	bèːʊ	
porti	slovene	práti	pràːti	
blъxà	slovene	bóɫha	bɔ̀ːʊxa	
droždžьje	slovene	drožję̑	drɔʒjéː	
piskorь	slovene	piskǫ́r	piskòːr	
godьnъ	slovene	gódǝn	ɡɔ̀ːdən	
ȅzero	slovene	ję̑zerọ	jóːzɛro	
brusьnica	slovene	brusníca	brusnìːt͡sa	
golěnь	slovene	golẹ̑n	ɡɔléːn	
volstь	slovene	lȃst	láːst	
mǫ̑žь	slovene	mǫ̑ž	mó̝ːʃ	
līcè	slovene	líce	lìːt͡sɛ	
čermъša	slovene	črę̑mha	t͡ʃré̝ːmxa	
gorà	slovene	góra	ɡɔ̀ːra	
či	slovene	čì	t͡ʃí	
dalь	slovene	dálja	dàːlja	
bùr̨a	slovene	búrja	bùːrja	
ěža	slovene	jẹ̑z	jéːs	
emelo	slovene	omę́la	ɔmèːla	
kysьlъ	slovene	kísǝɫ	kìːsɛʊ	
bȏlgo	slovene	blagọ̑	blaɡóː	
òdrъ	slovene	ódǝr	ɔ̀ːdər	
zaverti	slovene	zavrẹ́ti	zaʋrèːti	
vedrъ	slovene	vę́dǝr	ʋè̝ːdər	
loky	slovene	lǫ̑kǝv	lɔkǝʋ	
lǭčìti	slovene	lǫ́čiti	lò̝ːt͡ʃiti	
kašьlь	slovene	kášǝlj	kàːʃəl	
gramada	slovene	gramáda	ɡramàːda	
malъkъ	slovene	mȃlǝk	máːlǝk	
greti	slovene	grébsti	ɡrɛ̀ːpsti	
mъdьlь	slovene	mǝdǝ̀ɫ	mǝdə́ʊ	
dъnò	slovene	dnọ̀	dno	
drě̄màti	slovene	drẹ́mati	drèːmati	
ętry	slovene	ję̑trva	jóːtrʋa	
akъ	slovene	jȃk	jáːk	
četvorъ	slovene	četvę̑r	t͡ʃɛtʋé̝ːr	
pīskàti	slovene	pískati	pìːskati	
děvìca	slovene	dẹvíca	deʋìːt͡sa	
kъ	slovene	k	k	
luskъ	slovene	lȗsk	lúːsk	
mǫ́drъ	slovene	mǫ́dǝr	mò̝ːdər	
kovati	slovene	kováti	kɔʋàːti	
čь̑stь	slovene	čȃst	t͡ʃáːst	
àblonь	slovene	jáblan	jàːblan	
grǫziti	slovene	grozíti	ɡrɔzìːti	
kysělъ	slovene	kíseɫ	kìːsɛʊ	
bol̨e	slovene	bọ̑lje	bóːljɛ	
oskъrdъ	slovene	oskȓd	ɔskə́rt	
rȏdъ	slovene	rọ̑d	ró̝ːt	
glístъ	slovene	glísta	ɡlìːsta	
zar̨à	slovene	zárja	zàːrja	
osmъ	slovene	ǫ́smi	ò̝ːsmi	
sъ̀nъ	slovene	sǝ̀n	sə̀rn	
vьrtě̀ti	slovene	vrtẹ́ti	ʋərtèːti	
velь	slovene	vę̑l(i)	ʋé̝ːli	
vòn̨ь	slovene	vònj	ʋɔ́nj	
mỳti	slovene	míti	mìːti	
dě̀va	slovene	dẹ́va	dèːʋa	
edinakъ	slovene	ednák	ɛdnàːk	
glìva	slovene	glíva	ɡlìːʋa	
žę̀dlo	slovene	žélọ	ʒɛ̀ːlo	
oba	slovene	obȃ	ɔbáː	
bȏsъ	slovene	bọ̑s	bóːs	
rę̑dъ	slovene	rę̑d	rɔ́t	
xvorstьje	slovene	hrástje	xràːstjɛ	
zìnǫti	slovene	zíniti	zìːniti	
mȃzъ	slovene	mȃz	máːs	
ostrъ	slovene	ǫ́stǝr	ò̝ːstər	
ě̀snъ	slovene	jásǝn	jàːsən	
goditi	slovene	godíti	ɡɔdìːti	
mę̑so	slovene	mesọ̑	mɛsóː	
drobìti	slovene	drobíti	drɔbìːti	
ękati	slovene	ję́kati	jèːkati	
tęti	slovene	tę́ti	tèːti	
mojь	slovene	mọ́j	mòːj	
korìti	slovene	koríti	kɔrìːti	
kaliti	slovene	kalíti	kalìːti	
ritь	slovene	rìt	rɛt	
šìti	slovene	šíti	ʃìːti	
nuta	slovene	núta	nùːta	
žьzlъ	slovene	žę́zlọ	ʒèːzlo	
čel̨adь	slovene	čéljad	t͡ʃɛ̀ːljat	
pь̀rsь	slovene	pŕsi	pə̀rsi	
vě̀trъ	slovene	vẹ̑tǝr	ʋéːt	
sь	slovene	sej	sɛj	
kypě̀ti	slovene	kipẹ́ti	kipèːti	
bъ̀drъ	slovene	bōdǝr	bɔ̀ːdər	
bèrza	slovene	brẹ́za	brèːza	
kórtъ	slovene	kràt	kràːt	
drevje	slovene	drẹ̑vi	dréːʋi	
karati	slovene	kárati	kàːrati	
pěti	slovene	pẹ́ti	pèːti	
lǫ̑kъ	slovene	lǫ̑k	ló̝ːk	
mьn̨ьjь	slovene	mȃnji	máːnji	
slàbъ	slovene	slàb	slàːp	
konьcь	slovene	kónǝc	kɔ̀ːnǝt͡s	
dupa	slovene	dúpa	dùːpa	
osъ̀tъ	slovene	osȃt	ɔsáːt	
nebogъ	slovene	nebọ̑g	nɛbóːk	
pę̑stь	slovene	pę̑st	pé̝st	
drъ̏vo	slovene	dŕvọ	də̀rʋo	
ě̑dь	slovene	jẹ̑d	jéːt	
nȏsъ	slovene	nọ̑s	nóːs	
duplò	slovene	dúplọ	dùːpl	
mъlviti	slovene	móɫviti	mɔ̀ːʊʋiti	
kolta	slovene	kláta	klàːta	
rokъ	slovene	ròk	rək	
tręsti	slovene	trę́sti	trèːsti	
prъskati	slovene	pŕskati	pə̀rskati	
mȃzь	slovene	mȃz	máːs	
nìtь	slovene	nìt	nít	
sьrna	slovene	sŕna	sə̀rna	
sérn̨ь	slovene	srẹ̑n	sréːn	
bȏlь	slovene	bȏɫ	bɔ́ːʊ	
glъtati	slovene	goɫtáti	ɡɔʊtàːti	
tęgnǫti	slovene	tę́gniti	tè̝ːɡniti	
znàti	slovene	znáti	znàːti	
čelò	slovene	čélọ	t͡ʃɛ̀ːlo	
tỳsǫti	slovene	tisǫ́ča	tisò̝ːt͡ʃa	
xlě̀bъ	slovene	hlẹ̀b	xlèːp	
òlčьnъ	slovene	láčǝn	làːt͡ʃǝn	
ȍlkъtь	slovene	lakȃt	lakáːt	
povorzъ	slovene	povràz	pɔʋràːs	
sòlma	slovene	sláma	slàːma	
vъtorъkъ	slovene	vtórǝk	ʋtɔ̀ːrǝk	
blě̑dъ	slovene	blẹ̑d	bléːt	
piskarь	slovene	piskǫ́r	piskòːr	
dělati	slovene	dẹ́lati	dèːlati	
vъ̑šь	slovene	ùš	ʃ	
žerti	slovene	žrẹ́ti	ʒrèːti	
virъ	slovene	vȋr	ʋíːr	
rỳdlo	slovene	rílọ	rìːl	
studъ	slovene	stȗd	stúːt	
grьměti	slovene	grmẹ́ti	ɡrmèːti	
mȇdъ	slovene	mę̑d	méːt	
tàjati	slovene	tájati	tàːjati	
gvě̄zdà	slovene	zvẹ́zda	zʋèːzda	
věděti	slovene	vẹ́dẹti	ʋèːditi	
àsъtrę̄bъ	slovene	jȃstreb	jáːstrɛp	
ȍpaky	slovene	opȃk	ɔpáːk	
glę̀dati	slovene	glę́dati	ɡlèːdati	
jьmela	slovene	omę́la	ɔmèːla	
trovati	slovene	trováti	trɔʋàːti	
kàjati	slovene	kájati	kàːjati	
kъ̀rpa	slovene	kŕpa	kə̀rpa	
oje	slovene	oję̑	ɔjé̝ː	
erębь	slovene	jerę̑b	jɛré̝ːp	
kъrknǫti	slovene	kŕkniti	kə̀rkniti	
vòn̨a	slovene	vònj	ʋɔ́nj	
dь̀lgъ	slovene	dȏlg	dɔ́ːʋk	
pòlxъ	slovene	plȃh	pláːx	
mòrzъ	slovene	mràz	mràːs	
mękъkъ	slovene	mehȃk	mɛxáːk	
gojiti	slovene	gojíti	ɡɔjìːti	
golvà	slovene	gláva	ɡlàːʋa	
dē̌žà	slovene	dę́ža	dèːʒa	
šibati	slovene	šíbati	ʃìːbati	
žьlna	slovene	žóɫna	ʒɔ̀ːʊna	
lě̀to	slovene	lẹ́tọ	lèːto	
ledva	slovene	jèdva	jɛ̀ːdʋa	
krasti	slovene	krásti	kràːsti	
àblъko	slovene	jáboɫka	jàːbɔʊka	
debelъ	slovene	débeɫ	dɛ̀ːbɛʊ	
i	slovene	ì	í	
l̨utъ	slovene	ljȗt	ljúːt	
skorà	slovene	skǫ́rja	skòːrja	
dě̀dъ	slovene	dẹ̀d	dèːt	
brьna	slovene	bŕna	bə̀rna	
plotъ	slovene	plọ̑t	plóːt	
àblъ	slovene	jáblọ	jàːbl	
lisъ	slovene	lìs	lís	
svьrběti	slovene	srbẹ́ti	srbèːti	
obětjati	slovene	obẹ́čati	ɔbèːt͡ʃati	
klìcati	slovene	klícati	klìːt͡sati	
pę̑tь	slovene	pę̑t	pé̝t	
dǭgà	slovene	dǫ́ga	dò̝ːɡa	
drevě	slovene	drẹ̑vi	dréːʋi	
sǫ̑kъ	slovene	sǫ̑k	sɔk	
krъxa	slovene	kr̀h	kərəx	
làpa	slovene	lápa	làːpa	
lȏvъ	slovene	lòv	lɔ́ʋ	
zěnica	slovene	zẹníca	zèːnìːt͡sa	
gàziti	slovene	gáziti	ɡàːziti	
jьlъ	slovene	íɫ	ìːʊ	
orkỳta	slovene	rakȋta	rakíːta	
čàjati	slovene	čȃjati	t͡ʃáːjati	
xorbrъ	slovene	hrábǝr	xràːbər	
pǫ̀čiti	slovene	pǫ́čiti	pèːt͡ʃiti	
koltiti	slovene	klátiti	klàːtiti	
bolnъ	slovene	blẹ̀n	blèːn	
tvȃrь	slovene	tvȃr	tʋáːr	
pěgavъ	slovene	pẹ́gav	pèːɡaʋ	
gỳnǫti	slovene	gíniti	ɡìːniti	
četỳre	slovene	štírje	ʃtìːrjɛ	
lovìti	slovene	lovíti	lɔʋìːti	
kremy	slovene	krémen	krɛ̀ːmɛn	
gordjь	slovene	grája	ɡràːja	
ròjь	slovene	ròj	ròj	
tenetò	slovene	tenę̑t	tɛnɔt	
prijati	slovene	príjati	prìːjati	
bolzìna	slovene	blazína	blazìːna	
bojь	slovene	bòj	bɔ́j	
cělovàti	slovene	cẹlováti	t͡sèːlɔʋàːti	
nosìti	slovene	nósiti	nɔ̀ːsiti	
rębica	slovene	rebíca	rɛbìːt͡sa	
drǫ́kъ	slovene	drǫ̑k	dró̝ːk	
lytъka	slovene	lȋtka	líːtka	
bostì	slovene	bósti	bɔ̀ːsti	
stьblь	slovene	stǝbǝ̀ɫ	stǝbə́ʊ	
doba	slovene	dóba	dɔ̀ːba	
gǫ̑stъ	slovene	gǫ̑st	ɡɔst	
soltina	slovene	slȃtina	sláːtina	
pàdati	slovene	pádati	pàːdati	
gńìda	slovene	gnída	ɡnìːda	
rūnò	slovene	rúnọ	rùːn	
obьlъ	slovene	ǫ́bǝɫ	ò̝ːbǝʊ	
tr̨ьje	slovene	triję̑	trijé̝ː	
krǫglъ	slovene	krǫ́gǝɫ	krèːk	
počìti	slovene	počíti	pɔt͡ʃìːti	
telktì	slovene	tlẹ́či	tlèːt͡ʃi	
snъxà	slovene	snáha	snàːxa	
sǫdì	slovene	sǫ́dij	sèːdij	
kortъkъ	slovene	krátǝk	kràːt	
xȗdъ	slovene	hȗd	xúːt	
làziti	slovene	láziti	làːziti	
vȏlsъ	slovene	lȃs	láːs	
pь̑lstь	slovene	pȏɫst	pɔ́ːʊst	
pȏrxъ	slovene	prȃh	práːx	
mъnogъ	slovene	mnǫ̑g	mnɔɡ	
tъ	slovene	tȃ	táː	
oborъ	slovene	obọ̑ra	ɔbóːra	
orbъ	slovene	ròb	rɔ́p	
vьlgъkъ	slovene	vóɫgǝk	ʋɔ̀ːʊɡək	
òrmo	slovene	ráme	ràːmɛ	
glěnъ	slovene	glẹ̑n	ɡléːn	
mьzdà	slovene	mǝzdà	mǝzdá	
lososь	slovene	lōsos	lɔ̀ːsɔs	
čùdo	slovene	čúdọ	t͡ʃùːdo	
dovьlěti	slovene	dovlẹ́ti	dɔʋlèːti	
tęžъkъ	slovene	téžǝk	tɛ̀ːʃ	
kūrìti	slovene	kúriti	kùːriti	
zьrěti	slovene	zrẹ́ti	zrèːti	
tekti	slovene	téči	tɛ̀ːt͡ʃi	
kl̨učiti	slovene	kljúčiti	kljùːt͡ʃiti	
lъža	slovene	lažà	laʒá	
solnà	slovene	slána	slàːna	
arь̀mъ	slovene	járǝm	jàːr	
bebrъ	slovene	bóbǝr	bɔ̀ːbər	
pěsъ̀kъ	slovene	pẹ́sǝk	pèːsǝk	
mǭtìti	slovene	mǫ́titi	mèːtiti	
jьmelo	slovene	omę́la	ɔmèːla	
mьrzěti	slovene	mrzẹ́ti	mərzèːti	
bodàti	slovene	bọ̑dati	bóːdati	
krъvьnъ	slovene	kŕvǝn	kə̀rʋən	
bedra	slovene	bédrọ	bɛ̀ːdro	
plástъ	slovene	plȃst	pláːst	
sìto	slovene	sítọ	sìːt	
orz	slovene	ràz	ràːs	
děti	slovene	dẹjáti	dejàːti	
blizь	slovene	blìz	blə́s	
gorьkъ	slovene	górǝk	ɡɔ̀ːrǝk	
vaditi	slovene	váditi	ʋàːditi	
gǫgnavъ	slovene	gognjàv	ɡɔɡnjàːʋ	
ěsti	slovene	jẹ́sti	jèːsti	
osà	slovene	ósa	ɔ̀ːsa	
kl̨účь	slovene	kljúč	kljùːt͡ʃ	
slùšati	slovene	slúšati	slùːʃati	
čixati	slovene	číhati	t͡ʃìːxati	
gorьjь	slovene	gǫ́rji	ɡòːrji	
bě̀gati	slovene	bẹ́gati	bèːɡati	
ògn'ь	slovene	ógǝnj	ɔ̀ːɡənj	
berstъ	slovene	brẹ́st	brèːst	
čadъ	slovene	čȃd	t͡ʃáːt	
lěnъ	slovene	lẹ̑n	léːn	
kъlka	slovene	kòɫk	kóʊk	
podъ	slovene	pòd	pɔ́t	
dupl̨a	slovene	dȗplja	dúːplja	
olьša	slovene	ję́ɫša	jèːʊʃa	
ěrъka	slovene	jȃrka	jáːrka	
soxà	slovene	sóha	sɔ̀ːxa	
močìti	slovene	móčiti	mɔ̀ːt͡ʃiti	
gǫ̀ba	slovene	gǫ́ba	ɡòːba	
lučiti	slovene	lučíti	lut͡ʃìːti	
eževika	slovene	ježevíca	jɛʒɛʋìːt͡sa	
àgnьcь	slovene	jȃgnǝc	jáːɡnǝt͡s	
čàsъ	slovene	čàs	t͡ʃàs	
gǫgn̨ati	slovene	gognjáti	ɡɔɡnjàːti	
rębika	slovene	rebíka	rɛbìːka	
černь	slovene	črẹ̑n	t͡ʃréːn	
kȏstь	slovene	kọ̑st	kóːst	
stryjь	slovene	stríc	strìːt͡s	
čelesьnъjь	slovene	čelę̑sǝn	t͡ʃɛléːsǝn	
bòlna	slovene	blȃna	bláːna	
slǫ̀ka	slovene	slǫ́ka	slèːka	
otьcь	slovene	óče	ɔ̀ːt͡ʃɛ	
sȏkъ	slovene	sọ̑k	sóːk	
krojiti	slovene	krojíti	krɔjìːti	
spě̑xъ	slovene	spẹ̑h	spéːx	
zijati	slovene	zijáti	zijàːti	
sỳtъ	slovene	sìt	sít	
svinьjà	slovene	svínja	sʋìːnja	
rǭkà	slovene	róka	rɔ̀ːka	
bъrna	slovene	bŕna	bə̀rna	
mȋgъ	slovene	mȋg	míːk	
gasnǫti	slovene	gásniti	ɡàːsniti	
vь̀rxъ	slovene	vȓh	ʋə́rx	
protivo	slovene	prọ̀ti	pròːti	
gъ̀rdlo	slovene	gŕlọ	ɡə̀rlo	
pȍrsę	slovene	prasè	prasɛ́	
bъrtь	slovene	brt	brt	
lěnìvъ	slovene	lẹnìv	leníʋ	
blekъ	slovene	blę́k	blèːk	
žìto	slovene	žítọ	ʒìːto	
lȏjь	slovene	lọ̑j	lóːj	
voskъ	slovene	vọ̑sǝk	ʋóːsǝk	
lь̑nъ	slovene	lȃn	láːn	
dupina	slovene	dupína	dupìːna	
bl̨ьvàti	slovene	bljǝváti	bljàːʋàːti	
zьjati	slovene	zijáti	zijàːti	
sě̀verъ	slovene	sẹ́ver	sèːʋɛr	
klìknǫti	slovene	klíkniti	klìːkniti	
motyka	slovene	motȋka	mɔtíːka	
òrmę	slovene	ráme	ràːmɛ	
kyselъ	slovene	kíseɫ	kìːsɛʊ	
melti	slovene	mlẹ́ti	mlèːti	
klъkati	slovene	kóɫcati	kɔ̀ːt͡stati	
kašl̨ati	slovene	kȃšljati	káːʃljati	
korda	slovene	kráda	kràːda	
kъn	slovene	k	k	
rębъkъ	slovene	rę̑b	ré̝ːp	
čakati	slovene	čákati	t͡ʃàːkati	
dvьrь	slovene	dúri	dùːri	
česnъkъ	slovene	čésǝn	t͡ʃɛ̀ːsən	
badlovati	slovene	balováti	balɔʋàːti	
pelesъ	slovene	pelę́sast	pɛlèːsast	
dę̄snà	slovene	dlésna	dlɛ̀ːsna	
korỳto	slovene	korítọ	kɔrìːt	
mь̀rtvъ	slovene	mŕtǝv	mə̀rtəʋ	
dojidlo	slovene	dojílọ	dɔjìːl	
pъtìca	slovene	ptíca	ptìːt͡sa	
syrovъ	slovene	surǫ̑v	surɔ́ʋ	
dāvàti	slovene	dávati	dàːʋati	
vȏlkъ	slovene	vlȃk	ʋláːk	
ludъ	slovene	lȗd	lúːt	
čemerika	slovene	čemeríka	t͡ʃɛmɛrìːka	
kruxъ	slovene	krùh	krúx	
driskati	slovene	drískati	drìːskati	
kòlъ	slovene	kòɫ	kóʊ	
někъto	slovene	nẹkdọ́	nèːktòː	
mìlъ	slovene	mȋɫ	míːʊ	
palьcь	slovene	pȃɫǝc	páːʊǝt͡s	
dal̨a	slovene	dálja	dàːlja	
dęgъ	slovene	dę́ga	dè̝ːɡa	
kòšь	slovene	kòš	kóʃ	
gǫžь	slovene	gǫ́ž	ɡèːʃ	
tèrti	slovene	trẹ́ti	trèːti	
veslò	slovene	véslọ	ʋɛ̀ːslo	
lozà	slovene	lóza	lɔ̀ːza	
kùditi	slovene	kúditi	kùːditi	
māxàti	slovene	máhati	màːxati	
volknò	slovene	vláknọ	ʋlàːkno	
bridъkъ	slovene	brídǝk	brìːt	
obrěsti	slovene	obrẹ́sti	ɔbrèːsti	
dъva	slovene	dvȃ	dʋáː	
dȅsnъ	slovene	dę́sǝn	dèːs	
edìnъ	slovene	edín	ɛdìːn	
drevьnъ	slovene	dréven	drɛ̀ːʋɛn	
šȇstь	slovene	šę̑st	ʃéːst	
mьn̨e	slovene	mànj	màːn	
stȃnъ	slovene	stȃn	stáːn	
dъždžь	slovene	dǝ̀ž	də́ʃ	
vъ	slovene	v	ʋ	
sìvъ	slovene	sìv	sə́ʋ	
brьnьje	slovene	bȓnje	bə́rnjɛ	
nǫ̀dja	slovene	núja	nùːja	
paxati	slovene	páhati	pàːxati	
pь̀lnъ	slovene	pȏɫn	pɔ́ː	
belnovati	slovene	blẹncáti	blent͡sàːti	
čuditi	slovene	čúditi se	t͡ʃùːditi sɛ	
nozdra	slovene	nǫ̑zdra	nó̝ːzdra	
minǫti	slovene	miníti	minìːti	
rъvàti	slovene	rváti	ərʋàːti	
mogti	slovene	móči	mɔ̀ːt͡ʃi	
kъrma	slovene	kŕma	kə̀rma	
pasti	slovene	pásti	pàːsti	
dьbrь	slovene	debǝr	dɛbr	
l̨ūbìti	slovene	ljúbiti	ljùːbiti	
kъrmъ	slovene	kŕma	kə̀rma	
tvorìti	slovene	tvoríti	tʋɔrìːti	
cě̑vь	slovene	cẹ̑v	t͡séːʋ	
česnъ	slovene	čésǝn	t͡ʃɛ̀ːsən	
bìti	slovene	bíti	bìːti	
korbъ	slovene	kraba	kraba	
lopàta	slovene	lopáta	lɔpàːta	
brodìti	slovene	bróditi	brɔ̀ːditi	
vòrna	slovene	vrána	ʋràːna	
kaznь	slovene	kȃzǝn	káːzən	
čerzъ	slovene	črẹ̀z	t͡ʃrèːs	
vixъrъ	slovene	víhǝr	ʋìːxǝr	
vodìti	slovene	vóditi	ʋɔ̀ːditi	
govorìti	slovene	govoríti	ɡɔʋɔrìːti	
ezъ	slovene	jẹ̑z	jéːs	
dǫ̑bъ	slovene	dǫ̑b	dó̝ːp	
elenь	slovene	jélen	jɛ̀ːlɛn	
čęstъ	slovene	čę́stọ	t͡ʃèːst	
onutja	slovene	onúča	ɔnùːt͡ʃa	
stàti	slovene	státi	stàːti	
letěti	slovene	letẹ́ti	lɛtèːti	
prídъ	slovene	prìd	prɛt	
zę̀tь	slovene	zèt	zɛ̀ːt	
medojědъ	slovene	medojẹ̀d	mɛdɔjèːt	
svekrъ	slovene	svę́kǝr	sʋèːkər	
cè̌sta	slovene	cẹ́sta	t͡sèːsta	
bъ̀dr̨ь	slovene	bōdǝr	bɔ̀ːdər	
gńìti	slovene	gníti	ɡnìːti	
kolě̀no	slovene	kolẹ́nọ	kɔlèːno	
màlъ	slovene	mȃli	máːli	
ęga	slovene	ję́za	jèːza	
nikati	slovene	níkati	nìːkati	
dérnъ	slovene	drẹ̀n	drèːn	
mě̀dь	slovene	mẹ̑d	méːt	
drъgati	slovene	dŕgati	də̀rɡati	
plesno	slovene	plésna	plɛ̀ːsna	
drȗgъ	slovene	drȗg	drúːk	
sě̑no	slovene	sẹnọ̑	séːn	
čùti	slovene	čúti	t͡ʃùːti	
slàva	slovene	sláva	slàːʋa	
brysadlo	slovene	brisálọ	brisàːl	
ako	slovene	àkọ	áko	
želdica	slovene	žlẹ̑d	ʒléːt	
sȏlь	slovene	sọ̑ɫ	sóː	
sęgti	slovene	sę́či	sè̝ːt͡ʃi	
cě̄dìti	slovene	cẹdíti	t͡sèːìːti	
jьměti	slovene	imẹ́ti	imèːti	
vъn	slovene	v	ʋ	
gvozdъ	slovene	gòzd	ɡɔ́zd	
xvojь	slovene	hǫ̑ja	xóːja	
po	slovene	pò	pɔ́	
vě̀ra	slovene	vę́ra	ʋòːra	
tь̏nьkъ	slovene	tǝnǝ̀k	tənə́k	
kopa	slovene	kópa	kɔ̀ːpa	
òsmь	slovene	ǫ́sǝm	ò̝ːsǝm	
kurъ	slovene	kùr	kúr	
vỳgъn̨a	slovene	vígǝnj	ʋìːɡən	
tǭgà	slovene	tǫ́ga	tò̝ɡa	
esmь	slovene	sǝm	sǝm	
sъxnǫti	slovene	sǝhníti	səxnìːti	
tě̀mę	slovene	tẹ́me	tèːmɛ	
otvorìti	slovene	otvoríti	ɔtʋɔrìːti	
pàmętь	slovene	pámet	pàːmɛt	
etì	slovene	jébati	jɛ̀ːbati	
luščiti	slovene	lúščiti	lùːʃt͡ʃiti	
vьdovà	slovene	vdọ̑va	ʋdóːʋa	
azъ	slovene	jàz	jàːs	
gȍr̨e	slovene	gorję̑	ɡɔrjéː	
bě̑sъ	slovene	bẹ̑s	béːs	
dòlnь	slovene	dlàn	dlàːn	
gybati	slovene	gíbati	ɡìːbati	
mъrmъrati	slovene	mrmráti	mrmràːti	
xoldьnъ	slovene	hládǝn	xlàːdən	
stьblò	slovene	stéblọ	stɛ̀ːblo̝	
dъxnǫti	slovene	dǝhníti	dəxnìːti	
smьjàti	slovene	smẹ́jati se	smèːjati sɛsɛ	
àstrę̄bъ	slovene	jȃstreb	jáːstrɛp	
prosterti	slovene	prostrẹ́ti	prɔstrèːti	
gospodinъ	slovene	gospodȋn	ɡɔspɔdíːn	
sьršenь	slovene	sŕšen	sə̀rʃɛn	
bòlto	slovene	blátọ	blàːto	
ěrъ	slovene	jȃr	jáːr	
orě̀xъ	slovene	órẹh	ɔ̀ːrèːx	
ȍpakъ	slovene	opȃk	ɔpáːk	
pьsàti	slovene	písati	pìːsati	
plě̑šь	slovene	plẹ̑š	pléːʃ	
pь̑nь	slovene	pȃnj	páːnj	
sъmьrtь	slovene	smr̀t	smərt	
čьrtà	slovene	čŕta	t͡ʃə̀rta	
ūstà	slovene	ústa	ùːsta	
minovati	slovene	minováti	minɔʋàːti	
otъverti	slovene	odvrẹ́ti	ɔdʋrèːti	
žьrny	slovene	žȓnǝv	ʒə́rnəʋ	
poìti	slovene	pojíti	pɔjìːti	
dъvogubъ	slovene	dvogùb	dʋɔɡɔ́p	
my̑slь	slovene	mȋsǝɫ	míːsǝʊ	
ęčati	slovene	ję́čati	jèːt͡ʃati	
pȍpelъ	slovene	pepę̑ɫ	pɛpé̝ːʊ	
kurica	slovene	kúrica	kùːrit͡sa	
edьnakъ	slovene	ednák	ɛdnàːk	
ǫdìti	slovene	vodíti	ʋɔdìːti	
bedrò	slovene	bédrọ	bɛ̀ːdro	
trъ̑stь	slovene	tȓst	tə́rst	
àblъkъ	slovene	jáboɫka	jàːbɔʊka	
zь̀rno	slovene	zŕnọ	zə̀rno	
pьrvъ	slovene	pȓvi	pə́rʋi	
pę̑dь	slovene	pę̑d	pé̝t	
sǫdьrga	slovene	sǫ́draga	sèːdraɡa	
lędvьja	slovene	lę́dija	lèːdija	
lonò	slovene	lonọ	lɔno	
globìti	slovene	globíti	ɡlɔbìːti	
tęga	slovene	tę̑g	té̝ːk	
gràdъ	slovene	gràd	ɡràːt	
pitati	slovene	pítati	pìːtati	
pȳtàti	slovene	pítati	pìːtati	
bliskъ	slovene	blȋsk	blíːsk	
kopьje	slovene	kopję̑	kɔpjéː	
vьrsta	slovene	vŕsta	ʋə̀rsta	
prȏstъ	slovene	pròst	prɔ́st	
gǫsti	slovene	gǫ́sti	ɡèːsti	
mèrža	slovene	mrẹ́ža	mrèːʒa	
bodъlь	slovene	bȏdǝlj	bɔ́ːdəlj	
žerdlò	slovene	žrẹ́lọ	ʒrèːlo	
olnìta	slovene	laníta	lanìːta	
paziti	slovene	páziti	pàːziti	
kasati	slovene	kasati	kasati	
tolkà	slovene	tláka	tlàːka	
ǫ́žь	slovene	ǫ́ž	ò̝ːʃ	
kòn̨ь	slovene	kònj	kɔ́nj	
mošьna	slovene	móšnja	mɔ̀ːʃnja	
blǭdìti	slovene	blǫ́diti	blò̝ːditi	
sȏlpъ	slovene	slȃp	sláːp	
lǫ̑gъ	slovene	lǫ̑g	ló̝ːk	
korba	slovene	kraba	kraba	
sỳtъjь	slovene	sìt	sít	
osnòvā	slovene	osnǫ̑va	ɔsnó̝ʋa	
tьlò	slovene	tlà	tlá	
grȏmъ	slovene	grọ̑m	ɡróːm	
borzdà	slovene	brázda	bràːzda	
ěrę	slovene	jarè	jarɛ	
lokati	slovene	lókati	lɔ̀ːkati	
davьnъ	slovene	dávǝn	dàːʋǝn	
sȃdъ	slovene	sȃd	sáːt	
męsti	slovene	mę́sti	mèːsti	
zȏbъ	slovene	zǫ̑b	zóːp	
gъrkati	slovene	gŕkati	ɡə̀rkati	
melkò	slovene	mlẹ́kọ	mlèːko	
jelьša	slovene	ję́ɫša	jèːʊʃa	
kydnǫti	slovene	kíniti	kìːniti	
l̨ȗdьje	slovene	ljudję̑	ljudjéː	
rỳti	slovene	ríti	rìːti	
mǫ̀ka	slovene	múka	mùːka	
kukati	slovene	kúkati	kùːkati	
xabьnъ	slovene	hábǝn	xàːbən	
mȍr̨e	slovene	morję̑	mɔrjéː	
estь	slovene	jè	jɛ	
bȏrvъ	slovene	brȃv	bráːʋ	
mьn̨eje	slovene	mànj	màːn	
perkъ	slovene	prẹ̑k	préːk	
krasьnъ	slovene	krásǝn	kràːsǝn	
dȏrgъ	slovene	drȃg	dráːk	
snuti	slovene	snováti	snɔʋàːti	
pętà	slovene	péta	pɛ̀ːta	
xorniti	slovene	hrániti	xràːniti	
grustь	slovene	grȗst	ɡrúːst	
rebrò	slovene	rébrọ	rɛ̀ːbro̝	
běžàti	slovene	bẹ́žati	bèːʒati	
piskalъ	slovene	piskǫ́r	piskòːr	
solvьjь	slovene	slávǝc	slàːʋət͡s	
grebenь	slovene	grebę̑n	ɡrɛbóːn	
murъ	slovene	mȗr	múːr	
edьnъ	slovene	edín	ɛdìːn	
belenъ	slovene	blẹ̀n	blèːn	
vȇrskъ	slovene	vrẹ̑s	ʋréːs	
krinica	slovene	krínja	krìːnja	
deltò	slovene	dlẹ́tọ	dlèːto	
čara	slovene	čára	t͡ʃàːra	
drьkolьje	slovene	dŕkoɫ	də̀rkɔʊ	
sě̀ti	slovene	sẹjáti	sèːjti	
glumiti	slovene	glúmiti se	ɡlùːmiti sɛsɛ	
grę̄dà	slovene	gréda	ɡrɛ̀ːda	
krina	slovene	krínja	krìːnja	
koliko	slovene	kọ́liko	kòːlikɔ	
brьvъnò	slovene	bȓvnọ	bə́rʋno	
ešče	slovene	šè	ʃé	
čь̀rnъ	slovene	čŕn	t͡ʃə̀rn	
žȅlǫdь	slovene	žélod	ʒɛ̀ːlɔt	
sòmъ	slovene	sòm	s	
sъpъ	slovene	sèp	sɛ̀ːp	
bujьnъ	slovene	bújǝn	bùːj	
pèlti	slovene	plẹ́ti	plèːti	
glezna	slovene	glę́žǝnj	ɡlèːʒǝnj	
grěti	slovene	grẹ́ti	ɡrèːti	
pь̀sъ	slovene	pǝ̀s	pə̀rs	
ščenę	slovene	ščenè	ʃt͡ʃɛn	
čȇrpъ	slovene	črẹ̑p	t͡ʃréːp	
plàvati	slovene	plávati	plàːʋati	
màzati	slovene	mázati	màːzati	
otъvorìti	slovene	otvoríti	ɔtʋɔrìːti	
korà	slovene	kóra	kɔ̀ːra	
volděti	slovene	vládati	ʋlàːdati	
rębina	slovene	rebíka	rɛbìːka	
tě̑sto	slovene	tẹstọ̑	téːstóː	
naustiti	slovene	naústiti	naùːstiti	
čermuxa	slovene	črę̑mha	t͡ʃré̝ːmxa	
lȇdъ	slovene	lę̑d	lé̝ːd	
kokotъ	slovene	kokọ̑t	kɔkóːt	
koltъ	slovene	kláta	klàːta	
bьrati	slovene	bráti	bràːti	
strьžьnь	slovene	stržę̑n	strʒéːn	
pь̀lzati	slovene	póɫzati	pɔ̀ːʊzati	
dȃrъ	slovene	dȃr	dáːr	
ȍko	slovene	okọ̑	ɔkóː	
jь̑go	slovene	igọ̑	iɡóː	
cě̄và	slovene	cẹ̑vka	t͡séːʋka	
vь̀lna	slovene	vóɫna	ʋɔ̀ːʊna	
gvorъ	slovene	gòr	ɡɔ́r	
pìtja	slovene	píča	pìːt͡ʃa	
modrъ	slovene	mǫ́dǝr	mèːdər	
kъxati	slovene	kȃhati	káːxati	
smьrdě̀ti	slovene	smrdẹ́ti	smərdèːti	
līzàti	slovene	lízati	lìːzati	
palica	slovene	pálica	pàːlit͡sa	
dalèkъ	slovene	dálek	dàːlɛk	
bȏlgъ	slovene	blȃg	bláːk	
gńilъ	slovene	gnȋɫ	ɡníːʊ	
trǫdъ	slovene	trǫ̑d	tró̝ːt	
dvojь	slovene	dvọ̑j	dʋóːj	
četverъ	slovene	četvę̑r	t͡ʃɛtʋé̝ːr	
čermuša	slovene	črę̑mha	t͡ʃré̝ːmxa	
olbǭdь	slovene	labǫ́d	labò̝ːt	
gròzdъ	slovene	gròzd	ɡrɔ́zd	
bordà	slovene	bráda	bràːda	
žьltъ	slovene	žȏɫt	ʒɔ́ːʊt	
norvь	slovene	nràv	nràːʋ	
sę̀dzati	slovene	sę́zati	sèːzati	
čerslò	slovene	črẹ́slọ	t͡ʃrèːsl	
kādìti	slovene	kadíti	kadìːti	
kamy	slovene	kámen	kàːmɛn	
gnusiti	slovene	gnúsiti	ɡnùːsiti	
ȁgoda	slovene	jágoda	jàːɡɔda	
gruda	slovene	grúda	ɡrùːda	
gnȏjь	slovene	gnọ̑j	ɡnóːj	
ě̑rъ	slovene	jȃr	jáːr	
nòvъ	slovene	nòv	nɔ́ʊ	
klekotati	slovene	klekotáti	klɛkɔtàːti	
paznegъtь	slovene	pážnohǝt	pàːʒnɔxǝt	
dě̀verь	slovene	dẹvę̑r	déʋé̝ːr	
čarodějь	slovene	čarodẹ̀j	t͡ʃarɔdèːj	
vъtorъjь	slovene	vtóri	ʋtɔ̀ːri	
kyxati	slovene	kíhati	kìːxati	
tęgati	slovene	tę́zati	tè̝ːzati	
stornà	slovene	strȃn	stráːn	
ežica	slovene	ježíca	jɛʒìːt͡sa	
korenь	slovene	korę̑n	kɔré̝ːn	
gъrba	slovene	gȓb	ɡə́rp	
drāpàti	slovene	drápati	dràːpati	
rědъkъ	slovene	rẹ́dǝk	rèːdǝk	
lixъ	slovene	lȋh	líːx	
klěšča	slovene	klẹ́šče	klèːʃt͡ʃɛ	
xȏdъ	slovene	hòd	xɔ́t	
nȇrstь	slovene	mrẹ̑st	mréːst	
dьlti	slovene	dóɫbsti	dɔ̀ːbsti	
gorěti	slovene	gorẹ́ti	ɡɔrèːti	
drozdъ	slovene	drǫ̑zd	dró̝ːzd	
pьxati	slovene	pǝháti	pəxàːti	
brìtva	slovene	brȋtva	bríːtʋa	
erębъ	slovene	jerę̑b	jɛré̝ːp	
jȗnъ	slovene	jȗn	júːn	
moldъ	slovene	mlȃd	mláːt	
pǫkti	slovene	pǫ́čiti	pèːt͡ʃiti	
stogъ	slovene	stòg	stə́k	
solvikъ	slovene	slávǝc	slàːʋət͡s	
gospodь	slovene	gospọ̑d	ɡɔspóːt	
zъlъ	slovene	zǝ̀ɫ	zə́ʊ	
brъknǫti	slovene	bŕsniti	bə̀rsniti	
miglъ	slovene	mǝglà	məɡlá	
mělь	slovene	mẹ̑lj	méːlj	
jьlьmъ	slovene	lìm	líːm	
modliti	slovene	modliti	mɔdliti	
kȏsъ	slovene	kọ̑s	kóːs	
pìti	slovene	píti	pìːti	
tъ̀ščь	slovene	tǝ̀šč	tə́ʃt͡ʃ	
tȏkъ	slovene	tòk	tók	
lьgъkъ	slovene	lahȃk	laxáːk	
seló	slovene	sélọ	sɛ̀ːl	
vodà	slovene	vóda	ʋɔ̀ːda	
nȃgъ	slovene	nȃg	náːk	
emela	slovene	omę́la	ɔmèːla	
kry	slovene	krȋ	kríː	
gnestì	slovene	gnésti	ɡnɛ̀ːsti	
kъlkъ	slovene	kòɫk	kóʊk	
načęti	slovene	načę́ti	nat͡ʃè̝ːti	
molь	slovene	mòlj	mɛlj	
àblo	slovene	jáblọ	jàːblo	
glȗxъ	slovene	glȗh	ɡlúːx	
vь̀rša	slovene	vŕša	ʋə̀rʃa	
tǫ̑gъ	slovene	tǫ̑g	tó̝ːɡ	
teslò	slovene	tésla	tɛ̀ːsla	
kъrzno	slovene	kŕzno	kə̀rznɔ	
glumъ	slovene	glúma	ɡlùːma	
gъ̑rdъ	slovene	gȓd	ɡə́rt	
govorъ	slovene	gǫ̑vor	ɡó̝ːʋɔr	
česno	slovene	čésǝn	t͡ʃɛ̀ːsən	
sъmè̌ti	slovene	smẹ́ti	smèːti	
my	slovene	mȋ	míː	
lъskъ	slovene	lǝ̀sk	lə̀ːsk	
dьlgotà	slovene	doɫgóta	dɔ̀ɡɔ̀ːta	
mǭkà	slovene	mǫ́ka	mèːka	
byvati	slovene	bívati	bìːʋati	
grě́xъ	slovene	grẹ́h	ɡrèːx	
sìla	slovene	síla	sìːla	
bojati sę	slovene	bojáti se	bɔjàːti sɛ	
stojati	slovene	státi	stàːti	
glěnь	slovene	glẹ̑n	ɡléːn	
dva	slovene	dvȃ	dʋáː	
mě̀sto	slovene	mẹ́stọ	mèːsto	
želdъ	slovene	žlẹ̑d	ʒléːt	
męzdra	slovene	mę́zdra	mèːzdra	
krỳti	slovene	kríti	krìːti	
košara	slovene	košȃra	kɔʃáːra	
stenàti	slovene	stenjáti	stɛnjàːti	
xoxotati	slovene	hohotáti	xɔxɔtàːti	
dȅsętь	slovene	desę̑t	dɛséːt	
sušìti	slovene	sušíti	suʃìːti	
blistati	slovene	blískati (se)	blìːskati sɛsɛ	
žìti	slovene	živẹ́ti	ʒiʋèːti	
śěrъ	slovene	sę́r	sè̝ːr	
košarъ	slovene	košȃra	kɔʃáːra	
natь	slovene	nȃt	náːt	
duti	slovene	dúti	dùːti	
vъnùkъ	slovene	vnúk	ʋnùːk	
bèrdjь	slovene	brẹ́ja	brèːja	
vỳmę	slovene	víme	ʋìːmɛ	
borna	slovene	brána	bràːna	
ěrьcь	slovene	jȃrǝc	jáːrǝt͡s	
dobl̨ь	slovene	dǫ́bǝlj	dòːbəlj	
myšьca	slovene	mȋšca	míːʃt͡sa	
àstrě̄bъ	slovene	jȃstreb	jáːstrɛp	
lemežь	slovene	lémeš	lɛ̀ːmɛʃ	
vьsь	slovene	vȃs	ʋáːs	
krěpъkъ	slovene	krẹ́pǝk	krèːpǝk	
dzělo	slovene	zẹlọ̑	zelóː	
lě̑pъ	slovene	lẹ̑p	léːp	
sǫ-	slovene	so-	sɔ-	
pỳrьjь	slovene	pȋr	píːr	
kyslъ	slovene	kísǝɫ	kìːs	
kъrnъ	slovene	kr̀n	krə̀n	
bȏrъ	slovene	bọ̑r	bóːr	
òlkomъjь	slovene	lákom	làːkɔm	
bȁba	slovene	bába	bàːba	
pȋvo	slovene	pívọ	pìːʋo	
jьlъkъ	slovene	jérǝk	jɛ̀ːrǝk	
cě̄nà	slovene	cẹ́na	t͡sèːna	
pȍl̨e	slovene	pọ̑lje	póːljɛ	
lěnь	slovene	len	lɛn	
gleznъ	slovene	glę́žǝnj	ɡlèːʒǝnj	
kotorъ	slovene	kotę́ri	kɔtòːri	
būdìti	slovene	budíti	budìːti	
pelna	slovene	plẹ́na	plèːna	
dvogubъ	slovene	dvogùb	dʋɔɡɔb	
erębъkъ	slovene	jerę̑b	jɛré̝ːp	
stьlati	slovene	stláti	stlàːti	
ȍlovo	slovene	olǫ́v	ɔlò̝ːʋ	
lьjati	slovene	léja	lɛ̀ːja	
kỳla	slovene	kíla	kìːla	
krȋkъ	slovene	krȋk	kríːk	
edъvà	slovene	jèdva	jɛ̀ːdʋa	
pȇktь	slovene	pę̑č	pé̝t͡ʃ	
ę̄trò	slovene	ję́tra	jèːtra	
kvisti	slovene	cvésti	t͡sʋɛ̀ːsti	
pl̨ūtjè	slovene	pljúča	pljùːt͡ʃa	
dьrznǫti	slovene	dŕzniti	də̀rzniti	
svòrka	slovene	sráka	sràːka	
medvě̀dь	slovene	médvẹd	mɛ̀ːdʋéːt	
górdja	slovene	grája	ɡràːja	
ovь̀sъ	slovene	óvǝs	ɔ̀ːʋəs	
elenъ	slovene	jélen	jɛ̀ːlɛn	
gromada	slovene	gromáda	ɡrɔmàːda	
kotьcь	slovene	kótǝc	kɔ̀ːtǝt͡s	
varìti	slovene	varíti	ʋarìːti	
jūxà	slovene	júha	jùːxa	
bьbrъ	slovene	bóbǝr	bɔ̀ːbər	
norà	slovene	nora	nɔra	
pȅpelъ	slovene	pepę̑ɫ	pɛpé̝ːʊ	
orsti	slovene	rásti	ràːsti	
čerpati	slovene	črẹ́pati	t͡ʃrèːpati	
rosà	slovene	rósa	rɔ̀ːsa	
ovъ	slovene	ǫ́v	èːʋ	
žuriti	slovene	žúriti se	ʒùːriti sɛ	
sъtȏ	slovene	stọ̑	stóː	
gǫgn̨avъ	slovene	gognjàv	ɡɔɡnjàːʋ	
činìti	slovene	číniti	t͡ʃìːniti	
kogъdy	slovene	kǝdá	kàːd	
mъxъ	slovene	mȃh	máːx	
zobàti	slovene	zóbati	zɔ̀ːbati	
solnъ	slovene	slȃn	sláːn	
kyjь	slovene	kȋj	kíːj	
mě̄zgà	slovene	mẹ́zga	mèːzɡa	
nȅbo	slovene	nebọ̑	nɛbóː	
protivъ	slovene	prọ̀ti	pròːti	
gòrxъ	slovene	gràh	ɡràːx	
kujati	slovene	kújati se	kùːjati sɛ	
směxъ	slovene	smẹ̑h	sméːx	
drevьnь	slovene	dréven	drɛ̀ːʋɛn	
bolěti	slovene	bolẹ́ti	bɔlèːti	
spěšiti	slovene	spẹ́šiti	spèːʃiti	
mikati	slovene	mȋkati	míːkati	
velě̀ti	slovene	velẹ́ti	ʋɛlèːti	
govę̀do	slovene	govę́dọ	ɡɔʋèːdo	
sanь	slovene	sanȋ	saníː	
bol̨eje	slovene	bọ̑lje	bóːljɛ	
bъděti	slovene	bǝdẹ́ti	bǝdèːti	
pь̀strъ	slovene	pǝ̀stǝr	pə̀ːstər	
medju	slovene	mèju	mɛ̀ːju	
niknǫti	slovene	níkniti	nìːkniti	
radi	slovene	zarȃdi	zaráːdi	
tretь	slovene	trę́tji	trèːtji	
ȅrxъkъ	slovene	šǝk	ʃək	
ěbàti	slovene	jébati	jɛ̀ːbati	
matorъ	slovene	matǫ́r	matò̝ːr	
godina	slovene	gǫ̑dina	ɡó̝ːdina	
nùdja	slovene	núja	nùːja	
kašьl̨ati	slovene	kȃšljati	káːʃljati	
màslo	slovene	máslọ	màːslo	
pȍjāsъ	slovene	pȃs	páːs	
dъ̑lgъ	slovene	dȏɫg	dɔ́ːʊk	
gabati	slovene	gábati	ɡàːbati	
sǫ́dъ	slovene	sǫ́d	sèːt	
čerdìti	slovene	črẹ́diti	t͡ʃrèːditi	
bliskati	slovene	blískati (se)	blìːskati sɛsɛ	
ęzỳkъ	slovene	jézik	jɛ̀ːzik	
mьzěti	slovene	mǝzẹ́ti	mǝzèːti	
paznogъtь	slovene	pážnohǝt	pàːʒnɔxǝt	
grajati	slovene	grájati	ɡràːjati	
onъ	slovene	òn	ə́n	
bȍršьno	slovene	brášnọ	bràːʃno	
slìva	slovene	slíva	slìːʋa	
mȏstъ	slovene	mọ̑st	móːst	
těsnъ	slovene	tésǝn	tɛ̀ːsən	
gubìti	slovene	gubíti	ɡubìːti	
sovà	slovene	sóva	sɔ̀ːʋa	
blęsti	slovene	blésti	blɛ̀ːsti	
glīstà	slovene	glísta	ɡlìːsta	
matorьnъ	slovene	matǫ́rǝn	matò̝ːrǝn	
gonìti	slovene	góniti	ɡɔ̀ːniti	
sèdmъ	slovene	sę́dmi	sè̝ːdmi	
žę́dja	slovene	žę́ja	ʒèːja	
mižati	slovene	mǝžáti	mǝʒàːti	
klasti	slovene	klásti	klàːsti	
zъvati	slovene	zváti	zʋàːti	
ostrovъ	slovene	ostròv	ɔstrɔ́ʋ	
rekti	slovene	réči	rɛ̀ːt͡ʃi	
blьščati	slovene	blẹ́ščati	blèːʃt͡ʃati	
kadìdlo	slovene	kadílọ	kadìːlo	
žàba	slovene	žába	ʒàːba	
dūxàti	slovene	dúhati	dùːxati	
dòrga	slovene	drága	dràːɡa	
sovati	slovene	suváti	suʋàːti	
mȏltъ	slovene	mlȃt	mláːt	
klětь	slovene	klẹ̑t	kléːt	
sěsti	slovene	sẹ́sti	sèːsti	
mъšica	slovene	mǝšíca	mʃìːt͡sa	
ȏstь	slovene	ǫ̑st	ó̝ːst	
dȍma	slovene	domȃ	dɔmáː	
nìščь	slovene	nȉšt	níʃt	
ědro	slovene	jádrọ	jàːdro	
esètrъ	slovene	jesētǝr	jɛsɛ̀ːtər	
bridь	slovene	brȋd	bríːt	
gręza	slovene	grę́za	ɡrèːza	
čьrpati	slovene	črpáti	t͡ʃərpàːti	
strȗpъ	slovene	strȗp	strúːp	
dьrati	slovene	dę̑rati	dóːrati	
čerěnь	slovene	čerẹ̀n	t͡ʃɛrèːn	
sъpati	slovene	spáti	spàːti	
perdъ	slovene	prẹ̑d	préːt	
gně̀vъ	slovene	gnẹ̀v	ɡnèːʋ	
lě̀zti	slovene	lẹ́sti	lèːsti	
grudъ	slovene	grúda	ɡrùːda	
brězgъ	slovene	brẹ̑sk	bréːsk	
vìděti	slovene	vídẹti	ʋìːditi	
orь̀lъ	slovene	órǝɫ	ɔ̀ːrǝʊ	
žьdàti	slovene	ždẹ́ti	ʒdèːti	
pokòjь	slovene	pókoj	pɔ̀ːkɔj	
gomol̨a	slovene	gomóla	ɡɔmɔ̀ːla	
ěžь	slovene	jẹ̑z	jéːs	
serdà	slovene	srẹ́da	srèːda	
kropiti	slovene	kropíti	krɔpìːti	
lomìti	slovene	lómiti	lɔ̀ːmiti	
sьcati	slovene	scáti	st͡sàːti	
vě̀ko	slovene	vẹ́ka	ʋèːka	
dę̀ga	slovene	dę́ga	dè̝ːɡa	
belnъ	slovene	blẹ̀n	blèːn	
cě̑lъ	slovene	cẹ̑ɫ	t͡séː	
klìkati	slovene	klícati	klìːt͡sati	
sněgъ	slovene	snẹ̑g	snéːk	
xvoja	slovene	hǫ̑ja	xóːja	
nogъtь	slovene	nọ̑hǝt	nóːxǝt	
mèčь	slovene	mèč	mɛ̀ːt͡ʃ	
kotъ	slovene	kòt	kɔ́t	
velkti	slovene	vlẹ́či	ʋlèːt͡ʃi	
merti	slovene	mrẹ́ti	mrèːti	
godъ	slovene	gọ̑d	ɡóːt	
mьrknǫti	slovene	mŕkniti	mə̀rkniti	
kobьcь	slovene	kóbǝc	kɔ̀ːbət͡s	
červьje	slovene	črẹ́vje	t͡ʃrèːʋjɛ	
sluti	slovene	slúti	slùːti	
bràtьja	slovene	brȃtja	bráːtja	
dȅvętь	slovene	devę̑t	dɛʋéːt	
bȏgъ	slovene	bọ̑g	bóːk	
pòlmy	slovene	plámen	plàːmɛn	
motati	slovene	motáti	mɔtàːti	
osìna	slovene	jesíka	jɛsìːka	
kǫsati	slovene	kosáti	kɔsàːti	
ězda	slovene	jẹ́zda	jèːzda	
pȏtъ	slovene	pọ̑t	póːt	
polъ	slovene	pọ̑l	póːl	
nicati	slovene	níkati	nìːkati	
pazduxa	slovene	pȃzduha	páːzduxa	
rovъ	slovene	ròv	rə́ʋ	
lęcati	slovene	lę́cati	lèːt͡sati	
studìti	slovene	stúditi	stùːditi	
vьčera	slovene	včę́ra	ʋt͡ʃè̝ːra	
ot	slovene	òd	ɔ́t	
čьrstvъ	slovene	čvȓst	t͡ʃʋə́rst	
metàti	slovene	métati	mɛ̀ːtati	
krьnica	slovene	krníca	krnìːt͡sa	
stьdzà	slovene	stǝzà	stəzá	
voldati	slovene	vládati	ʋlàːdati	
grǫdъ	slovene	grúda	ɡrùːda	
čemerъ	slovene	čemę́r	t͡ʃɛmè̝ːr	
bordatъ	slovene	bradàt	bradát	
plesti	slovene	plésti	plɛ̀ːsti	
cěvьnica	slovene	cẹ̑vnica	t͡séːʋnit͡sa	
na	slovene	nà	ná	
brestì	slovene	brésti	brɛ̀ːsti	
ȅzerъ	slovene	ję̑zerọ	jóːzɛro	
gàdъ	slovene	gàd	ɡàːt	
sȗxъ	slovene	sȗh	súːx	
strьžь	slovene	stȓž	stə́rʃ	
kydati	slovene	kídati	kìːdati	
sъporъ	slovene	spòr	spə̀r	
dupę	slovene	dúpa	dùːpa	
tỳsęti	slovene	tisǫ́ča	tisò̝ːt͡ʃa	
kòrva	slovene	kráva	kràːʋa	
pьkъlo	slovene	pǝkǝ̀ɫ	pək	
vesnà	slovene	vẹ̑sna	ʋéːsna	
r̨uti	slovene	rjúti	ərjùːti	
čermъšь	slovene	črę̑mha	t͡ʃré̝ːmxa	
elъkъ	slovene	jérǝk	jɛ̀ːrǝk	
studènъ	slovene	studèn	studɛ̀n	
akъjь	slovene	jȃk	jáːk	
dъvogubьnъ	slovene	dvogùb	dʋɔɡɔ́p	
grubъ	slovene	grǫ̑b	ɡróːp	
krotiti	slovene	krotíti	krɔtìːti	
družìna	slovene	družína	druʒìːna	
mьrznǫti	slovene	mŕzniti	mə̀rzniti	
kl̨ùka	slovene	kljúka	kljùːka	
věja	slovene	vẹ̑ja	ʋéːja	
luska	slovene	lȗska	lúːska	
dojìti	slovene	dojíti	dɔjìːti	
mỳdlo	slovene	mílọ	mìːlo	
čelověkъ	slovene	člóvẹk	t͡ʃlɔ̀ːʋek	
kolo	slovene	kolọ̑	kɔlóː	
blějati	slovene	blẹ́jati	blèːjati	
žerbьjь	slovene	žrȇb	ʒrɛ́ːp	
sestrà	slovene	séstra	sɛ̀ːstra	
gȏstь	slovene	gọ̑st	ɡóːst	
mȏrkъ	slovene	mrȃk	mráːk	
náglъ	slovene	nágǝɫ	nàːgǝʊ	
zęti	slovene	zę́bsti	zèːpsti	
mьrziti	slovene	mŕziti	mə̀rziti	
strigti	slovene	stríči	strìːt͡ʃi	
pǫ̀to	slovene	pǫ́tọ	pèːto	
krovъ	slovene	kròv	krɔ́ʋ	
dьrgati	slovene	dŕgati	də̀rɡati	
slỳšati	slovene	slíšati	slìːʃati	
da	slovene	dà	dá	
želza	slovene	žlẹ́za	ʒlèːza	
tędzati	slovene	tę́zati	tè̝ːzati	
bȁsn̨a	slovene	bȃsǝn	báːsǝn	
jьgъlà	slovene	ígla	ìːɡla	
moltiti	slovene	mlátiti	mlàːtiti	
gȏlsъ	slovene	glȃs	ɡláːs	
vesti	slovene	vésti	ʋɛ̀ːsti	
bolniti	slovene	blẹncáti	blent͡sàːti	
xabiti	slovene	hábiti	xàːbiti	
sedъlò	slovene	sédlọ	sɛ̀ːdl	
lemešь	slovene	lémeš	lɛ̀ːmɛʃ	
zȏrkъ	slovene	zrȃk	zráːk	
sъsàti	slovene	sǝsáti	sə́sàːti	
nuditi	slovene	núditi	nùːditi	
brъstь	slovene	br̀st	brəst	
žę̀tva	slovene	žę̑tva	ʒɔtʋa	
strъjь	slovene	stríc	strìːt͡s	
rębь	slovene	rę̑b	ré̝ːp	
lǫčьje	slovene	lǫ̑čje	ló̝ːt͡ʃjɛ	
xromъ	slovene	hròm	xrɛm	
ne	slovene	nè	nɛ́	
korьcь	slovene	kórǝc	kɔ̀ːrǝt͡s	
bràtrъ	slovene	bràt	bràːt	
maniti	slovene	mámiti	màːmiti	
sijàti	slovene	sijáti	sijàːti	
norvъ	slovene	nràv	nràːʋ	
stòlъ	slovene	stòɫ	stóʊ	
òlkomъ	slovene	lákom	làːkɔm	
bьčelà	slovene	bǝčę̑la	b͡ʃt͡ʃéːla	
moždžanъ	slovene	moždȃni	mɔʒdáːni	
obьtjь	slovene	óbči	ɔ̀ːbt͡ʃi	
krǫtiti	slovene	krotiti	krɔtiti	
bìčь	slovene	bìč	bə́t͡ʃ	
kosmъ	slovene	kósǝm	kɔ̀ːs	
mě̑xъ	slovene	mẹ̑h	méːx	
v̀ydra	slovene	vȋdra	ʋíːdra	
pě́stъ	slovene	pẹ́stọ	pèːst	
sь̑rdьce	slovene	srcę̑	srt͡sé̝ː	
sъrěsti	slovene	srẹ́sti	srèːsti	
jьkrà	slovene	íkra	ìːkra	
tatь	slovene	tȃt	táːt	
erębina	slovene	jerebína	jɛrɛbìːna	
čȇrvo	slovene	črẹvọ̑	t͡ʃréːʋóː	
viti	slovene	víti	ʋìːti	
ǫ̑gъlъ	slovene	ǫ̑gǝɫ	ɔɡǝʊ	
pьkъlъ	slovene	pǝkǝ̀ɫ	pək	
brъsati	slovene	bŕkati	bə̀rkati	
žeravь	slovene	žerjàv	ʒɛrjàːʋ	
otverti	slovene	odvrẹ́ti	ɔdʋrèːti	
ěrostь	slovene	jarọ̑st	jaróːst	
eževica	slovene	ježevíca	jɛʒɛʋìːt͡sa	
ę̄drò	slovene	jédrọ	jɛ̀ːdro	
xoditi	slovene	hóditi	xɔ̀ːditi	
grǫ̀da	slovene	grúda	ɡrùːda	
būčàti	slovene	búčat	bùːt͡ʃat	
pjьvàti	slovene	pljuváti	pljuʋàːti	
vь̑lkъ	slovene	vȏɫk	ʋɔ́ːʋk	
lȗbъ	slovene	lȗb	lúːp	
zelènъ	slovene	zelèn	zɛlɛ̀ːn	
golota	slovene	golọ̑ta	ɡɔlóːta	
dàti	slovene	dáti	dàːti	
ežika	slovene	ježíca	jɛʒìːt͡sa	
zьdati	slovene	zídati	zìːdati	
lъgati	slovene	lǝgáti	lɔɡàːti	
stě̀nь	slovene	stẹ́n	stèːn	
gǫgnati	slovene	gognjáti	ɡɔɡnjàːti	
glupъ	slovene	glȗp	ɡlúːp	
teti	slovene	tépsti	tɛ̀ːpsti	
lugъ	slovene	lȗg	lúːk	
ty	slovene	tȋ	tíː	
vertenò	slovene	vrẹténọ	ʋrèːtɛn	
edvà	slovene	jèdva	jɛ̀ːdʋa	
gatati	slovene	gátati	ɡàːtati	
otъ	slovene	òd	ɔ́t	
nòžь	slovene	nòž	nɔ́ʒ	
l̨uby	slovene	ljubȃv	ljubáːʋ	
pozdьnъ	slovene	pózǝn	pɔ̀ːzən	
sęgnǫti	slovene	sę́gniti	sè̝ːɡniti	
sỳpati	slovene	sípati	sìːpati	
zěvati	slovene	zẹ́vati	zèːʋati	
měšъkъ	slovene	mẹ̑h	méːx	
pòrgъ	slovene	pràg	pràːk	
glezno	slovene	glę́žǝnj	ɡlèːʒǝnj	
vьrěti	slovene	vrẹ́ti	ʋrèːti	
ȍlkъtъ	slovene	lakȃt	lakáːt	
zīmà	slovene	zíma	zìːma	
zȏbь	slovene	zǫ̑b	zóːp	
jьkro	slovene	íkra	ìːkra	
sérnъ	slovene	srẹ̑n	sréːn	
moldenьcь	slovene	mladę́nǝc	mladòːn	
tvorъ	slovene	tvọ̑r	tʋóːr	
gnȗsъ	slovene	gnȗs	ɡnúːs	
kǫ̑sъ	slovene	kǫ̑s	kóːs	
vozìti	slovene	vóziti	ʋɔ̀ːziti	
muditi	slovene	mudíti	mudìːti	
groziti	slovene	grozíti	ɡrɔzìːti	
grỳzti	slovene	grísti	ɡrìːsti	
tesla	slovene	tésla	tɛ̀ːsla	
mȏzgъ	slovene	mọ̑zg	móːsk	
mokrъ	slovene	mǫ́kǝr	mèːk	
zelьje	slovene	zę́lje	zèːljɛ	
gȍlǫbь	slovene	golǫ̑b	ɡɔlɔ̀ːb	
xlǫdъ	slovene	hlǫ́d	xlò̝ːt	
lìpa	slovene	lípa	lìːpa	
děl̨a	slovene	dẹ̀lj	délj	
spě̀ti	slovene	spẹ́ti	spèːti	
mùxa	slovene	múha	mùːxa	
orbòta	slovene	rabọ̑ta	rabóːta	
ǫty	slovene	ǫ̑tva	ó̝ːtʋa	
polè̌no	slovene	polẹ́nọ	pɔlèːno	
stàviti	slovene	stáviti	stàːʋiti	
boln̨a	slovene	blánja	blàːnja	
sy̑nъ	slovene	sȋn	síːn	
brìti	slovene	bríti	brìːti	
vě̀jati	slovene	vẹ́ti	ʋèːti	
trǫtъ	slovene	trǫ̑t	tró̝ːt	
lъbъ	slovene	lǝ̀b	lə́b	
vę̀dnǫti	slovene	vę́niti	ʋèːniti	
sěkti	slovene	sẹ́či	sèːt͡ʃi	
ęti	slovene	ję́ti	jèːti	
vȃrъ	slovene	vȃr	ʋáːr	
bridъ	slovene	brȋd	bríːt	
ęčьmy	slovene	jéčmen	jɛ̀ːt͡ʃmɛn	
dętelъ	slovene	dę́tǝɫ	dè̝ːtǝʊ	
žeravъ	slovene	žerȃvica	ʒɛráːʋit͡sa	
čerěnъ	slovene	čerẹ̀n	t͡ʃɛrèːn	
arьmò	slovene	járǝm	jàːr	
mъldni	slovene	móɫnja	mɔ̀ːʊnja	
polšiti	slovene	plášiti	plàːʃiti	
čàdja	slovene	čáj	t͡ʃàːj	
àgnę	slovene	jágnje	jàːɡnjɛ	
stergti	slovene	strẹ́či	strèːt͡ʃi	
glabiti	slovene	glábiti	ɡlàːbiti	
orbiti	slovene	rábiti	ràːbiti	
krȍsno	slovene	krósna	krɔ̀ːsna	
tęgъ	slovene	tę̑g	té̝ːk	
gǫžьva	slovene	gǫ́žva	ɡèːʒʋa	
bytьje	slovene	bítje	bìːtjɛ	
xomǫtъ	slovene	homǫ̑t	xɔmó̝ːt	
pěga	slovene	pẹ́ga	pèːɡa	
ložìti	slovene	lóžiti	lɔ̀ːʒiti	
tьla	slovene	tlà	tlá	
poltьnò	slovene	plátnọ	plàːtno	
topìti	slovene	topíti	tɔpìːti	
cě̄nìti	slovene	cẹ́niti	t͡sèːniti	
oràti	slovene	oráti	ɔràːti	
kùpъ	slovene	kùp	kúp	
dunǫti	slovene	dúniti	dùːniti	
dajati	slovene	dajáti	dajàːti	
męti	slovene	mę́ti	mèːti	
elbedь	slovene	labǫ́d	labò̝ːt	
bìdlo	slovene	bílọ	bìːlo	
motriti	slovene	mótriti	mɔ̀ːtriti	
sъ	slovene	s(ǝ̀)	s	
mьgà	slovene	mǝglà	məɡlá	
bǫbьnъ	slovene	bǫ̑bǝn	bóːbən	
mьglà	slovene	mǝglà	məɡlá	
dьrnǫti	slovene	dŕgniti	də̀rɡniti	
dyxati	slovene	díhati	dìːxati	
zъly	slovene	zȃɫva	záːʊʋa	
myto	slovene	mítọ	mìːto	
òlkati	slovene	lákati	làːkati	
znojь	slovene	znǫ̑j	znéːj	
glota	slovene	glǫ̑ta	ɡléːta	
lùža	slovene	lúža	lùːʒa	
màkъ	slovene	màk	màːk	
klъcati	slovene	kóɫcati	kɔ̀ːt͡stati	
koprъ	slovene	kópǝr	kɔ̀ːpər	
tъ̀ščьjь	slovene	tǝ̀šč	tə́ʃt͡ʃ	
svě̑tъ	slovene	svę̑t	sʋéːt	
mě̀riti	slovene	mę́riti	mè̝ːriti	
medjà	slovene	méja	mɛ̀ːja	
luskati	slovene	lúskati	lùːskati	
rǫbìti	slovene	rǫ́biti	rò̝ːbiti	
vòlga	slovene	vlága	ʋlàːɡa	
zeml̨à	slovene	zémlja	zɛ̀ːmlja	
ovьcà	slovene	óvca	ɔ̀ːʋt͡sa	
bol̨ьjь	slovene	bọ̑lji	bóːlji	
gǫ̑sь	slovene	gọ̑s	ɡóːs	
pletjè	slovene	pléče	plɛ̀ːt͡ʃɛ	
lękati	slovene	lę́cati	lèːt͡sati	
kъxnǫti	slovene	kę́hniti	kòːxniti	
pustìti	slovene	pustíti	pustìːti	
pręsti	slovene	prę́sti	prèːsti	
sỳrъ	slovene	sìr	sír	
ajьce	slovene	jájce	jàːjt͡sɛ	
pa	slovene	pò	pɔ́	
trȗpъ	slovene	trȗp	trúːp	
ostь̀nъ	slovene	ǫ́stǝn	ò̝ːstən	
ǫ̀zlъ	slovene	vózǝɫ	ʋɔ̀ːzǝʊ	
lože	slovene	lǫ́že	lèːʒɛ	
sěděti	slovene	sẹdẹ́ti	sedèːti	
globa	slovene	glóba	ɡlɔ̀ːba	
pьzděti	slovene	pǝzdė́ti	pəzdìːti	
ǫ̀glь	slovene	ǫ̑gǝɫ	ɔɡǝʊ	
krotъkъ	slovene	krótǝk	krɔ̀ːtǝk	
dolъ	slovene	dọ̑ɫ	dóːʊ	
àsъtrě̄bъ	slovene	jȃstreb	jáːstrɛp	
kǫtja	slovene	kǫ́ča	kèːt͡ʃa	
xorna	slovene	hrána	xràːna	
čérdъ	slovene	črẹ́da	t͡ʃrèːda	
vermę	slovene	vréme	ʋrɛ̀ːmɛ	
vȏrgъ	slovene	vrȃg	ʋráːk	
košer̨a	slovene	košȃra	kɔʃáːra	
gъnǫti	slovene	gǝníti	ɡǝnìːti	
bàjati	slovene	bájati	bàːjati	
gnusьnъ	slovene	gnúsǝn	ɡnùːsən	
kvȃsъ	slovene	kvȃs	kʋáːs	
kutiti	slovene	kutiti se	kutiti sɛsɛ	
materьnъ	slovene	matǫ́rǝn	matòːrǝn	
vergti	slovene	vrẹ́či	ʋrèːt͡ʃi	
pь̀rstъ	slovene	pȓst	pə́rst	
polìca	slovene	políca	pɔlìːt͡sa	
čìstiti	slovene	čístiti	t͡ʃìːstiti	
puxnǫti	slovene	púhniti	pùːxniti	
pǫpъ	slovene	pǫ̑p	pó̝ːp	
žarъ	slovene	žȃr	ʒáːr	
kòža	slovene	kǫ́ža	kèːʒa	
čьrvь	slovene	čȓv	t͡ʃə́rʋ	
osьla	slovene	ósla	ɔ̀ːsla	
desętъ	slovene	desę́ti	dɛsèːti	
kazati	slovene	kázati	kàːzati	
migati	slovene	mígati	mìːɡati	
basnь	slovene	bȃsǝn	báːsǝn	
sǫditi	slovene	sǫ́diti	sèːditi	
bỳti	slovene	bíti	bìːti	
dȗxъ	slovene	dȗh	dúːx	
trāvà	slovene	tráva	tràːʋa	
klikъ	slovene	klȋk	klíːk	
cě̄lìti	slovene	cẹ́liti	t͡sèːliti	
ȇ̌dъ	slovene	jâd	jɛd	
ěxati	slovene	jȃhati	jáːxati	
osь̀lъ	slovene	ósǝɫ	ɔ̀ːsǝʊ	
slȍvo	slovene	slovọ̑	slɔʋóː	
pȏlzъ	slovene	plȃz	pláːs	
morvi	slovene	mrȃv	mráːʋ	
voliti	slovene	vóliti	ʋɔ̀ːliti	
glìna	slovene	glína	ɡlìːna	
čersъ	slovene	črẹ̀z	t͡ʃrèːs	
plěsnь	slovene	plẹ̑sǝn	pléːsǝn	
kogъda	slovene	kǝdá	kàːd	
toliti	slovene	tóliti	tɔ̀ːliti	
puxati	slovene	púhati	pùːxati	
l̨ȗdъ	slovene	ljȗd	ljúːt	
per	slovene	pre-	prɛ-	
jesìka	slovene	jesíka	jɛsìːka	
gъrbъ	slovene	gȓb	ɡə́rp	
prǫglo	slovene	prǫ́glọ	prò̝ːɡlo	
esètra	slovene	jesētǝr	jɛsɛ̀ːtər	
kъde	slovene	kjẹ́	kjèː	
žezlъ	slovene	žę́zlọ	ʒèːzlo	
remy	slovene	rémen	rɛ̀ːmɛn	
