a	russian	a	a		IN_WIKTIONARY
ajьce	russian	jajcó	jɪjˈt͡so	(j)ɪjˈt͡so	DIFFERENT
aviti	russian	javítʹ	jɪˈvʲitʲ	(j)ɪˈvʲitʲ	DIFFERENT
azъ	russian	ja	[ˈja]		CORRECTED
aščerъ	russian	jáščer	ˈjæɕːɪr	ˈjæɕːɪr	SAME
àgnьcь	russian	ágnecʹ	ˈaɡnʲɪt͡s	ˈaɡnʲɪt͡s	SAME
àma	russian	jáma	ˈjamə	ˈjamə	SAME
ȁgoda	russian	jágoda	[ˈjaɡədə]		CORRECTED
badlovati	russian	balovátʹ	[bəɫɐˈvatʲ]		CORRECTED
bagno	russian	bagnó	bɐɡˈno	bɐɡˈno	SAME
bàjati	russian	bajati	bajɪtʲɪ	bə(j)ɪtʲi	DIFFERENT
bàviti	russian	bávitʹ	ˈbavʲɪtʲ	ˈbavʲɪtʲ	SAME
bȁba	russian	bába	ˈbabə	ˈbabə	SAME
bergtì	russian	beréč́	bʲɪˈrʲet͡ɕ	bʲɪˈrʲet͡ɕ	SAME
berstъ	russian	bérest	ˈbʲerʲɪst	ˈbʲerʲɪst	SAME
bez	russian	bez	[ˈbʲes]		CORRECTED
bezъ	russian	bez	[ˈbʲes]		CORRECTED
bèrdjь	russian	beréžaja	bʲɪˈrʲeʐəjə	bʲɪˈrʲeʐəjə	SAME
bèrmę	russian	berémja	bʲɪˈrʲemʲə	bʲɪˈrʲemʲə	SAME
bèrza	russian	berjóza	bʲɪˈrʲɵzə		IN_WIKTIONARY
běžàti	russian	bežátʹ	[bʲɪˈʐatʲ]		CORRECTED
bě̀gati	russian	bégatʹ	ˈbʲeɡətʲ		IN_WIKTIONARY
belъjь	russian	bélyj	ˈbʲelɨj	ˈbʲelɨj	SAME
bě̄dà	russian	bedá	bʲɪˈda	bʲɪˈda	SAME
bě̄dìti	russian	bedítʹ	bʲɪˈdʲitʲ	bʲɪˈdʲitʲ	SAME
bě̑sъ	russian	bes	[ˈbʲes]		CORRECTED
bȇrgъ	russian	béreg	[ˈbʲerʲɪk]		CORRECTED
bìdlo	russian	bílo	ˈbʲilə	ˈbʲilə	SAME
bìti	russian	bitʹ	[ˈbʲitʲ]		CORRECTED
bìtva	russian	bítva	ˈbʲitvə	ˈbʲitvə	SAME
bìčь	russian	bičʹ	ˈbʲit͡ɕ	bʲɪt͡ɕ	DIFFERENT
blějati	russian	bléjatʹ	ˈblʲejɪtʲ	ˈblʲe(j)ɪtʲ	DIFFERENT
bledъjь	russian	bledój	blʲɪˈdoj	blʲɪˈdoj	SAME
blě̑skъ	russian	blesk	blʲesk		IN_WIKTIONARY
blędь	russian	bljadʹ	blʲatʲ	blʲɪdʲ	DIFFERENT
blǭdìti	russian	bludítʹ	blʊˈdʲitʲ	blʊˈdʲitʲ	SAME
blǫ̑dъ	russian	blud	blut		IN_WIKTIONARY
bl̨ustì	russian	bljustí	blʲʉˈsʲtʲi	blʲʉˈsʲtʲi	SAME
bl̨ьvàti	russian	blevátʹ	blʲɪˈvatʲ	blʲɪˈvatʲ	SAME
blъxà	russian	bloxá	blɐˈxa	blɐˈxa	SAME
blьknǫti	russian	bljóknutʹ	ˈblʲɵknʊtʲ	ˈblʲɵknʊtʲ	SAME
bo	russian	bo	ˈbo	bo	DIFFERENT
bodàti	russian	bodátʹ	bɐˈdatʲ	bɐˈdatʲ	SAME
bogatъjь	russian	bogátyj	bɐˈɡatɨj	bɐˈɡatɨj	SAME
bojati sę	russian	bojatʹsja	ˈbojɪt͡sʲsʲə	bə(j)ɪt͡ssʲa	DIFFERENT
bojaznь	russian	bojáznʹ	bɐˈjæzʲnʲ	bɐˈjæzʲnʲ	SAME
bojь	russian	boj	boj		IN_WIKTIONARY
bolěti	russian	bolétʹ	bɐˈlʲetʲ	bɐˈlʲetʲ	SAME
bolnьje	russian	balónʹe	bɐˈlonʲje	bɐˈlonʲ⁽ʲ⁾e	DIFFERENT
bolzьno	russian	bólozno	ˈboləznə	ˈboləznə	SAME
bol̨e	russian	bólee	ˈbolʲɪje	ˈbolʲɪ	DIFFERENT
bol̨eje	russian	bólee	ˈbolʲɪje	ˈbolʲɪ	DIFFERENT
bolьjьjь	russian	bólʹšij	ˈbolʲʂɨj	ˈbolʲʂɨj	SAME
bordatъjь	russian	borodátyj	bərɐˈdatɨj	bərɐˈdatɨj	SAME
bordà	russian	borodá	bərɐˈda	bərɐˈda	SAME
borna	russian	boroná	[bərɐˈna]		CORRECTED
borzdà	russian	borozdá	bərɐzˈda	bərɐzˈda	SAME
bostì	russian	bostʹ	ˈbosʲtʲ	bosʲtʲ	DIFFERENT
bòlna	russian	boloná	bəlɐˈna	bəlɐˈna	SAME
bòlto	russian	bolóto	bɐˈlotə	bɐˈlotə	SAME
bòrti	russian	borótʹ	bɐˈrotʲ	bɐˈrotʲ	SAME
bȍršьno	russian	bórošno	ˈborəʂnə	ˈborəʂnə	SAME
bȏgъ	russian	bog	bok	bok	SAME
bȏlgo	russian	bólogo	ˈboləɡə	ˈboləɡə	SAME
bȏlь	russian	bolʹ	[ˈbolʲ]		CORRECTED
bȏrnь	russian	bóronʹ	ˈborənʲ	ˈborənʲ	SAME
bȏrvъ	russian	bórov	ˈborəf	ˈborəf	SAME
bȏrъ	russian	bor	ˈbor	bor	DIFFERENT
bosъjь	russian	bosój	bɐˈsoj	bɐˈsoj	SAME
bǫbьniti	russian	bubnítʹ	bʊbˈnʲitʲ	bʊbˈnʲitʲ	SAME
bǫbьnъ	russian	búben	[ˈbubʲɪn]		CORRECTED
brediti	russian	bréditʹ	ˈbrʲedʲɪtʲ	ˈbrʲedʲɪtʲ	SAME
brestì	russian	brestí	brʲɪˈsʲtʲi		IN_WIKTIONARY
brězgъ	russian	brezg	brʲesk	brʲɪzk	DIFFERENT
bręždžati	russian	brjazžátʹ	brʲɪˈʐːatʲ	brʲɪˈʐːatʲ	SAME
brę̀knǫti	russian	brjáknutʹ	ˈbrʲaknʊtʲ	ˈbrʲaknʊtʲ	SAME
bridъkъjь	russian	brídkij	ˈbrʲitkʲɪj	ˈbrʲitkʲɪj	SAME
brìti	russian	britʹ	ˈbrʲitʲ	brʲitʲ	DIFFERENT
brìtva	russian	brítva	ˈbrʲitvə		IN_WIKTIONARY
brodìti	russian	brodítʹ	brɐˈdʲitʲ		IN_WIKTIONARY
brȏdъ	russian	brod	ˈbrot	brot	DIFFERENT
brusьnica	russian	brusníka	brʊsʲˈnʲikə	brʊsʲˈnʲikə	SAME
bry	russian	brovʹ	ˈbrofʲ	brofʲ	DIFFERENT
brъstь	russian	brostʹ	[ˈbrosʲtʲ]		CORRECTED
brьvъnò	russian	brevnó	brʲɪvˈno	brʲɪvˈno	SAME
bujьnъjь	russian	bújny	ˈbujnɨ	ˈbujnɨ	SAME
bùr̨a	russian	búrja	ˈburʲə		IN_WIKTIONARY
bydlo	russian	býdlo	ˈbɨdlə	ˈbɨdlə	SAME
bylьje	russian	bylʹjó	bɨˈlʲjɵ	bɨˈlʲjɵ	SAME
bytьje	russian	bytʹjó	bɨˈtʲjɵ	bɨˈtʲjɵ	SAME
byvati	russian	byvátʹ	bɨˈvatʲ	bɨˈvatʲ	SAME
bystrъjь	russian	býstryj	ˈbɨstrɨi̯	ˈbɨstrɨj	DIFFERENT
bỳti	russian	bytʹ	ˈbɨtʲ	bɨtʲ	DIFFERENT
būdìti	russian	budítʹ	bʊˈdʲitʲ	bʊˈdʲitʲ	SAME
būčàti	russian	bučátʹ	bʊˈt͡ɕætʲ	bʊˈt͡ɕætʲ	SAME
bъděti	russian	bdetʹ	ˈbdʲetʲ	bdʲɪtʲ	DIFFERENT
bъrzjь	russian	bórzyj	[ˈborzɨi̯]		CORRECTED
bьrati	russian	bratʹ	ˈbratʲ	bratʲ	DIFFERENT
bьčelà	russian	pčeĺa	pt͡ɕeˈla	pt͡ɕenə	DIFFERENT
cělovàti	russian	celovátʹ	t͡sɨlɐˈvatʲ	t͡sɨlɐˈvatʲ	SAME
cě̄dìti	russian	cedítʹ	t͡sɨˈdʲitʲ	t͡sɨˈdʲitʲ	SAME
cě̄lìti	russian	celítʹ	[t͡sɨˈlʲitʲ]		CORRECTED
cě̄nà	russian	cená	t͡sɨˈna	t͡sɨˈna	SAME
cě̄nìti	russian	cenítʹ	[t͡sɨˈnʲitʲ]		CORRECTED
cě̄và	russian	cévka	ˈt͡sɛfkə		IN_WIKTIONARY
celъjь	russian	célyj	[ˈt͡sɛɫɨi̯]		CORRECTED
cě̑vь	russian	kevʹ	kʲefʲ	kʲɪfʲ	DIFFERENT
dalekъjь	russian	daljókij	dɐˈlʲɵkʲɪj	dɐˈlʲɵkʲɪj	SAME
datelь	russian	dátelʹ	ˈdatʲɪlʲ	ˈdatʲɪlʲ	SAME
davě	russian	dáveča	ˈdavʲɪt͡ɕə		IN_WIKTIONARY
davьnъjь	russian	dávnij	ˈdavnʲɪj	ˈdavnʲɪj	SAME
dàti	russian	datʹ	datʲ	datʲ	SAME
dȃnь	russian	danʹ	danʲ	danʲ	SAME
dȃrъ	russian	dar	dar	dar	SAME
debelъjь	russian	debélyj	dʲɪˈbʲelɨi̯	dʲɪˈbʲelɨj	DIFFERENT
degъtь	russian	djógotʹ	[ˈdʲɵɡətʲ]		CORRECTED
desetъjь	russian	desjátyj	dʲɪˈsʲatɨi̯	dʲɪˈsʲatɨj	DIFFERENT
devetъjь	russian	devjátyj	[dʲɪˈvʲatɨi̯]		CORRECTED
dérnъ	russian	derjón	dʲɪˈrʲɵn	dʲɪˈrʲɵn	SAME
dē̌žà	russian	dežá	dʲɪˈʐa	dʲɪˈʐa	SAME
dělati	russian	délatʹ	ˈdʲelətʲ	ˈdʲelətʲ	SAME
děliti	russian	delítʹ	dʲɪˈlʲitʲ	dʲɪˈlʲitʲ	SAME
dětę	russian	ditjá	dʲɪˈtʲa		IN_WIKTIONARY
děti	russian	déti	ˈdʲetʲɪ
děvìca	russian	devíca	dʲɪˈvʲit͡sə	dʲɪˈvʲit͡sə	SAME
dě̀dъ	russian	ded	dʲet	dʲet	SAME
dě̀lo	russian	délo	ˈdʲelə	ˈdʲelə	SAME
dě̀va	russian	déva	ˈdʲevə	ˈdʲevə	SAME
dě̀verь	russian	déverʹ	ˈdʲevʲɪrʲ		IN_WIKTIONARY
dě́lъ	russian	del	dʲel	dʲel	SAME
dȅsętь	russian	désjatʹ	[ˈdʲesʲɪtʲ]		CORRECTED
dȅvętь	russian	dévjatʹ	ˈdʲevʲɪtʲ	ˈdʲevʲɪtʲ	SAME
dȇrvo	russian	dérevo	ˈdʲerʲɪvə	ˈdʲerʲɪvə	SAME
deglъjь	russian	djáglyj	ˈdʲaɡlɨi̯	ˈdʲaɡlɨj	DIFFERENT
dęglь	russian	djágilʹ	ˈdʲæɡʲɪlʲ	ˈdʲæɡʲɪlʲ	SAME
dętelъ	russian	djátel	ˈdʲætʲɪl		IN_WIKTIONARY
dikъjь	russian	díkij	ˈdʲikʲɪj	ˈdʲikʲɪj	SAME
divъ	russian	div	dʲif	dʲɪf	DIFFERENT
divьnъjь	russian	dívnyj	ˈdʲivnɨj	ˈdʲivnɨj	SAME
dȋvo	russian	dívo	ˈdʲivə	ˈdʲivə	SAME
do	russian	do	do	do	SAME
doba	russian	dóba	ˈdobə	ˈdobə	SAME
doblьjь	russian	dóblij	ˈdoblʲɪj	ˈdoblʲɪj	SAME
dobrъjь	russian	dóbryj	ˈdobrɨi̯	ˈdobrɨj	DIFFERENT
dojidlo	russian	dójlo	ˈdojlə	ˈdojlə	SAME
dojìti	russian	doítʹ	dɐˈitʲ	dɐˈitʲ	SAME
doltò	russian	dolotó	dəlɐˈto	dəlɐˈto	SAME
dolъ	russian	dol	dol	dol	SAME
domovъjь	russian	domóvyj	dɐˈmovɨj	dɐˈmovɨj	SAME
dovьlěti	russian	dovlétʹ	dɐˈvlʲetʲ	dɐˈvlʲetʲ	SAME
dòlnь	russian	ladónʹ	lɐˈdonʲ	lɐˈdonʲ	SAME
dòl̨a	russian	dólja	ˈdolʲə	ˈdolʲə	SAME
dòrga	russian	doróga	dɐˈroɡə	dɐˈroɡə	SAME
dȍma	russian	dóma	ˈdomə	ˈdomə	SAME
dȏmъ	russian	dom	dom	dom	SAME
dorgъjь	russian	dorogój	dərɐˈɡoj	dərɐˈɡoj	SAME
dǫ̀ti	russian	dutʹ	ˈdutʲ	dutʲ	DIFFERENT
dǭgà	russian	dugá	[dʊˈɡa]		CORRECTED
dǫ̑bъ	russian	dub	dup	dup	SAME
drebězgъ	russian	drébezg	ˈdrʲebʲɪsk	ˈdrʲebʲɪzk	DIFFERENT
drě̄màti	russian	dremátʹ	drʲɪˈmatʲ	drʲɪˈmatʲ	SAME
drobà	russian	drobína	drɐˈbʲinə	drɐˈbʲinə	SAME
drobìna	russian	drobína	drɐˈbʲinə	drɐˈbʲinə	SAME
drobìti	russian	drobítʹ	drɐˈbʲitʲ	drɐˈbʲitʲ	SAME
drobъ	russian	drob	drop
drobь	russian	drobʹ	dropʲ		IN_WIKTIONARY
drobьnъjь	russian	dróbnyj	ˈdrobnɨj	ˈdrobnɨj	SAME
droga	russian	drogá	drɐˈɡa	drɐˈɡa	SAME
drozdъ	russian	čjórnyj d.	ˈt͡ɕɵrnɨj t
dročiti	russian	dročítʹ	drɐˈt͡ɕitʲ		IN_WIKTIONARY
drǫ́kъ	russian	druk	[ˈdruk]		CORRECTED
družìna	russian	družína	drʊˈʐɨnə	drʊˈʐɨnə	SAME
drȗgъ	russian	drug	druk	druk	SAME
drāpàti	russian	drápatʹ	ˈdrapətʲ	ˈdrapətʲ	SAME
drāžìti	russian	drážitʹ	ˈdraʐɨtʲ	ˈdraʐɨtʲ	SAME
drъgati	russian	drógatʹ	ˈdroɡətʲ	ˈdroɡətʲ	SAME
drъžati	russian	drožátʹ	drɐˈʐatʲ		IN_WIKTIONARY
drъžь	russian	drožʹ	droʂ	droʂ	SAME
drъ̏vo	russian	drová	drɐˈva	drɐˈva	SAME
dunǫti	russian	dúnutʹ	ˈdunʊtʲ	ˈdunʊtʲ	SAME
duplò	russian	dupló	dʊˈplo	dʊˈplo	SAME
dupl̨a	russian	dupljá	dʊˈplʲa	dʊˈplʲa	SAME
durь	russian	durʹ	durʲ	dʊrʲ	DIFFERENT
durьnъjь	russian	durnój	[dʊrˈnoi̯]		CORRECTED
dužьjь	russian	djúžij	ˈdʲuʐɨj	ˈdʲuʐɨj	SAME
dȗxъ	russian	dux	dux	dux	SAME
dva	russian	dva	dva	dva	SAME
dvojь	russian	dvóe	ˈdvojɪ	ˈdvoe	DIFFERENT
dvoxati	russian	dvóxatʹ	ˈdvoxətʲ	ˈdvoxətʲ	SAME
dvòrъ	russian	dvor	dvor		IN_WIKTIONARY
dvьrь	russian	dverʹ	dvʲerʲ	dvʲerʲ	SAME
dỳmъ	russian	dym	dɨm	dɨm	SAME
dzělo	russian	zeló	zʲɪˈlo	zʲɪˈlo	SAME
dāvàti	russian	davátʹ	dɐˈvatʲ	dɐˈvatʲ	SAME
dāvìti	russian	davítʹ	dɐˈvʲitʲ		IN_WIKTIONARY
dīvìti sę	russian	divítʹsja	[dʲɪˈvʲit͡sːə]		CORRECTED
dūrìti	russian	durítʹ	dʊˈrʲitʲ	dʊˈrʲitʲ	SAME
dūšà	russian	dušá	dʊˈʂa	dʊˈʂa	SAME
dъkti	russian	dočʹ	dot͡ɕ	dot͡ɕ	SAME
dъnò	russian	dno	dno	dno	SAME
dъva	russian	dva	dva	dva	SAME
dъvojь	russian	dvóe	ˈdvojɪ	ˈdvoe	DIFFERENT
dъxnǫti	russian	doxnútʹ	dɐxˈnutʲ	dɐxˈnutʲ	SAME
dъxъ	russian	dox	dox	dox	SAME
dъždžь	russian	doždʹ	doʂtʲ	doʐdʲ	DIFFERENT
dъ̑lgъ	russian	dolg	dolk		IN_WIKTIONARY
dьbrь	russian	débri	ˈdʲebrʲɪ	ˈdʲebrʲɪ	SAME
dьlbiti	russian	dolbíti	dɐlˈbʲitʲɪ	dɐlˈbʲitʲɪ	SAME
dьlgotà	russian	dolgotá	dəlɡɐˈta	dəlɡɐˈta	SAME
dьliti sę	russian	dlítʹsja	ˈdlʲit͡sːə	ˈdlʲit͡sːə	SAME
dьlti	russian	dolbíti	dɐlˈbʲitʲɪ	dɐlˈbʲitʲɪ	SAME
dьnьsь	russian	dnesʹ	dʲnʲesʲ	dʲnʲɪsʲ	DIFFERENT
dьrati	russian	dratʹ	ˈdratʲ	dratʲ	DIFFERENT
dьrba	russian	derbá	dʲɪrˈba	dʲɪrˈba	SAME
dьrgati	russian	djórgatʹ	ˈdʲɵrɡətʲ	ˈdʲɵrɡətʲ	SAME
dьrnǫti	russian	djórnutʹ	ˈdʲɵrnʊtʲ	ˈdʲɵrnʊtʲ	SAME
dьrvьn̨a	russian	derévnja	dʲɪˈrʲevnʲə	dʲɪˈrʲevnʲə	SAME
dьrzati	russian	derzátʹ	dʲɪrˈzatʲ	dʲɪrˈzatʲ	SAME
dьrznǫti	russian	derznútʹ	dʲɪrzˈnutʲ	dʲɪrzˈnutʲ	SAME
dьrzъjь	russian	dérzyj	ˈdʲerzɨi̯	ˈdʲerzɨj	DIFFERENT
dьrzъkъjь	russian	dérzkij	[ˈdʲerskʲɪi̯]		CORRECTED
dьržati	russian	deržátʹ	dʲɪrˈʐatʲ		IN_WIKTIONARY
dьlgъjь	russian	dólgij	ˈdolɡʲɪj	ˈdolɡʲɪj	SAME
dь̑nь	russian	denʹ	dʲenʲ	dʲɪnʲ	DIFFERENT
elьcь	russian	eléc	ɪˈlʲet͡s	ɪˈlʲet͡s	SAME
emexъ	russian	ómex	ˈomʲɪx	ˈomʲex	DIFFERENT
ese	russian	vosʹ	vosʲ
esetь	russian	osétʹ	ɐˈsʲetʲ	ɐˈsʲetʲ	SAME
estь	russian	estʹ	ɛsʲtʲ	ɪsʲtʲ	DIFFERENT
eto	russian	ė́to	[ˈɛtə]		CORRECTED
evìnъ	russian	ovín	ɐˈvʲin	ɐˈvʲin	SAME
ešče	russian	eščjó	ɪˈɕːɵ	ɪˈɕːɵ	SAME
ežina	russian	ožína	ɐˈʐɨnə	ɐˈʐɨnə	SAME
ežь	russian	jóž	ˈjɵʂ	ˈjɵʂ	SAME
ěrostь	russian	járostʹ	ˈjarəsʲtʲ	ˈjarəsʲtʲ	SAME
ěrьcь	russian	jaréc	jɪˈrʲet͡s	(j)ɪˈrʲet͡s	DIFFERENT
ěsti	russian	éstʹ	ˈɛsʲtʲ	ˈɛsʲtʲ	SAME
ěxati	russian	éxatʹ	ˈɛxətʲ	ˈɛxətʲ	SAME
ězda	russian	ezdá	ɪzˈda	ɪzˈda	SAME
esnъjь	russian	jásny	ˈjasnɨ	ˈjasnɨ	SAME
ě̀to	russian	jat	ˈjat	(j)at	DIFFERENT
ě̀zva	russian	jázva	ˈjazvə	ˈjazvə	SAME
ě̑dь	russian	jadʹ	jætʲ	(j)ɪdʲ	DIFFERENT
erъjь	russian	járyj	ˈjarɨj	ˈjarɨj	SAME
ȅsenь	russian	esenь	ˈɛsʲɪnʲ
ȇ̌dъ	russian	jad	jat	jat	SAME
ęti	russian	jatʹ	ˈjatʲ	(j)ɪtʲ	DIFFERENT
ętry	russian	játrovʹ	ˈjatrəfʲ	ˈjatrəfʲ	SAME
ęzỳkъ	russian	jazýk	jɪˈzɨk	(j)ɪˈzɨk	DIFFERENT
ęčati	russian	jačátʹ	jɪˈt͡ɕætʲ	(j)ɪˈt͡ɕætʲ	DIFFERENT
ęčьmy	russian	jačménʹ	jɪt͡ɕˈmʲenʲ	(j)ɪt͡ɕˈmʲenʲ	DIFFERENT
gadati	russian	gadátʹ	ɡɐˈdatʲ	ɡɐˈdatʲ	SAME
gaditi	russian	gáditʹ	[ˈɡadʲɪtʲ]		CORRECTED
gajati	russian	gájatʹ	ˈɡajɪtʲ	ˈɡa(j)ɪtʲ	DIFFERENT
gasnǫti	russian	gásnutʹ	ˈɡasnʊtʲ		IN_WIKTIONARY
gàdъ	russian	gad	ɡat	ɡat	SAME
glazъ	russian	glaz	ɡlas	ɡlas	SAME
gladъkъjь	russian	gládkij	ˈɡlatkʲɪj	ˈɡlatkʲɪj	SAME
glę̀dati	russian	gljádatʹ	ˈɡlʲadətʲ	ˈɡlʲadətʲ	SAME
ględěti	russian	gljadétʹ	ɡlʲɪˈdʲetʲ		IN_WIKTIONARY
glìna	russian	glína	ˈɡlʲinə	ˈɡlʲinə	SAME
glìva	russian	glíva	ˈɡlʲivə	ˈɡlʲivə	SAME
globa	russian	globá	ɡlɐˈba	ɡlɐˈba	SAME
globìti sę	russian	globitʹsja	ˈɡlobʲɪt͡sə	ɡlobʲɪt͡sə	DIFFERENT
glògъ	russian	glog	ɡlok	ɡlok	SAME
globokъjь	russian	glubókij	ɡlʊˈbokʲɪj	ɡlʊˈbokʲɪj	SAME
glumiti sę	russian	glumitʹsja	ˈɡlumʲɪt͡sə	ɡlumʲɪt͡sə	DIFFERENT
glupъjь	russian	glúpyj	ˈɡlupɨj	ˈɡlupɨj	SAME
gluxъjь	russian	gluxój	ɡlʊˈxoj		IN_WIKTIONARY
glъtati	russian	glotátʹ	ɡlɐˈtatʲ	ɡlɐˈtatʲ	SAME
glьjь	russian	glej	ˈɡlʲej	ɡlʲej	DIFFERENT
gnestì	russian	gnestí	ɡnʲɪˈsʲtʲi	ɡnʲɪˈsʲtʲi	SAME
gně̀vъ	russian	gnev	ɡnʲef	ɡnʲef	SAME
gně̄zdò	russian	gnezdó	ɡnʲɪzˈdo	ɡnʲɪzˈdo	SAME
gnȏjь	russian	gnoj	ˈɡnoj	ɡnoj	DIFFERENT
gnusiti	russian	gnusítʹ	ɡnʊˈsʲitʲ	ɡnʊˈsʲitʲ	SAME
gnusьnъjь	russian	gnúsnyj	ˈɡnusnɨj	ˈɡnusnɨj	SAME
gnȗsъ	russian	gnus	ɡnus	ɡnus	SAME
gnilъjь	russian	gnilój	ɡnʲɪˈloj	ɡnʲɪˈloj	SAME
gńìda	russian	gnída	ˈɡnʲidə	ˈɡnʲidə	SAME
gńìti	russian	gnitʹ	[ˈɡnʲitʲ]		CORRECTED
godina	russian	god	ɡot	ɡot	SAME
goditi	russian	godítʹ	ɡɐˈdʲitʲ	ɡɐˈdʲitʲ	SAME
godъ	russian	god	ɡot	ɡot	SAME
godьnъjь	russian	gódnyj	ˈɡodnɨj	ˈɡodnɨj	SAME
gojiti	russian	góitʹ	ˈɡoɪtʲ	ˈɡoɪtʲ	SAME
golemъjь	russian	goljámyj	ɡɐˈlʲamɨj	ɡɐˈlʲamɨj	SAME
golěnь	russian	gólenʹ	[ˈɡolʲɪnʲ]		CORRECTED
golota	russian	golotá	ɡəlɐˈta	ɡəlɐˈta	SAME
golotь	russian	gólotʹ	ˈɡolətʲ	ˈɡolətʲ	SAME
golobъjь	russian	golubój	ɡəlʊˈboj	ɡəlʊˈboj	SAME
golvà	russian	golová	ɡəlɐˈva	ɡəlɐˈva	SAME
gonìti	russian	gonítʹ	ɡɐˈnʲitʲ	ɡɐˈnʲitʲ	SAME
gorà	russian	gorá	ɡɐˈra	ɡɐˈra	SAME
gorěti	russian	gorétʹ	ɡɐˈrʲetʲ		IN_WIKTIONARY
gorьkъjь	russian	górʹkyj	ˈɡorʲkɨj	ˈɡorkɨj	DIFFERENT
gospodinъ	russian	gospodín	ɡəspɐˈdʲin	ɡəspɐˈdʲin	SAME
gospodь	russian	gospódʹ	ɡɐˈspotʲ	ɡɐˈspotʲ	SAME
gověti	russian	govétʹ	ɡɐˈvʲetʲ	ɡɐˈvʲetʲ	SAME
govę̀do	russian	govjádo	ɡɐˈvʲadə	ɡɐˈvʲadə	SAME
govorìti	russian	govorítʹ	ɡəvɐˈrʲitʲ	ɡəvɐˈrʲitʲ	SAME
govorъ	russian	góvor	ˈɡovər	ˈɡovər	SAME
govьnò	russian	govnó	ɡɐvˈno	ɡɐvˈno	SAME
golъjь	russian	gólyj	[ˈɡolɨj]		CORRECTED
gòrxъ	russian	goróx	ɡɐˈrox	ɡɐˈrox	SAME
gȍlǫbь	russian	gólubь	ˈɡolʊp	ˈɡolʊp	SAME
gȍr̨e	russian	góre	ˈɡorʲe	ˈɡorʲe	SAME
gȏldъ	russian	gólod	ˈɡolət		IN_WIKTIONARY
gȏlsъ	russian	gólos	ˈɡoləs	ˈɡoləs	SAME
gȏrdъ	russian	górod	ˈɡorət	ˈɡorət	SAME
gȏstь	russian	gostʹ	ɡosʲtʲ	ɡosʲtʲ	SAME
gǫgniti	russian	gugníti	ɡʊɡˈnʲitʲɪ	ɡʊɡˈnʲitʲɪ	SAME
gognivъjь	russian	gugnívyj	ɡʊɡˈnʲivɨj	ɡʊɡˈnʲivɨj	SAME
gǫsti	russian	gustʹ	ɡusʲtʲ	ɡusʲtʲ	SAME
gǫžь	russian	guž	ɡuʂ	ɡuʂ	SAME
gǫ̀ba	russian	gubá	ɡʊˈba	ɡʊˈba	SAME
gostъjь	russian	gustój	ɡʊˈstoj	ɡʊˈstoj	SAME
gǫ̑sь	russian	gusʹ	ˈɡusʲ	ɡusʲ	DIFFERENT
grajati	russian	grájatʹ	ˈɡrajɪtʲ	ˈɡra(j)ɪtʲ	DIFFERENT
gràbiti	russian	grábitʹ	ˈɡrabʲɪtʲ	ˈɡrabʲɪtʲ	SAME
gràdъ	russian	grad	ɡrat	ɡrat	SAME
grebenь	russian	grébenʹ	ˈɡrʲebʲɪnʲ	ˈɡrʲebʲɪnʲ	SAME
greti	russian	grestí	[ɡrʲɪˈsʲtʲi]		CORRECTED
grějati	russian	gretʹ		ɡrʲɪtʲ	DIFFERENT
grěti	russian	gretʹ		ɡrʲɪtʲ	DIFFERENT
grě́xъ	russian	grex	ɡrʲex		IN_WIKTIONARY
gręsti	russian	gredut	[]		CORRECTED
grę̄dà	russian	grjadá	ɡrʲɪˈda	ɡrʲɪˈda	SAME
grę̑znǫti	russian	grjáznutʹ	ˈɡrʲaznʊtʲ	ˈɡrʲaznʊtʲ	SAME
grę̑zь	russian	grjazʹ	ɡrʲæsʲ	ɡrʲɪsʲ	DIFFERENT
gribati sę	russian	gríbatʹsja	ˈɡrʲibət͡sə	ˈɡrʲibət͡sə	SAME
grivьna	russian	grívna	ˈɡrʲivnə	ˈɡrʲivnə	SAME
grìva	russian	gríva	ˈɡrʲivə	ˈɡrʲivə	SAME
grobъ	russian	grob	ɡrop	ɡrop	SAME
gromada	russian	gromáda	ɡrɐˈmadə		IN_WIKTIONARY
grozà	russian	grozá	ɡrɐˈza	ɡrɐˈza	SAME
groziti	russian	grozítʹ	ɡrɐˈzʲitʲ	ɡrɐˈzʲitʲ	SAME
grozьnъjь	russian	gróznyj	ˈɡroznɨj	ˈɡroznɨj	SAME
gròzdъ	russian	grozdʹ	ɡrosʲtʲ	ɡrozʲdʲ	DIFFERENT
grȏmъ	russian	grom	[ˈɡrom]		CORRECTED
grǫziti	russian	gruzítʹ	ɡrʊˈzʲitʲ	ɡrʊˈzʲitʲ	SAME
grǫ̑dь	russian	grudʹ	ɡrutʲ	ɡrutʲ	SAME
grustь	russian	grustʹ		ɡrusʲtʲ	DIFFERENT
grỳzti	russian	gryztʹ	ɡrɨsʲtʲ	ɡrɨsʲtʲ	SAME
grъmъ	russian	grom	[ˈɡrom]		CORRECTED
grьměti	russian	gremétʹ	ɡrʲɪˈmʲetʲ		IN_WIKTIONARY
gubìti	russian	gubítʹ	ɡʊˈbʲitʲ	ɡʊˈbʲitʲ	SAME
gumьnò	russian	gumnó	ɡʊˈmno	ɡʊˈmno	SAME
gvě̄zdà	russian	zvezdá	zvʲɪzˈda	zvʲɪzˈda	SAME
gvorъ	russian	góvor	ˈɡovər	ˈɡovər	SAME
gybati	russian	gíbatʹ	ˈɡʲibətʲ	ˈɡʲibətʲ	SAME
gỳnǫti	russian	gíbnutʹ	ˈɡʲibnʊtʲ	ˈɡʲibnʊtʲ	SAME
gāsìti	russian	gasítʹ	ɡɐˈsʲitʲ	ɡɐˈsʲitʲ	SAME
gъnàti	russian	gnatʹ	ˈɡnatʲ	ɡnatʲ	DIFFERENT
gъnǫti	russian	gnutʹ	ɡnutʲ		IN_WIKTIONARY
gъrkati	russian	górkatʹ	ˈɡorkətʲ	ˈɡorkətʲ	SAME
gъrnidlo	russian	gornílo	ɡɐrˈnʲilə	ɡɐrˈnʲilə	SAME
gъ̀rdlo	russian	górlo	ˈɡorlə	ˈɡorlə	SAME
gъrdъjь	russian	górdyj	ˈɡordɨj		IN_WIKTIONARY
gъ̑rstь	russian	gorstь	[ˈɡorsʲtʲ]		CORRECTED
i	russian	i	ˈi	i	DIFFERENT
ju	russian	užé	ʊˈʐɛ	ʊˈʐɛ	SAME
juže	russian	užé	ʊˈʐɛ	ʊˈʐɛ	SAME
jùgъ	russian	jug	juk		IN_WIKTIONARY
junъjь	russian	júnyj	ˈjunɨj	ˈjunɨj	SAME
jūxà	russian	uxá	ʊˈxa	ʊˈxa	SAME
jьgrati	russian	igrátʹ	ɪˈɡratʲ		IN_WIKTIONARY
jьgъlà	russian	iglá	ɪˈɡla	ɪˈɡla	SAME
jьlъ	russian	il	[ˈil]		CORRECTED
jьlьmъ	russian	ílʹm	[ˈilʲm]		CORRECTED
jьmàti	russian	imátʹ	ɪˈmatʲ	ɪˈmatʲ	SAME
jьměti	russian	imétʹ	ɪˈmʲetʲ	ɪˈmʲetʲ	SAME
jьmę	russian	ímja	ˈimʲə	ˈimʲə	SAME
jь̑go	russian	ígo	ˈiɡə	ˈiɡə	SAME
kadìdlo	russian	kadílo	kɐˈdʲilə	kɐˈdʲilə	SAME
kakъ	russian	kakój	kɐˈkoj	kɐˈkoj	SAME
kaliti	russian	kalítʹ	kɐˈlʲitʲ		IN_WIKTIONARY
kamy	russian	kámenʹ	ˈkamʲɪnʲ	ˈkamʲɪnʲ	SAME
kara	russian	kára	[ˈkarə]		CORRECTED
karati	russian	karátʹ	kɐˈratʲ	kɐˈratʲ	SAME
kasati sę	russian	kasátʹsja	kɐˈsat͡sːə	kɐˈsat͡sːə	SAME
kazati	russian	kazátʹ	kɐˈzatʲ		IN_WIKTIONARY
kaziti	russian	kazítʹ	kɐˈzʲitʲ	kɐˈzʲitʲ	SAME
kaznь	russian	kaznʹ	kazʲnʲ	kazʲ	DIFFERENT
kašl̨ati	russian	kášljatʹ	ˈkaʂlʲɪtʲ	ˈkaʂlʲɪtʲ	SAME
kašlь	russian	kášelj	ˈkaʂɨlʲ	ˈkaʂɨlʲ	SAME
kašьl̨ati	russian	kášljatʹ	ˈkaʂlʲɪtʲ	ˈkaʂlʲɪtʲ	SAME
kašьlь	russian	kášelj	ˈkaʂɨlʲ	ˈkaʂɨlʲ	SAME
kàjati sę	russian	kájatʹsja	[ˈka(j)ɪt͡s:ə]		CORRECTED
kȃlъ	russian	kal	kal	kal	SAME
klasti	russian	klastʹ	klasʲtʲ	klasʲtʲ	SAME
klekotati	russian	klekotátʹ	klʲɪkɐˈtatʲ	klʲɪkɐˈtatʲ	SAME
klekotъ	russian	kljókot	ˈklʲɵkət	ˈklʲɵkət	SAME
klekъtati	russian	klektátʹ	klʲɪkˈtatʲ	klʲɪkˈtatʲ	SAME
klějь	russian	klej	[ˈklʲej]		CORRECTED
klětь	russian	kletʹ		klʲetʲ	DIFFERENT
klěšča	russian	kléšči	ˈklʲeɕːɪ		IN_WIKTIONARY
klęčati	russian	kljačetʹ	klʲat͡ɕɪtʲ	klʲæt͡ɕɪtʲ	DIFFERENT
klikъ	russian	klik	ˈklʲik	klʲik	DIFFERENT
klìknǫti	russian	klíknutʹ	ˈklʲiknʊtʲ	ˈklʲiknʊtʲ	SAME
klokotati	russian	klokotátʹ	kləkɐˈtatʲ	kləkɐˈtatʲ	SAME
kl̨ùka	russian	kljuká	klʲʊˈka	klʲʊˈka	SAME
kl̨účь	russian	ključʹ	klʲʉt͡ɕ	klʲʉt͡ɕ	SAME
kobь	russian	kobʹ	kopʲ		IN_WIKTIONARY
kobьcь	russian	kóbec	ˈkobʲɪt͡s		IN_WIKTIONARY
kolě̀no	russian	koléno	kɐˈlʲenə	kɐˈlʲenə	SAME
kolkolъ	russian	kólokol	ˈkoləkəl		IN_WIKTIONARY
kolo	russian	kolesó	[kəlʲɪˈso]		CORRECTED
kolti	russian	kolótʹ	kɐˈlotʲ	kɐˈlotʲ	SAME
koltiti	russian	kolotítʹ	kəlɐˈtʲitʲ	kəlɐˈtʲitʲ	SAME
konъ	russian	kon	kon	kon	SAME
konьcь	russian	konéc	kɐˈnʲet͡s	kɐˈnʲet͡s	SAME
kopa	russian	kopá	kɐˈpa	kɐˈpa	SAME
kopati	russian	kopát	kɐˈpat	kɐˈpat	SAME
koprъ	russian	kopjór	kɐˈpʲɵr	kɐˈpʲɵr	SAME
kopьje	russian	kopʹjó	kɐˈp⁽ʲ⁾jɵ	kɐˈp⁽ʲ⁾jɵ	SAME
korà	russian	korá	kɐˈra	kɐˈra	SAME
korbī	russian	kórobʹja	ˈkorəb⁽ʲ⁾jə	ˈkorəb⁽ʲ⁾jə	SAME
korda	russian	krada	ˈkradə	kradə	DIFFERENT
korenь	russian	kórenʹ	ˈkorʲɪnʲ	ˈkorʲɪnʲ	SAME
korica	russian	koríca	kɐˈrʲit͡sə	kɐˈrʲit͡sə	SAME
korìti	russian	korítʹ	kɐˈrʲitʲ	kɐˈrʲitʲ	SAME
kortъkъjь	russian	korótkij	kɐˈrotkʲɪj	kɐˈrotkʲɪj	SAME
korỳto	russian	korýto	kɐˈrɨtə	kɐˈrɨtə	SAME
korьcь	russian	koréc	kɐˈrʲet͡s	kɐˈrʲet͡s	SAME
kosà	russian	kosá	kɐˈsa	kɐˈsa	SAME
kosmъ	russian	kósmy	ˈkosmɨ	ˈkosmɨ	SAME
kosnǫti sę	russian	kosnútʹsja	[kɐsˈnut͡sːə]		CORRECTED
kotìti sę	russian	kotítʹsja	kɐˈtʲit͡sːə	kɐˈtʲit͡sːə	SAME
kotьcь	russian	kotéc	kɐˈtʲet͡s	kɐˈtʲet͡s	SAME
kovati	russian	kovátʹ	kɐˈvatʲ	kɐˈvatʲ	SAME
kozà	russian	kozá	kɐˈza	kɐˈza	SAME
kozьlъ	russian	kozjól	kɐˈzʲɵl	kɐˈzʲɵl	SAME
kòlda	russian	kolóda	kɐˈlodə	kɐˈlodə	SAME
kòlъ	russian	kol	kol	kol	SAME
kòn̨ь	russian	konʹ	konʲ	konʲ	SAME
kòrsta	russian	korósta	kɐˈrostə	kɐˈrostə	SAME
kòrva	russian	koróva	kɐˈrovə	kɐˈrovə	SAME
kòšь	russian	koš	koʂ	koʂ	SAME
kòža	russian	kóža	ˈkoʐə	ˈkoʐə	SAME
kȏlsъ	russian	kólos	ˈkoləs	ˈkoləs	SAME
kȏstь	russian	kostʹ	kosʲtʲ	kosʲtʲ	SAME
kȏsъ	russian	kos	kos		IN_WIKTIONARY
kǫda	russian	kudá	kʊˈda	kʊˈda	SAME
kǫdě	russian	kudé	[]		CORRECTED
kǫpina	russian	kupiná	kʊpʲɪˈna	kʊpʲɪˈna	SAME
kǫsati	russian	kusátʹ	kʊˈsatʲ	kʊˈsatʲ	SAME
kǫtati	russian	kútatʹ	ˈkutətʲ	ˈkutətʲ	SAME
kǫ́tъ	russian	kut	kut	kut	SAME
kǫ̑sъ	russian	kus	kus	kus	SAME
krajь	russian	kraj	kraj	kraj	SAME
krasà	russian	krasá	[krɐˈsa]		CORRECTED
krasti	russian	krastʹ	krasʲtʲ	krasʲtʲ	SAME
krasьnъjь	russian	krásnyj	ˈkrasnɨj	ˈkrasnɨj	SAME
kremy	russian	kreménʹ	krʲɪˈmʲenʲ	krʲɪˈmʲenʲ	SAME
krečetъ	russian	kréčet	ˈkrʲet͡ɕɪt	ˈkrʲet͡ɕɪt	SAME
krepъkъjь	russian	krépkij	ˈkrʲepkʲɪi̯	ˈkrʲepkʲɪj	DIFFERENT
krě̀slo	russian	kréslo	ˈkrʲeslə		IN_WIKTIONARY
krinica	russian	kriníca	krʲɪˈnʲit͡sə	krʲɪˈnʲit͡sə	SAME
kričati	russian	kričátʹ	[krʲɪˈt͡ɕætʲ]		CORRECTED
krȋkъ	russian	krik	krʲik	krʲik	SAME
krojiti	russian	kroítʹ	krɐˈitʲ	krɐˈitʲ	SAME
kroma	russian	kromá	krɐˈma	krɐˈma	SAME
kromě	russian	króme	ˈkromʲe	ˈkromʲe	SAME
kropiti	russian	kropítʹ	krɐˈpʲitʲ	krɐˈpʲitʲ	SAME
krotiti	russian	krotítʹ	krɐˈtʲitʲ	krɐˈtʲitʲ	SAME
krotъkъjь	russian	krótkij	ˈkrotkʲɪj	ˈkrotkʲɪj	SAME
krovъ	russian	krov	krof	krof	SAME
krȍsno	russian	krósna	ˈkrosnə		IN_WIKTIONARY
kroglъjь	russian	krúglyj	ˈkruɡlɨj	ˈkruɡlɨj	SAME
krǫtiti	russian	krutítʹ	krʊˈtʲitʲ		IN_WIKTIONARY
krotъjь	russian	krutój	krʊˈtoj	krʊˈtoj	SAME
krukъ	russian	kruk	kruk	kruk	SAME
krupьnъjь	russian	krúpnyj	ˈkrupnɨj	ˈkrupnɨj	SAME
kruxъ	russian	krux	krux	krux	SAME
kry	russian	krovʹ	krofʲ	krofʲ	SAME
krỳti	russian	krytʹ	krɨtʲ	krɨtʲ	SAME
krīdlò	russian	kryló	krɨˈlo	krɨˈlo	SAME
krūpà	russian	krupá	krʊˈpa	krʊˈpa	SAME
krъvьnъjь	russian	króvnyj	ˈkrovnɨj	ˈkrovnɨj	SAME
kudo	russian	kudesá	kʊdʲɪˈsa	kʊdʲɪˈsa	SAME
kuka	russian	kúka	ˈkukə	ˈkukə	SAME
kukati	russian	kúkatʹ	ˈkukətʲ	ˈkukətʲ	SAME
kurenьje	russian	kurénʹe	kʊˈrʲenʲje	kʊˈrʲenʲːe	DIFFERENT
kurica	russian	kúrica	ˈkurʲɪt͡sə	ˈkurʲɪt͡sə	SAME
kurъ	russian	kur	kur	kʊr	DIFFERENT
kutiti	russian	kutítʹ	kʊˈtʲitʲ		IN_WIKTIONARY
kuzn̨a	russian	kúznja	ˈkuzʲnʲə	ˈkuzʲnʲə	SAME
kuča	russian	kúča	ˈkut͡ɕə	ˈkut͡ɕə	SAME
kùditi	russian	kúditʹ	ˈkudʲɪtʲ	ˈkudʲɪtʲ	SAME
kùpъ	russian	vkúpe	ˈfkupʲe	ˈfkupʲe	SAME
kvȃsъ	russian	kvas	kvas	kvas	SAME
kvě̑tъ	russian	cvet	t͡svʲet	t͡svʲet	SAME
kvisti	russian	cvestí	t͡svʲɪˈsʲtʲi	t͡svʲɪˈsʲtʲi	SAME
kydati	russian	kidátʹ	[kʲɪˈdatʲ]		CORRECTED
kydnǫti	russian	kínutʹ	ˈkʲinʊtʲ	ˈkʲinʊtʲ	SAME
kyjь	russian	kij	kʲij	kʲij	SAME
kypě̀ti	russian	kipétʹ	kʲɪˈpʲetʲ	kʲɪˈpʲetʲ	SAME
kyslъjь	russian	kíslyj	ˈkʲislɨj	ˈkʲis⁽ʲ⁾lɨj	DIFFERENT
kysьlъjь	russian	kíslyj	ˈkʲislɨj	ˈkʲis⁽ʲ⁾lɨj	DIFFERENT
kyvati	russian	kivátʹ	kʲɪˈvatʲ	kʲɪˈvatʲ	SAME
kyxati	russian	kíxatʹ	ˈkʲixətʲ	ˈkʲixətʲ	SAME
kỳla	russian	kilá	kʲɪˈla	kʲɪˈla	SAME
kādìti	russian	kadítʹ	kɐˈdʲitʲ		IN_WIKTIONARY
kūrìti	russian	kurítʹ	kʊˈrʲitʲ	kʊˈrʲitʲ	SAME
kъ	russian	k	k		IN_WIKTIONARY
kъde	russian	gde		ɡʲe	DIFFERENT
kъjь	russian	koj	koj	koj	SAME
kъlbь	russian	kolb́	ˈkolp	kɐˈlu	DIFFERENT
kъlpь	russian	kolṕ	kol	kol	SAME
kъlъ	russian	kol	kol	kol	SAME
kъn	russian	k	k		IN_WIKTIONARY
kъrma	russian	kormá	kɐrˈma	kɐrˈma	SAME
kъrnъjь	russian	kornój	kɐrˈnoj	kɐrˈnoj	SAME
kъsьnъjь	russian	kósnyj	ˈkosnɨj	ˈkosnɨj	SAME
kъto	russian	kto	kto	kto	SAME
kъznь	russian	kózni	ˈkozʲnʲɪ		IN_WIKTIONARY
lamъ	russian	lam	lam	lam	SAME
lasъjь	russian	lásyj	ˈlasɨj	ˈlasɨj	SAME
làjati	russian	lájatʹ	ˈlajɪtʲ	ˈla(j)ɪtʲ	DIFFERENT
làpa	russian	lápa	ˈlapə		IN_WIKTIONARY
làska	russian	láska	ˈlaskə	ˈlaskə	SAME
làskati	russian	laskátʹ	lɐˈskatʲ	lɐˈskatʲ	SAME
làziti	russian	lázitʹ	ˈlazʲɪtʲ		IN_WIKTIONARY
legti	russian	lečʹ	ˈlʲet͡ɕ	lʲɪt͡ɕ	DIFFERENT
lemexъ	russian	lémex	ˈlʲemʲɪx	ˈlʲemʲɪx	SAME
letěti	russian	letétʹ	lʲɪˈtʲetʲ	lʲɪˈtʲetʲ	SAME
ležàti	russian	ležátʹ	[lʲɪˈʐatʲ]		CORRECTED
lěgati	russian	legátʹ	lʲɪˈɡatʲ	lʲɪˈɡatʲ	SAME
lenivъjь	russian	lenívyj	lʲɪˈnʲivɨj	lʲɪˈnʲivɨj	SAME
lenъjь	russian	ljánoj	ˈlʲanəj	ˈlʲanəj	SAME
lěnь	russian	lenʹ	ˈlʲenʲ	lʲɪnʲ	DIFFERENT
lěpiti	russian	lepítʹ	lʲɪˈpʲitʲ	lʲɪˈpʲitʲ	SAME
lětь	russian	letʹ	[ˈlʲetʲ]		CORRECTED
lě̀to	russian	léto	ˈlʲetə	ˈlʲetə	SAME
lě̀zti	russian	leztʹ	ˈlʲesʲtʲ	lʲɪsʲtʲ	DIFFERENT
lě̑sъ	russian	les	ˈlʲes	lʲes	DIFFERENT
levъjь	russian	lévyj	ˈlʲevɨj	ˈlʲevɨj	SAME
lě̑xà	russian	lexá	[lʲɪˈxa]		CORRECTED
lȇdъ	russian	ljód	ˈlʲɵt	ˈlʲɵt	SAME
lekъjь	russian	ljákij	ˈlʲækʲɪj	ˈlʲækʲɪj	SAME
lę̀ga	russian	ljága	ˈlʲaɡə	ˈlʲaɡə	SAME
likъ	russian	lik	[ˈlʲik]		CORRECTED
lisa	russian	lisá	lʲɪˈsa		IN_WIKTIONARY
lisìca	russian	lisíca	lʲɪˈsʲit͡sə	lʲɪˈsʲit͡sə	SAME
lisъ	russian	lis	ˈlʲis	lʲis	DIFFERENT
lixo	russian	líxo	ˈlʲixə	ˈlʲixə	SAME
lixъjь	russian	lixój	lʲɪˈxoj	lʲɪˈxoj	SAME
lišiti	russian	lišítʹ	lʲɪˈʂɨtʲ	lʲɪˈʂɨtʲ	SAME
lìti	russian	lit	ˈlʲit	lʲit	DIFFERENT
lobъzati	russian	lobzátʹ	lɐbˈzatʲ	lɐbˈzatʲ	SAME
lokati	russian	lakátʹ	lɐˈkatʲ	lɐˈkatʲ	SAME
lomìti	russian	lomítʹ	lɐˈmʲitʲ	lɐˈmʲitʲ	SAME
lonò	russian	lóno	ˈlonə		IN_WIKTIONARY
lopàta	russian	lopáta	lɐˈpatə	lɐˈpatə	SAME
lososь	russian	losósʹ	lɐˈsosʲ	lɐˈsosʲ	SAME
lovìti	russian	lovítʹ	lɐˈvʲitʲ	lɐˈvʲitʲ	SAME
lozà	russian	lozá	lɐˈza	lɐˈza	SAME
lošьjь	russian	lóšij	ˈloʂɨj	ˈloʂɨj	SAME
lože	russian	lóže	ˈloʐə		IN_WIKTIONARY
ložìti sę	russian	ložítʹsja	lɐˈʐɨt͡sːə	lɐˈʐɨt͡sːə	SAME
lȏgъ	russian	log	lok	lok	SAME
lȏvъ	russian	lov	lof	lof	SAME
lokavъjь	russian	lukávyj	lʊˈkavɨj	lʊˈkavɨj	SAME
lǫ̑gъ	russian	lug	luk	luk	SAME
lǫ̑kъ	russian	luk	luk	luk	SAME
ludъ	russian	lud	lut	lut	SAME
lunà	russian	luná	lʊˈna	lʊˈna	SAME
luska	russian	luská	lʊˈska	lʊˈska	SAME
luskati	russian	luskátʹ	lʊˈskatʲ	lʊˈskatʲ	SAME
luskъ	russian	lusk	lusk	lusk	SAME
luzga	russian	luzgá	lʊzˈɡa	lʊzˈɡa	SAME
lučiti	russian	lučítʹ	lʊˈt͡ɕitʲ	lʊˈt͡ɕitʲ	SAME
luščiti	russian	luščítʹ	lʊˈɕːitʲ	lʊˈɕːitʲ	SAME
lùža	russian	lúža	ˈluʐə	ˈluʐə	SAME
lȗbъ	russian	lub	lup	lup	SAME
lysъjь	russian	lýsyj	ˈlɨsɨj	ˈlɨsɨj	SAME
lytъka	russian	lýtki	ˈlɨtkʲɪ	ˈlɨtkʲɪ	SAME
līcè	russian	licó	[lʲɪˈt͡so]		CORRECTED
līzàti	russian	lizátʹ	lʲɪˈzatʲ	lʲɪˈzatʲ	SAME
lǭkà	russian	luká	lʊˈka		IN_WIKTIONARY
l̨ubo	russian	líbo	[ˈlʲibə]		CORRECTED
l̨uby	russian	ljubóvʹ	lʲʊˈbofʲ	lʲʊˈbofʲ	SAME
lubъjь	russian	ljubój	lʲʊˈboj	lʲʊˈboj	SAME
l̨utiti sę	russian	ljutítʹsja	lʲʉˈtʲit͡sːə	lʲʉˈtʲit͡sːə	SAME
lutъjь	russian	ljútyj	ˈlʲutɨj	ˈlʲutɨj	SAME
l̨ȗdъ	russian	ljud	lʲut	lʲut	SAME
l̨ȗdьje	russian	ljúdi	ˈlʲʉdʲɪ	ˈlʲʉdʲɪ	SAME
l̨ūbìti	russian	ljubítʹ	lʲʉˈbʲitʲ	lʲʉˈbʲitʲ	SAME
lъbъ	russian	lob	lop		IN_WIKTIONARY
lъgati	russian	lgatʹ	ˈlɡatʲ	lɡatʲ	DIFFERENT
lъskъ	russian	losk	losk	losk	SAME
lъža	russian	lža	lʐa	la	DIFFERENT
lъžь	russian	ložʹ	loʂ		IN_WIKTIONARY
lьdza	russian	lʹzja	[ˈlʲzʲa]		CORRECTED
lьga	russian	lʹga	ˈlʲɡa	lʲɡa	DIFFERENT
lьgъkъjь	russian	ljógkij	[ˈlʲɵxkʲɪi̯]		CORRECTED
lьnǫti	russian	lʹnutʹ	[ˈlʲnutʲ]		CORRECTED
lь̑nъ	russian	ljón	ˈlʲɵn	ˈlʲɵn	SAME
malъkъ	russian	málok	ˈmalək	ˈmalək	SAME
manǫti	russian	manútʹ	mɐˈnutʲ	mɐˈnutʲ	SAME
mara	russian	mará	mɐˈra
màkъ	russian	mak	mak	mak	SAME
malъjь	russian	mályj	ˈmalɨj	ˈmalɨj	SAME
màslo	russian	máslo	ˈmaslə		IN_WIKTIONARY
màti	russian	matʹ	matʲ	matʲ	SAME
màzati	russian	mázatʹ	ˈmazətʲ	ˈmazətʲ	SAME
mȃstь	russian	mastʹ	masʲtʲ	masʲtʲ	SAME
medjà	russian	mežá	mʲɪˈʐa	mʲɪˈʐa	SAME
medju	russian	mežú	mʲɪˈʐu	mʲɪˈʐu	SAME
medojědъ	russian	medoéd	mʲɪdɐˈɛt	mʲɪdɐˈɛt	SAME
medvà	russian	medvá	mʲɪdˈva	mʲɪdˈva	SAME
medvě̀dь	russian	medvédʹ	mʲɪdˈvʲetʲ	mʲɪdˈvʲetʲ	SAME
melkò	russian	molokó	məlɐˈko	məlɐˈko	SAME
melti	russian	molótʹ	mɐˈlotʲ	mɐˈlotʲ	SAME
merti	russian	mrietʹ		mrʲɪʲɪtʲ	DIFFERENT
mestì	russian	mestí	mʲɪˈsʲtʲi	mʲɪˈsʲtʲi	SAME
metàti	russian	metátʹ	mʲɪˈtatʲ		IN_WIKTIONARY
mèrža	russian	meréža	[mʲɪˈrʲeʐə]		CORRECTED
měna	russian	ména	ˈmʲenə	ˈmʲenə	SAME
měniti	russian	menítʹ	mʲɪˈnʲitʲ	mʲɪˈnʲitʲ	SAME
mě̀dь	russian	medʹ	ˈmʲetʲ	mʲɪdʲ	DIFFERENT
mě̀ra	russian	méra	ˈmʲerə	ˈmʲerə	SAME
mě̀riti	russian	méra	ˈmʲerə	ˈmʲerə	SAME
mě̀sęcь	russian	mésjacʹ	ˈmʲesʲɪt͡sʲ	ˈmʲesʲɪt͡s	DIFFERENT
mě̀sto	russian	mésto	ˈmʲestə	ˈmʲestə	SAME
mě̄zgà	russian	mezgá	mʲɪzˈɡa		IN_WIKTIONARY
mě̑sìti	russian	mesítʹ	mʲɪˈsʲitʲ		IN_WIKTIONARY
mȇdъ	russian	mjód	ˈmʲɵt	ˈmʲɵt	SAME
mę	russian	mja	mʲa	mʲa	SAME
męknǫti	russian	mjáknutʹ	ˈmʲaknʊtʲ	ˈmʲaknʊtʲ	SAME
mekъkъjь	russian	mjágkij	ˈmʲaxkʲɪi̯	ˈmʲakkʲɪj	DIFFERENT
męsti	russian	mjastí	mʲɪˈsʲtʲi	mʲɪˈsʲtʲi	SAME
męti	russian	mjatʹ	mʲætʲ	mʲɪtʲ	DIFFERENT
mę̑so	russian	mjáso	ˈmʲasə		IN_WIKTIONARY
migati	russian	migátʹ	mʲɪˈɡatʲ	mʲɪˈɡatʲ	SAME
mikati	russian	míkatʹ	ˈmʲikətʲ	ˈmʲikətʲ	SAME
mimo	russian	mímo	ˈmʲimə	ˈmʲimə	SAME
minovati	russian	minovátʹ	mʲɪnɐˈvatʲ	mʲɪnɐˈvatʲ	SAME
minǫti	russian	minútʹ	mʲɪˈnutʲ	mʲɪˈnutʲ	SAME
mirъ	russian	mir	mʲir	mʲir	SAME
mižati	russian	mžatʹ	mʐatʲ	mʐatʲ	SAME
milъjь	russian	mílyj	ˈmʲilɨj	ˈmʲilɨj	SAME
mȋgъ	russian	mig	mʲik	mʲik	SAME
mlinъ	russian	blin	blʲin	blʲin	SAME
modliti	russian	molítʹ	mɐˈlʲitʲ		IN_WIKTIONARY
mogti	russian	močʹ	mot͡ɕ	mot͡ɕ	SAME
mogtь	russian	močʹ	mot͡ɕ	mot͡ɕ	SAME
mojь	russian	moj	moj	moj	SAME
mokrъjь	russian	mókryj	[ˈmokrɨi̯]		CORRECTED
moldenьcь	russian	mladénec	mlɐˈdʲenʲɪt͡s	mlɐˈdʲenʲɪt͡s	SAME
moldъjь	russian	molodój	məlɐˈdoj		IN_WIKTIONARY
moltiti	russian	molotítʹ	məlɐˈtʲitʲ	məlɐˈtʲitʲ	SAME
molь	russian	molʹ	molʲ		IN_WIKTIONARY
monisto	russian	monísto	mɐˈnʲistə	mɐˈnʲistə	SAME
morà	russian	móra	ˈmorə	ˈmorə	SAME
morvi	russian	muravéj	mʊrɐˈvʲej	mʊrɐˈvʲej	SAME
morъ	russian	mor	mor	mor	SAME
motati	russian	motátʹ	mɐˈtatʲ	mɐˈtatʲ	SAME
motriti	russian	motrítʹ	mɐˈtrʲitʲ	mɐˈtrʲitʲ	SAME
motyka	russian	motýga	mɐˈtɨɡə	mɐˈtɨɡə	SAME
močìti	russian	močítʹ	mɐˈt͡ɕitʲ	mɐˈt͡ɕitʲ	SAME
mošьna	russian	mošьná	[mɐʂˈna]		CORRECTED
mòrzъ	russian	moróz	mɐˈros		IN_WIKTIONARY
mȍr̨e	russian	móre	ˈmorʲe		IN_WIKTIONARY
mȏltъ	russian	mólot	ˈmolət	ˈmolət	SAME
mȏrkъ	russian	mórok	ˈmorək	ˈmorək	SAME
mȏstъ	russian	most	[ˈmost]		CORRECTED
mȏzgъ	russian	mozg	mosk		IN_WIKTIONARY
mǫ̀ka	russian	múka	ˈmukə	ˈmukə	SAME
mǫ̀čiti	russian	múčitʹ	[ˈmut͡ɕɪtʲ]		CORRECTED
modrъjь	russian	múdryj	ˈmudrɨi̯	ˈmudrɨj	DIFFERENT
mǭtìti	russian	mutítʹ	mʊˈtʲitʲ	mʊˈtʲitʲ	SAME
mǫ̑žь	russian	muž	muʂ	muʂ	SAME
murъjь	russian	múryj	ˈmurɨi̯	ˈmurɨj	DIFFERENT
mùxa	russian	múxa	ˈmuxə	ˈmuxə	SAME
my	russian	my	mɨ	mɨ	SAME
mykati	russian	mýkatʹ	ˈmɨkətʲ	ˈmɨkətʲ	SAME
myto	russian	mýto	ˈmɨtə	ˈmɨtə	SAME
myšьca	russian	myšca	ˈmɨʂt͡sa	mɨʂt͡sə	DIFFERENT
mỳdlo	russian	mýlo	ˈmɨlə	ˈmɨlə	SAME
mỳti	russian	mytʹ	mɨtʲ	mɨtʲ	SAME
mỳšь	russian	myšʹ	mɨʂ	mɨʂ	SAME
my̑slь	russian	myslʹ	ˈmɨslʲ	mɨs⁽ʲ⁾lʲ	DIFFERENT
māxàti	russian	maxátʹ	mɐˈxatʲ		IN_WIKTIONARY
mǭkà	russian	muká	mʊˈka		IN_WIKTIONARY
mъděti	russian	modetʹ	[]		CORRECTED
mъdьlьnъjь	russian	médlennyj	[ˈmʲedlʲɪn(ː)ɨi̯]		CORRECTED
mъldni	russian	mólnija	ˈmolnʲɪjə	ˈmolnʲɪjə	SAME
mъlva	russian	molvá	mɐlˈva	mɐlˈva	SAME
mъlviti	russian	mólvitʹ	[ˈmoɫvʲɪtʲ]		CORRECTED
mъnogъjь	russian	mnógij	ˈmnoɡʲɪj	ˈmnoɡʲɪj	SAME
mъrgati	russian	morgát 	mɐrˈɡat ˈor
mъrky	russian	morkóvʹ	mɐrˈkofʲ		IN_WIKTIONARY
mъrmiti	russian	mormúlitʹ	mɐrˈmulʲɪtʲ	mɐrˈmulʲɪtʲ	SAME
mъxa	russian	móxa	ˈmoxə	ˈmoxə	SAME
mъxъ	russian	mox	mox	mox	SAME
mъčati	russian	mčatʹ	mʲːatʲ	mt͡ɕɪtʲ	DIFFERENT
mъšica	russian	mšíca	ˈmʂɨt͡sə	ˈmʂɨt͡sə	SAME
mъždžiti	russian	mozžítʹ	[]		CORRECTED
mьlčàti	russian	molčátʹ	mɐlˈt͡ɕætʲ	mɐlˈt͡ɕætʲ	SAME
mьněti	russian	mnitʹ	ˈmnʲitʲ	mnʲɪtʲ	DIFFERENT
mьn̨e	russian	ménee	ˈmʲenʲɪe	ˈmʲenʲɪe	SAME
mьn̨eje	russian	ménee	ˈmʲenʲɪe	ˈmʲenʲɪe	SAME
mьnьjьjь	russian	ménʹšij	ˈmʲenʲʂɨj	ˈmʲenʲʂɨj	SAME
mьrknǫti	russian	mérknutʹ	ˈmʲerknʊtʲ	ˈmʲerknʊtʲ	SAME
mьrzěti	russian	merzétʹ	mʲɪrˈzʲetʲ	mʲɪrˈzʲetʲ	SAME
mьrziti	russian	merzítʹ	mʲɪrˈzʲitʲ	mʲɪrˈzʲitʲ	SAME
mьrznǫti	russian	mjórznutʹ	ˈmʲɵrznʊtʲ	ˈmʲɵrnːʉtʲ	DIFFERENT
mьstiti	russian	mstitʹ	msʲtʲitʲ	msʲtʲitʲ	SAME
mьzdà	russian	mzda	mzda		IN_WIKTIONARY
mьčьta	russian	mečtá	mʲɪt͡ɕˈta	mʲɪt͡ɕˈta	SAME
mьža	russian	mža	mʐa	mʐa	SAME
mьžiti	russian	mžitʹ	ˈmʐɨtʲ	mʐɨtʲ	DIFFERENT
mьrtvъjь	russian	mjórtvyj	ˈmʲɵrtvɨj	ˈmʲɵrtvɨj	SAME
na	russian	na	na	na	SAME
nadъ	russian	nad	nat	nat	SAME
nasъ	russian	nas	nas		IN_WIKTIONARY
natь	russian	natína	[nɐˈtʲinə]		CORRECTED
naustiti	russian	naustítʹ	nəʊˈsʲtʲitʲ	nəʊˈsʲtʲitʲ	SAME
načęti	russian	načátʹ	nɐˈt͡ɕætʲ	nɐˈt͡ɕætʲ	SAME
naglъjь	russian	náglyj	ˈnaɡlɨj	ˈnaɡlɨj	SAME
nagъjь	russian	nagój	nɐˈɡoj	nɐˈɡoj	SAME
ne	russian	ne	nʲe	nʲe	SAME
nedǫ̀gъ	russian	nedúg	nʲɪˈduk	nʲɪˈduk	SAME
negodovati	russian	negodovátʹ	nʲɪɡədɐˈvatʲ		IN_WIKTIONARY
nejęsytь	russian	nejásytʹ	nʲɪˈjasɨtʲ	nʲɪˈjasɨtʲ	SAME
nerti	russian	nrěti	ˈnʲːrʲjɪtʲɪ	nrʲtʲiɪ	DIFFERENT
nestì	russian	nestí	nʲɪˈsʲtʲi		IN_WIKTIONARY
netopyr'ь	russian	netopýrʹ	nʲɪtɐˈpɨrʲ	nʲɪtɐˈpɨrʲ	SAME
nevě̀sta	russian	nevésta	nʲɪˈvʲestə		IN_WIKTIONARY
nevodъ	russian	névod	ˈnʲevət	ˈnʲevət	SAME
nȅbo	russian	nébo	ˈnʲebə	ˈnʲebə	SAME
ni	russian	ni	nʲi	nʲi	SAME
nicь	russian	nic	nʲit͡s	nʲɪt͡sɛ	DIFFERENT
niknǫti	russian	níknutʹ	ˈnʲiknʊtʲ	ˈnʲiknʊtʲ	SAME
niže	russian	níže	ˈnʲiʐɨ	ˈnʲiʐɨ	SAME
nìtь	russian	nitʹ	nʲitʲ	nʲɪtʲ	DIFFERENT
niščьjь	russian	níščij	ˈnʲiɕːɪj	ˈnʲiɕːɪj	SAME
nogà	russian	nogá	nɐˈɡa	nɐˈɡa	SAME
nogъtь	russian	nógotʹ	ˈnoɡətʲ		IN_WIKTIONARY
norà	russian	norá	[nɐˈra]		CORRECTED
nosìti	russian	nosítʹ	nɐˈsʲitʲ	nɐˈsʲitʲ	SAME
novъjь	russian	nóvyj	ˈnovɨj	ˈnovɨj	SAME
nòžь	russian	nož	noʂ	noʂ	SAME
nȏktь	russian	nočʹ	not͡ɕ	not͡ɕ	SAME
nȏsъ	russian	nos	nos		IN_WIKTIONARY
nura	russian	núra	ˈnurə	ˈnurə	SAME
nuriti	russian	núritʹ	ˈnurʲɪtʲ	ˈnurʲɪtʲ	SAME
nyr̨ati	russian	nyrjátʹ	nɨˈrʲætʲ	nɨˈrʲætʲ	SAME
nāròdъ	russian	naród	nɐˈrot	nɐˈrot	SAME
nъ	russian	no	no	no	SAME
ob	russian	o	o
oba	russian	óba	ˈobə	ˈobə	SAME
obětjati	russian	obeščátʹ	ɐbʲɪˈɕːætʲ	ɐbʲɪˈɕːætʲ	SAME
obolkъ	russian	óblako	[ˈobɫəkə]		CORRECTED
obrěsti	russian	obrestí	ɐbrʲɪˈsʲtʲi	ɐbrʲɪˈsʲtʲi	SAME
obuti	russian	obútʹ	ɐˈbutʲ	ɐˈbutʲ	SAME
obьlъjь	russian	óblyj	ˈobɫɨi̯	ˈoblɨj	DIFFERENT
odolě̀ti	russian	odolétʹ	[ɐdɐˈlʲetʲ]		CORRECTED
oje	russian	vojó	vɐˈjɵ	vɐˈjɵ	SAME
okъnò	russian	oknó	[ɐkˈno]		CORRECTED
oldi	russian	ladʹjá	lɐˈdʲja	lɐˈdʲja	SAME
olni	russian	loní	lɐˈnʲi	lɐˈnʲi	SAME
olnìta	russian	laníta	lɐˈnʲitə	lɐˈnʲitə	SAME
onutja	russian	onúča	ɐˈnut͡ɕə	ɐˈnut͡ɕə	SAME
onъ	russian	on	on	ɐn	DIFFERENT
oràti	russian	orátʹ	ɐˈratʲ	ɐˈratʲ	SAME
orbiti	russian	róbiti	ˈrobʲɪtʲɪ	ˈrobʲɪtʲɪ	SAME
orbòta	russian	robóta	rɐˈbotə	rɐˈbotə	SAME
orbъ	russian	rab	rap	rap	SAME
orě̀xъ	russian	oréx	[ɐˈrʲex]		CORRECTED
orkỳta	russian	rakíta	rɐˈkʲitə	rɐˈkʲitə	SAME
orǫdьje	russian	orúdie	ɐˈrudʲɪ	ɐˈrudʲɪe	DIFFERENT
orsti	russian	rastí	rɐˈsʲtʲi		IN_WIKTIONARY
ortь	russian	ratʹ	ˈratʲ	ratʲ	DIFFERENT
orz	russian	roz-	ˈroz	ros	DIFFERENT
orьmò	russian	orʹmó	ɐrʲˈmo	ɐrʲˈmo	SAME
orь̀lъ	russian	orjól	ɐˈrʲɵl	ɐˈrʲɵl	SAME
osà	russian	osá	ɐˈsa	ɐˈsa	SAME
oskъrdъ	russian	oskórd	ɐˈskort	ɐˈskort	SAME
osmъjь	russian	vosʹmój	vɐsʲˈmoj		IN_WIKTIONARY
osnòvā	russian	osnóva	ɐsˈnovə	ɐsˈnovə	SAME
ostrovъ	russian	óstrov	ˈostrəf	ˈostrəf	SAME
ostrъjь	russian	óstryj	ˈostrɨj		IN_WIKTIONARY
ostь̀nъ	russian	ostén	ɐˈsʲtʲen	ɐˈsʲtʲen	SAME
osъ̀tъ	russian	osót	ɐˈsot	ɐˈsot	SAME
osьla	russian	osjólok	ɐˈsʲɵlək	ɐˈsʲɵlək	SAME
osь̀lъ	russian	osjól	ɐˈsʲɵl		IN_WIKTIONARY
ot	russian	ot	ot
otjutiti sę	russian	očutítʹsja	ɐt͡ɕʉˈtʲit͡sːə	ɐt͡ɕʉˈtʲit͡sːə	SAME
otjьtnǫti sę	russian	očnútʹsja	ɐt͡ɕˈnut͡sːə	ɐt͡ɕˈnut͡sːə	SAME
otrokъ	russian	ótrok	ˈotrək	ˈotrək	SAME
otverzti	russian	otvérztʹ	[ɐtˈvʲersʲtʲ]		CORRECTED
otvětjati	russian	otvečátʹ	[ɐtvʲɪˈt͡ɕætʲ]		CORRECTED
otvorìti	russian	otvorítʹ	ɐtvɐˈrʲitʲ	ɐtvɐˈrʲitʲ	SAME
otъ	russian	ot	ot
otъverzti	russian	otvérztʹ	[ɐtˈvʲersʲtʲ]		CORRECTED
otъvětjati	russian	otvečátʹ	[ɐtvʲɪˈt͡ɕætʲ]		CORRECTED
otъvorìti	russian	otvorítʹ	ɐtvɐˈrʲitʲ	ɐtvɐˈrʲitʲ	SAME
otьcь	russian	otéc	ɐˈtʲet͡s	ɐˈtʲet͡s	SAME
ovьcà	russian	ovcá	ɐfˈt͡sa	ɐfˈt͡sa	SAME
ovьnъ	russian	ovén	ɐˈvʲen	ɐˈvʲen	SAME
ovь̀sъ	russian	ovjós	[ɐˈvʲɵs]		CORRECTED
ozòrdъ	russian	ozoród	ɐzɐˈrot	ɐzɐˈrot	SAME
òdrъ	russian	odr	odr	ɐdr	DIFFERENT
ògn'ь	russian	ogónʹ	ɐˈɡonʲ	ɐˈɡonʲ	SAME
òlkati	russian	alkátʹ	ɐlˈkatʲ		IN_WIKTIONARY
olkomъjь	russian	lákomyj	ˈlakəmɨj	ˈlakəmɨj	SAME
olkomъjьjь	russian	lákomyj	ˈlakəmɨj	ˈlakəmɨj	SAME
òlni	russian	lanʹ	ˈlanʲ	lanʲ	DIFFERENT
olčьnъjь	russian	álčnyj	ˈalt͡ɕnɨj	ˈalt͡ɕnɨj	SAME
òrdlo	russian	rálo	ˈralə		IN_WIKTIONARY
òrkъ	russian	rak	rak	rak	SAME
òrtajь	russian	rátaj	ˈratəj	ˈratəj	SAME
òsmь	russian	vósemʹ	ˈvosʲɪmʲ	ˈvosʲɪmʲ	SAME
ȍko	russian	óko	ˈokə	ˈokə	SAME
ȍlovo	russian	ólovo	ˈoləvə		IN_WIKTIONARY
ȏlsь	russian	losʹ	ˈlosʲ	losʲ	DIFFERENT
ȏstь	russian	ostʹ	osʲtʲ	ɐsʲtʲ	DIFFERENT
ȏsь	russian	osʹ	osʲ	ɐsʲ	DIFFERENT
ǫgorь	russian	úgorʹ	ˈuɡərʲ	ˈuɡərʲ	SAME
ǫtrь	russian	vnutrʹ	vnutrʲ	vnʊtrʲ	DIFFERENT
ǫty	russian	útka	ˈutkə	ˈutkə	SAME
ǫziti	russian	úzitʹ	ˈuzʲɪtʲ	ˈuzʲɪtʲ	SAME
ozъkъjь	russian	úzkij	ˈuskʲɪj	ˈuskʲɪj	SAME
ǫ̀glь	russian	úgolʹ	ˈuɡəlʲ	ˈuɡəlʲ	SAME
ǫ̀zlъ	russian	úzel	ˈuzʲɪl	ˈuzʲɪl	SAME
ǫ́sъ	russian	us	[ˈus]		CORRECTED
ǫ́žь	russian	už	uʂ		IN_WIKTIONARY
ǫ̑gъlъ	russian	úgol	ˈuɡəl	ˈuɡəl	SAME
palica	russian	pálica	ˈpalʲɪt͡sə		IN_WIKTIONARY
palъka	russian	pálka	ˈpalkə	ˈpalkə	SAME
palьcь	russian	pálec	ˈpalʲɪt͡s	ˈpalʲɪt͡s	SAME
pariti	russian	parítʹ	pɐˈrʲitʲ	pɐˈrʲitʲ	SAME
pasti	russian	pastʹ	pasʲtʲ
paxati	russian	paxátʹ	pɐˈxatʲ	pɐˈxatʲ	SAME
paxnǫti	russian	paxnútʹ	pɐxˈnutʲ	pɐxˈnutʲ	SAME
pazduxa	russian	pázuxa	ˈpazʊxə	ˈpazʊxə	SAME
pažitь	russian	pážitʹ	ˈpaʐɨtʲ	ˈpaʐɨtʲ	SAME
pàdati	russian	pádatʹ	ˈpadətʲ	ˈpadətʲ	SAME
pàmętь	russian	pámjatʹ	ˈpamʲɪtʲ	ˈpamʲɪtʲ	SAME
pàǭkъ	russian	paúk	pɐˈuk	pɐˈuk	SAME
pàra	russian	par	par	par	SAME
pekti	russian	pečʹ	pʲet͡ɕ	pʲɪt͡ɕ	DIFFERENT
pelesъjь	russian	peljósyj	pʲɪˈlʲɵsɨj	pʲɪˈlʲɵsɨj	SAME
per	russian	pére-	ˈpʲerʲe	ˈpʲerʲe ˈo	DIFFERENT
perdъ	russian	péred	pʲɪrʲɪt		IN_WIKTIONARY
perkъ	russian	poperjók	pəpʲɪˈrʲɵk		IN_WIKTIONARY
però	russian	peró	pʲɪˈro	pʲɪˈro	SAME
perti	russian	perétʹ	pʲɪˈrʲetʲ	pʲɪˈrʲetʲ	SAME
pèlti	russian	polótʹ	pɐˈlotʲ	pɐˈlotʲ	SAME
pèlva	russian	polóva	pɐˈlovə		IN_WIKTIONARY
pěsъ̀kъ	russian	pesók	pʲɪˈsok	pʲɪˈsok	SAME
pěti	russian	petʹ	pʲetʲ	pʲɪtʲ	DIFFERENT
pešьjь	russian	péšij	ˈpʲeʂɨj	ˈpʲeʂɨj	SAME
pě̀na	russian	péna	ˈpʲenə	ˈpʲenə	SAME
pě́stъ	russian	pest	pʲest		IN_WIKTIONARY
pȇktь	russian	pečʹ	pʲet͡ɕ	pʲɪt͡ɕ	DIFFERENT
pȇlnъ	russian	polón	pɐˈlon		IN_WIKTIONARY
pę̑tь	russian	pjatʹ	pʲætʲ	pʲɪtʲ	DIFFERENT
pętà	russian	pjatá	pʲɪˈta	pʲɪˈta	SAME
pęti	russian	pjatʹ	pʲætʲ	pʲɪtʲ	DIFFERENT
petъjь	russian	pjátyj	ˈpʲatɨj		IN_WIKTIONARY
pę̑dь	russian	pjadʹ	pʲætʲ	pʲɪdʲ	DIFFERENT
pę̑stь	russian	pjastʹ	pʲasʲtʲ	pʲɪsʲtʲ	DIFFERENT
pitati	russian	pitátʹ	pʲɪˈtatʲ	pʲɪˈtatʲ	SAME
pìti	russian	pitʹ	pʲitʲ		IN_WIKTIONARY
pìtja	russian	píšča	ˈpʲiɕːə	ˈpʲiɕːə	SAME
pȋvo	russian	pívo	ˈpʲivə	ˈpʲivə	SAME
pjьvàti	russian	plevátʹ	plʲɪˈvatʲ	plʲɪˈvatʲ	SAME
plàkati	russian	plákatʹ	ˈplakətʲ	ˈplakətʲ	SAME
plàvati	russian	plávatʹ	ˈplavətʲ	ˈplavətʲ	SAME
plàviti	russian	plávitʹ	[ˈpɫavʲɪtʲ]		CORRECTED
plástъ	russian	plast	plast	plast	SAME
plesti	russian	plestí	plʲɪˈsʲtʲi	plʲɪˈsʲtʲi	SAME
pletjè	russian	plečó	plʲɪˈt͡ɕɵ	plʲɪˈt͡ɕɵ	SAME
plěna	russian	plená	[plʲɪˈna]		CORRECTED
plěsnь	russian	plésenʹ	ˈplʲesʲɪnʲ	ˈplʲesʲɪnʲ	SAME
plěva	russian	plevá	plʲɪˈva	plʲɪˈva	SAME
ploskъjь	russian	plóskij	ˈploskʲɪj	ˈploskʲɪj	SAME
plotъ	russian	plot	plot	plot	SAME
plỳti	russian	plytʹ	[pɫɨtʲ]		CORRECTED
pl̨uskъ	russian	pljusk	plʲusk	plʲʉsk	DIFFERENT
pl̨usna	russian	pljusná	plʲʊsˈna	plʲʉsˈna	DIFFERENT
plъ̀tъ	russian	plot	plot	plot	SAME
podъ	russian	pod	pot
poìti	russian	poítʹ	pɐˈitʲ	pɐˈitʲ	SAME
pokòjь	russian	pokój	pɐˈkoj	pɐˈkoj	SAME
polè̌no	russian	poléno	pɐˈlʲenə		IN_WIKTIONARY
polìca	russian	políca	pɐˈlʲit͡sə	pɐˈlʲit͡sə	SAME
polsà	russian	polosá	pəlɐˈsa		IN_WIKTIONARY
poltьnò	russian	polotnó	[pəɫɐtˈno]		CORRECTED
polvъjь	russian	polóvyj	pɐˈlovɨj	pɐˈlovɨj	SAME
polxъ	russian	perepolóx	pʲɪrʲɪpɐˈlox	pʲɪrʲɪpɐˈlox	SAME
polšiti	russian	pološítʹ	[pəɫɐˈʂɨtʲ]		CORRECTED
polъ	russian	pol	pol	pol	SAME
polьdza	russian	pólʹza	ˈpolʲzə	ˈpolʲzə	SAME
porà	russian	porá	pɐˈra	pɐˈra	SAME
poriti	russian	porítʹ	pɐˈrʲitʲ	pɐˈrʲitʲ	SAME
porti	russian	porótʹ	pɐˈrotʲ	pɐˈrotʲ	SAME
porъnъjь	russian	pornój	pɐrˈnoj	pɐrˈnoj	SAME
posětiti	russian	posetítʹ	pəsʲɪˈtʲitʲ		IN_WIKTIONARY
pozdъjь	russian	pózdyj	ˈpozdɨj	ˈpozdɨj	SAME
pozdьnъjь	russian	pózdnij	ˈpozʲnʲɪj	ˈpozʲnʲɪj	SAME
počìti	russian	počítʹ	pɐˈt͡ɕitʲ	pɐˈt͡ɕitʲ	SAME
pòlmy	russian	plámja	ˈplamʲə	ˈplamʲə	SAME
pòrgъ	russian	poróg	pɐˈrok		IN_WIKTIONARY
pȍjāsъ	russian	pójas	ˈpojəs	ˈpojəs	SAME
pȍl̨e	russian	póle	ˈpolʲe		IN_WIKTIONARY
pȍrsę	russian	porosjónok	pərɐˈsʲɵnək	pərɐˈsʲɵnək	SAME
pȏlzъ	russian	póloz	ˈpoləs	ˈpoləs	SAME
pȏrxъ	russian	pórox	ˈporəx	ˈporəx	SAME
pȏtъ	russian	pot	pot	pot	SAME
pǫditi	russian	púditʹ	ˈpudʲɪtʲ	ˈpudʲɪtʲ	SAME
pǫkъ	russian	puk	puk		IN_WIKTIONARY
pǫčina	russian	pučína	pʊˈt͡ɕinə	pʊˈt͡ɕinə	SAME
pǫ̀to	russian	púto	ˈputə	ˈputə	SAME
pǫ́tь	russian	putʹ	putʲ	putʲ	SAME
pravъjь	russian	právyj	ˈpravɨj	ˈpravɨj	SAME
prę̀dati	russian	prjádatʹ	ˈprʲadətʲ	ˈprʲadətʲ	SAME
prę̀dnǫti	russian	prjánutʹ	ˈprʲanʊtʲ	ˈprʲanʊtʲ	SAME
pręsti	russian	prjastʹ	prʲasʲtʲ	prʲɪsʲtʲ	DIFFERENT
pri	russian	pri	prʲɪ		IN_WIKTIONARY
prijatelь	russian	prijátelʹ	prʲɪˈjætʲɪlʲ	prʲɪˈjætʲɪlʲ	SAME
prodadja	russian	prodáža	prɐˈdaʐə	prɐˈdaʐə	SAME
prokъ	russian	prok	prok	prok	SAME
prosějati	russian	proséjatʹ	[prɐˈsʲe(j)ɪtʲ]		CORRECTED
prosìti	russian	prosítʹ	prɐˈsʲitʲ	prɐˈsʲitʲ	SAME
prosterti	russian	prosterétʹ	prəsʲtʲɪˈrʲetʲ		IN_WIKTIONARY
pročьjь	russian	próčij	ˈprot͡ɕɪj	ˈprot͡ɕɪj	SAME
prostъjь	russian	prostój	prɐˈstoj	prɐˈstoj	SAME
prǫglo	russian	prúglo	ˈpruɡlə	ˈpruɡlə	SAME
prǫgъ	russian	prug	pruk	pruk	SAME
pryskati	russian	prýskatʹ	ˈprɨskətʲ	ˈprɨskətʲ	SAME
prysnǫti	russian	prýsnutʹ	ˈprɨsnʊtʲ	ˈprɨsnʊtʲ	SAME
pustìti	russian	pustítʹ	pʊˈsʲtʲitʲ	pʊˈsʲtʲitʲ	SAME
puxlъjь	russian	púxlyj	ˈpuxlɨj	ˈpuxlɨj	SAME
puxnǫti	russian	púxnutʹ	ˈpuxnʊtʲ	ˈpuxnʊtʲ	SAME
pustъjь	russian	pustój	pʊˈstoj	pʊˈstoj	SAME
pȳtàti	russian	pytátʹ	pɨˈtatʲ	pɨˈtatʲ	SAME
pālìti	russian	palítʹ	pɐˈlʲitʲ		IN_WIKTIONARY
pāxàti	russian	paxátʹ	pɐˈxatʲ	pɐˈxatʲ	SAME
pъlkъ	russian	polk	polk	polk	SAME
pъtìca	russian	ptíca	ˈptʲit͡sə		IN_WIKTIONARY
pъtъka	russian	pótka	ˈpotkə	ˈpotkə	SAME
pьlztì	russian	polztí	pɐlˈs⁽ʲ⁾tʲi	pɐlˈzʲtʲi	DIFFERENT
pьrati	russian	pratʹ	pratʲ
pьrga	russian	pergá	pʲɪrˈɡa	pʲɪrˈɡa	SAME
pьrtь	russian	pertʹ	pʲertʲ	pʲɪrtʲ	DIFFERENT
pьrvъjь	russian	pérvyj	ˈpʲervɨj	ˈpʲervɨj	SAME
pьsàti	russian	pisátʹ	[pʲɪˈsatʲ]		CORRECTED
pьxati	russian	pixátʹ	pʲɪˈxatʲ	pʲɪˈxatʲ	SAME
pьzděti	russian	bzdétʹ	ˈbzʲdʲetʲ	bzʲˈdʲetʲ	DIFFERENT
pьšenò	russian	pьšenó	pʲɪʂɨˈno	pʂɨˈno	DIFFERENT
pьlnъjь	russian	pólnyj	ˈpolnɨj	ˈpolnɨj	SAME
pь̀lzati	russian	pólzatʹ	ˈpolzətʲ	ˈpolzətʲ	SAME
pь̀rstъ	russian	perst	pʲerst	pʲɪrst	DIFFERENT
pь̀rsь	russian	pérsi	ˈpʲersʲɪ	ˈpʲersʲɪ	SAME
pьstrъjь	russian	pjóstryj	ˈpʲɵstrɨi̯	ˈpʲɵstrɨj	DIFFERENT
pь̀sъ	russian	pjós	ˈpʲɵs	ˈpʲɵs	SAME
pь̑lstь	russian	polstʹ	polsʲtʲ	polsʲtʲ	SAME
pь̑nь	russian	penʹ	pʲenʲ	pʲɪnʲ	DIFFERENT
pь̑rstь	russian	perstʹ	pʲersʲtʲ	pʲɪrsʲtʲ	DIFFERENT
pь̑rxъ	russian	perx	pʲerx	pʲɪrx	DIFFERENT
radi	russian	rádi	ˈradʲɪ	ˈradʲɪ	SAME
raditi	russian	radétʹ	rɐˈdʲetʲ		IN_WIKTIONARY
rajati	russian	rájatʹ	ˈrajɪtʲ	ˈra(j)ɪtʲ	DIFFERENT
razoriti	russian	razorítʹ	rəzɐˈrʲitʲ	rəzɐˈrʲitʲ	SAME
rebrò	russian	rebró	rʲɪˈbro	rʲɪˈbro	SAME
rekti	russian	rečí	rʲɪˈt͡ɕi	rʲɪˈt͡ɕi	SAME
remy	russian	reménʹ	rʲɪˈmʲenʲ	rʲɪˈmʲenʲ	SAME
redъkъjь	russian	rédkij	ˈrʲetkʲɪi̯	ˈrʲetkʲɪj	DIFFERENT
rějati	russian	réjatʹ	ˈrʲejɪtʲ	ˈrʲe(j)ɪtʲ	DIFFERENT
rě̄kà	russian	reká	rʲɪˈka	rʲɪˈka	SAME
rě̑čь	russian	rečʹ	rʲet͡ɕ	rʲɪt͡ɕ	DIFFERENT
rę̑dъ	russian	rjad	rʲat	rʲat	SAME
rebъjь	russian	rjabój	rʲɪˈboj		IN_WIKTIONARY
rìnǫti sę	russian	rínutʹsja	ˈrʲinʊt͡sə	ˈrʲinʊt͡sə	SAME
rodìti	russian	rodítʹ	rɐˈdʲitʲ	rɐˈdʲitʲ	SAME
rokъ	russian	rok	rok	rok	SAME
rosà	russian	rosá	rɐˈsa	rɐˈsa	SAME
rovъ	russian	rov	rof	rof	SAME
ròjь	russian	roj	roj	roj	SAME
rȏdъ	russian	rod	rot	rot	SAME
rȏgъ	russian	rog	rok	rok	SAME
rǫbìti	russian	rubítʹ	rʊˈbʲitʲ	rʊˈbʲitʲ	SAME
rǭkà	russian	ruká	rʊˈka	rʊˈka	SAME
rǫ̑bъ	russian	rub	rup	rup	SAME
rudъjь	russian	rúdyj	ˈrudɨj	ˈrudɨj	SAME
rỳdlo	russian	rýlo	[ˈrɨɫə]		CORRECTED
rỳti	russian	rytʹ	rɨtʲ	rɨtʲ	SAME
rāčìti	russian	ráčitʹ	ˈrat͡ɕɪtʲ	ˈrat͡ɕɪtʲ	SAME
rūnò	russian	runó	[rʊˈno]		CORRECTED
r̨uti	russian	revétʹ	rʲɪˈvʲetʲ	rʲɪˈvʲetʲ	SAME
rъvàti	russian	rvatʹ	[ˈrvatʲ]		CORRECTED
sadìti	russian	sadítʹ	sɐˈdʲitʲ	sɐˈdʲitʲ	SAME
sanь	russian	sáni	ˈsanʲɪ	ˈsanʲɪ	SAME
sȃdъ	russian	sad	sat	sat	SAME
sedъlò	russian	sedló	[sʲɪdˈlo]		CORRECTED
seló	russian	seló	sʲɪˈlo	sʲɪˈlo	SAME
serdà	russian	seredá	sʲɪrʲɪˈda	sʲɪrʲɪˈda	SAME
sestrà	russian	sestrá	sʲɪˈstra	sʲɪˈstra	SAME
sedmъjь	russian	sedʹmój	[sʲɪdʲˈmoi̯]		CORRECTED
sèdmь	russian	semʹ	sʲemʲ	sʲɪmʲ	DIFFERENT
sěděti	russian	sidétʹ	sʲɪˈdʲetʲ	sʲɪˈdʲetʲ	SAME
sěkti	russian	sečʹ	sʲet͡ɕ	sʲɪt͡ɕ	DIFFERENT
sěsti	russian	sestʹ	sʲesʲtʲ	sʲɪsʲtʲ	DIFFERENT
sětь	russian	setʹ	[ˈsʲetʲ]		CORRECTED
sě̀jati	russian	séjatʹ	[ˈsʲe(j)ɪtʲ]		CORRECTED
sě̀mę	russian	sémja	ˈsʲemʲə		IN_WIKTIONARY
sě̀nь	russian	senʹ	sʲenʲ	sʲɪnʲ	DIFFERENT
sě̀ti	russian	séjatʹ	[ˈsʲe(j)ɪtʲ]		CORRECTED
sě̀verъ	russian	séver	ˈsʲevʲɪr	ˈsʲevʲɪr	SAME
sě̑no	russian	séno	ˈsʲenə		IN_WIKTIONARY
sęgnǫti	russian	sjagnútʹ	sʲɪɡˈnutʲ	sʲɪɡˈnutʲ	SAME
jьzsęknǫti	russian	issjáknutʹ	ɪˈsʲːaknʊtʲ	ɪˈsʲːaknʊtʲ	SAME
sijàti	russian	sijátʹ	sʲɪˈjætʲ	sʲɪˈjætʲ	SAME
sìla	russian	síla	ˈsʲilə	ˈsʲilə	SAME
sìto	russian	síto	ˈsʲitə	ˈsʲitə	SAME
sivъjь	russian	sívyj	ˈsʲivɨj		IN_WIKTIONARY
skorda	russian	skorodá	skərɐˈda	skərɐˈda	SAME
slabъjь	russian	slábyj	ˈslabɨj	ˈslabɨj	SAME
slàva	russian	sláva	ˈslavə	ˈslavə	SAME
slimakъ	russian	slimák	s⁽ʲ⁾lʲɪˈmak	s⁽ʲ⁾lʲɪˈmak	SAME
slìna	russian	slína	ˈs⁽ʲ⁾lʲinə	ˈs⁽ʲ⁾lʲinə	SAME
slìva	russian	slíva	ˈs⁽ʲ⁾lʲivə	ˈs⁽ʲ⁾lʲivə	SAME
slȍvo	russian	slóvo	ˈslovə	ˈslovə	SAME
slǫ̀ka	russian	slúka	ˈslukə	ˈslukə	SAME
slùšati	russian	slúšatʹ	ˈsluʂətʲ	ˈsluʂətʲ	SAME
slȗxъ	russian	slux	slux		IN_WIKTIONARY
slyti	russian	slytʹ	slɨtʲ	slɨtʲ	SAME
slỳšati	russian	slýšatʹ	ˈslɨʂətʲ	ˈslɨʂətʲ	SAME
směxъ	russian	smex	smʲex	smʲex	SAME
smȏrdъ	russian	smórod	ˈsmorət		IN_WIKTIONARY
smьjàti sę	russian	smejátʹsja	smʲɪˈjat͡sːə		IN_WIKTIONARY
smьrdě̀ti	russian	smerdétʹ	smʲɪrˈdʲetʲ	smʲɪrˈdʲetʲ	SAME
sněgъ	russian	sneg	snʲek	sʲnʲek	DIFFERENT
snuti	russian	snovátʹ	[snɐˈvatʲ]		CORRECTED
snъxà	russian	snoxá	snɐˈxa	snɐˈxa	SAME
solnъjь	russian	sólonyj	ˈsolənɨj	ˈsolənɨj	SAME
soltina	russian	solotína	səlɐˈtʲinə	səlɐˈtʲinə	SAME
solvъjь	russian	solóvyj	sɐˈlovɨj	sɐˈlovɨj	SAME
sovati	russian	sovátʹ	sɐˈvatʲ	sɐˈvatʲ	SAME
sovà	russian	sová	sɐˈva	sɐˈva	SAME
soxà	russian	soxá	[sɐˈxa]		CORRECTED
sočìti	russian	sočítʹ	sɐˈt͡ɕitʲ	sɐˈt͡ɕitʲ	SAME
soldъkъjь	russian	solódkij	sɐˈlotkʲɪj	sɐˈlotkʲɪj	SAME
sòlma	russian	solóma	sɐˈlomə	sɐˈlomə	SAME
sòmъ	russian	som	som	som	SAME
sȏkъ	russian	sok	sok	sok	SAME
sȏlь	russian	solʹ	solʲ	solʲ	SAME
sǫ-	russian	su-	su ˈoːs	su ˈɛ	DIFFERENT
sǫditi	russian	sudítʹ	sʊˈdʲitʲ	sʊˈdʲitʲ	SAME
sǫdì	russian	sudʹjá	sʊˈdʲja	sʊˈdʲja	SAME
sǫ́dъ	russian	sud	sut	sʊt	DIFFERENT
sǫ̑kъ	russian	suk	suk		IN_WIKTIONARY
spěšiti	russian	spešítʹ	spʲɪˈʂɨtʲ	spʲɪˈʂɨtʲ	SAME
spě̀ti	russian	spetʹ	spʲetʲ	spʲɪtʲ	DIFFERENT
spě̑xъ	russian	spex	spʲex	spʲex	SAME
stàdo	russian	stádo	ˈstadə	ˈstadə	SAME
starъjь	russian	stáryj	ˈstarɨj	ˈstarɨj	SAME
stàti	russian	statʹ	[ˈstatʲ]		CORRECTED
stàviti	russian	stávitʹ	ˈstavʲɪtʲ	ˈstavʲɪtʲ	SAME
stȃnъ	russian	stan	stan	stan	SAME
stenàti	russian	stenátʹ	sʲtʲɪˈnatʲ	sʲtʲɪˈnatʲ	SAME
stergti	russian	steréčʹ	sʲtʲɪˈrʲet͡ɕ	sʲtʲɪˈrʲet͡ɕ	SAME
stě̀nь	russian	stenʹ	sʲtʲenʲ	sʲtʲenʲ	SAME
stigti	russian	postíčʹ	pɐˈsʲtʲit͡ɕ	pɐˈsʲtʲit͡ɕ	SAME
stìgnǫti	russian	postígnutʹ	pɐˈsʲtʲiɡnʊtʲ	pɐˈsʲtʲiɡnʊtʲ	SAME
stogъ	russian	stog	stok	stok	SAME
stojati	russian	stojátʹ	stɐˈjætʲ	stɐˈjætʲ	SAME
stonъ	russian	ston	ston	ston	SAME
stornà	russian	storoná	stərɐˈna	stərɐˈna	SAME
stòlъ	russian	stol	[ˈstoɫ]		CORRECTED
stȏržь	russian	stórož	ˈstorəʂ		IN_WIKTIONARY
strigti	russian	stričʹ	strʲit͡ɕ		IN_WIKTIONARY
strǫkъ	russian	struk	struk	struk	SAME
strujà	russian	strujá	strʊˈja	strʊˈja	SAME
strȗpъ	russian	strup	strup	strup	SAME
studenъjь	russian	studjónyj	stʊˈdʲɵnɨj	stʊˈdʲɵnɨj	SAME
studìti	russian	studítʹ	stʊˈdʲitʲ	stʊˈdʲitʲ	SAME
studъ	russian	studʹ	stutʲ	stutʲ	SAME
stydъ	russian	styd	stɨt		IN_WIKTIONARY
stỳdnǫti	russian	stýnutʹ	ˈstɨnʊtʲ	ˈstɨnʊtʲ	SAME
stьblò	russian	stebló	sʲtʲɪˈblo	sʲtʲɪˈblo	SAME
stьblь	russian	stébelʹ	ˈsʲtʲebʲɪlʲ		IN_WIKTIONARY
stьdzà	russian	stezjá	sʲtʲɪˈzʲa	sʲtʲɪˈzʲa	SAME
stьgna	russian	stógna	ˈstoɡnə	ˈstoɡnə	SAME
stьlati	russian	stlatʹ	ˈstlatʲ	stlatʲ	DIFFERENT
sujь	russian	súe	ˈsujɪ	ˈsuʲe	DIFFERENT
sunǫti	russian	súnutʹ	ˈsunʊtʲ	ˈsunʊtʲ	SAME
sušìti	russian	sušítʹ	sʊˈʂɨtʲ	sʊˈʂɨtʲ	SAME
suxъjь	russian	suxój	sʊˈxoj	sʊˈxoj	SAME
svekry	russian	svekróvʹ	svʲɪˈkrofʲ	svʲɪˈkrofʲ	SAME
svekrъ	russian	svjókor	ˈsvʲɵkər	ˈsvʲɵkər	SAME
svě̄tjà	russian	svečá	svʲɪˈt͡ɕa	svʲɪˈt͡ɕa	SAME
svě̑tъ	russian	světъ	ˈsvʲːjʲɪtʲ	sfʲtʲt	DIFFERENT
svetъjь	russian	svjatój	svʲɪˈtoj	svʲɪˈtoj	SAME
svinъjь	russian	svinój	svʲɪˈnoj		IN_WIKTIONARY
svinьjà	russian	svinʹjá	svʲɪˈnʲja	svʲɪˈnʲja	SAME
svȏrbъ	russian	svórob	ˈsvorəp	ˈsvorəp	SAME
svьrběti	russian	sverbétʹ	svʲɪrˈbʲetʲ		IN_WIKTIONARY
sỳpati	russian	sýpatʹ	ˈsɨpətʲ	ˈsɨpətʲ	SAME
sỳrъ	russian	syr	sɨr	sɨr	SAME
sytъjь	russian	sýtyj	ˈsɨtɨj	ˈsɨtɨj	SAME
sytъjьjь	russian	sýtyj	ˈsɨtɨj	ˈsɨtɨj	SAME
sy̑nъ	russian	synъ	sɨnʲː	sɨn	DIFFERENT
sīdlò	russian	siló	sʲɪˈlo	sʲɪˈlo	SAME
serъjь	russian	séryj	ˈsʲerɨj		IN_WIKTIONARY
sъ	russian	s	s
sъdorvъjь	russian	zdoróvyj	zdɐˈrovɨj	zdɐˈrovɨj	SAME
sъlàti	russian	slatʹ	slatʲ		IN_WIKTIONARY
sъlojь	russian	sloj	sloj		IN_WIKTIONARY
sъmè̌ti	russian	smetʹ	ˈsmʲetʲ	smʲɪtʲ	DIFFERENT
sъmьrtь	russian	smertʹ	smʲertʲ	smʲɪrtʲ	DIFFERENT
sъn	russian	s	s
sъpati	russian	spatʹ	spatʲ	spatʲ	SAME
sъporъ	russian	spor	spor	spor	SAME
sъpъ	russian	sop	sop	sop	SAME
sъrěsti	russian	obrestí	ɐbrʲɪˈsʲtʲi	ɐbrʲɪˈsʲtʲi	SAME
sъsàti	russian	sosátʹ	sɐˈsatʲ	sɐˈsatʲ	SAME
sъtȏ	russian	sto	sto	sto	SAME
sъxnǫti	russian	sóxnutʹ	ˈsoxnʊtʲ	ˈsoxnʊtʲ	SAME
sъ̀nъ	russian	son	son	son	SAME
sъ̏lnьce	russian	sólnce	ˈsolnt͡sɨ	ˈsolnt͡sɨ	SAME
sь	russian	sej	sʲej	sʲej	SAME
sьcati	russian	scatʹ	st͡satʲ		IN_WIKTIONARY
sьrna	russian	sérna	[ˈsʲernə]		CORRECTED
sьršenь	russian	šéršenʹ	ˈʂɛrʂɨnʲ	ˈʂɛrʂɨnʲ	SAME
sь̑rdьce	russian	sérdce	[ˈsʲert͡sə]		CORRECTED
tajìti	russian	taítʹ	tɐˈitʲ	tɐˈitʲ	SAME
tatь	russian	tatʹ	[ˈtatʲ]		CORRECTED
tàjati	russian	tájatʹ	ˈtajɪtʲ	ˈta(j)ɪtʲ	DIFFERENT
tekti	russian	tečʹ	tʲet͡ɕ	tʲɪt͡ɕ	DIFFERENT
tekъ	russian	tjók	ˈtʲɵk	ˈtʲɵk	SAME
telktì	russian	tolóčʹ	tɐˈlot͡ɕ		IN_WIKTIONARY
tenetò	russian	tenjóto	tʲɪˈnʲɵtə	tʲɪˈnʲɵtə	SAME
teplъjь	russian	tjóplyj	ˈtʲɵplɨj		IN_WIKTIONARY
tesàti	russian	tesátʹ	tʲɪˈsatʲ	tʲɪˈsatʲ	SAME
tesъ	russian	tjós	ˈtʲɵs	ˈtʲɵs	SAME
teti	russian	tetí	tʲɪˈtʲi
tèrti	russian	terétʹ	tʲɪˈrʲetʲ	tʲɪˈrʲetʲ	SAME
těnь	russian	tenʹ	tʲenʲ	tʲɪnʲ	DIFFERENT
tesnъjь	russian	tésnyj	[ˈtʲesnɨi̯]		CORRECTED
tě̀mę	russian	témja	ˈtʲemʲə		IN_WIKTIONARY
tě̑sto	russian	tésto	ˈtʲestə		IN_WIKTIONARY
tęgnǫti	russian	tjanútʹ	tʲɪˈnutʲ	tʲɪˈnutʲ	SAME
tęti	russian	tjatʹ	tʲætʲ	tʲætʲ	SAME
težъkъjь	russian	tjážkij	[ˈtʲaʂkʲɪi̯]		CORRECTED
tìskati	russian	tískatʹ	ˈtʲiskətʲ	ˈtʲiskətʲ	SAME
toliti	russian	utolítʹ	ʊtɐˈlʲitʲ	ʊtɐˈlʲitʲ	SAME
topìti	russian	topítʹ	tɐˈpʲitʲ	tɐˈpʲitʲ	SAME
tȏkъ	russian	tok	tok	tok	SAME
togъjь	russian	tugój	tʊˈɡoj	tʊˈɡoj	SAME
tretьjь	russian	trétij	ˈtrʲetʲɪj	ˈtrʲetʲɪj	SAME
tręsti	russian	trjastí	trʲɪˈsʲtʲi	trʲɪˈsʲtʲi	SAME
trǫdъ	russian	trut	trut	trut	SAME
trǫtъ	russian	trútenʹ	[ˈtrutʲɪnʲ]		CORRECTED
trudъ	russian	trud	trut	trut	SAME
trȗpъ	russian	trup	trup	trup	SAME
trāvà	russian	travá	trɐˈva		IN_WIKTIONARY
trāvìti	russian	travítʹ	trɐˈvʲitʲ	trɐˈvʲitʲ	SAME
trъ̑stь	russian	trostʹ	trosʲtʲ	trosʲtʲ	SAME
tučьnъjь	russian	túčnyj	ˈtut͡ɕnɨj		IN_WIKTIONARY
tȗkъ	russian	tuk	tuk		IN_WIKTIONARY
tȗrъ	russian	tur	tur	tʊr	DIFFERENT
tvȃrь	russian	tvarʹ	tvarʲ	tvarʲ	SAME
tvorìti	russian	tvorítʹ	tvɐˈrʲitʲ	tvɐˈrʲitʲ	SAME
tvьrdь	russian	zemnaja t.	ˈzʲemnəjə tʲ
tvьrdъjь	russian	tvjórdyj	ˈtvʲɵrdɨi̯	ˈtvʲɵrdɨj	DIFFERENT
ty	russian	ty	tɨ	tɨ	SAME
tỳlъ	russian	tyl	tɨl	tɨl	SAME
tǭgà	russian	tugá	tʊˈɡa	tʊˈɡa	SAME
tъ	russian	tot	tot	tot	SAME
tъrgati	russian	rastorgátʹ	rəstɐrˈɡatʲ	rəstɐrˈɡatʲ	SAME
tъščьjь	russian	tóščij	ˈtoɕːɪj	ˈtoɕːɪj	SAME
tъščьjьjь	russian	tóščij	ˈtoɕːɪj	ˈtoɕːɪj	SAME
tьlěti	russian	tletʹ	tlʲetʲ	tlʲetʲ	SAME
tьma	russian	tьma	tʲːa	t͡zma	DIFFERENT
tьnьkъjь	russian	tónkij	ˈtonkʲɪj	ˈtonkʲɪj	SAME
užasъ	russian	úžas	ˈuʐəs	ˈuʐəs	SAME
vaditi	russian	váditʹ	ˈvadʲɪtʲ	ˈvadʲɪtʲ	SAME
varìti	russian	varítʹ	vɐˈrʲitʲ		IN_WIKTIONARY
vasъ	russian	nas	nas		IN_WIKTIONARY
vȃrъ	russian	var	var	var	SAME
vedro	russian	vjódro	ˈvʲɵdrə	ˈvʲɵdrə	SAME
velě̀ti	russian	velétʹ	vʲɪˈlʲetʲ	vʲɪˈlʲetʲ	SAME
velikъjь	russian	velíkij	vʲɪˈlʲikʲɪj	vʲɪˈlʲikʲɪj	SAME
velkti	russian	volóčʹ	vɐˈlot͡ɕ	vɐˈlot͡ɕ	SAME
velьjь	russian	velij	[vʲɪlʲɪi̯]		CORRECTED
velьmi	russian	velʹmí	vʲɪlʲˈmʲi	vʲɪlʲˈmʲi	SAME
vermę	russian	vrémja	ˈvrʲemʲə	ˈvrʲemʲə	SAME
vertenò	russian	veretenó	vʲɪrʲɪtʲɪˈno		IN_WIKTIONARY
veslò	russian	vesló	vʲɪsˈlo	vʲɪsˈlo	SAME
vesnà	russian	vesná	vʲɪsˈna		IN_WIKTIONARY
vesti	russian	vestí	vʲɪˈsʲtʲi	vʲɪˈsʲtʲi	SAME
vetъxъjь	russian	vétxij	ˈvʲetxʲɪj	ˈvʲetxʲɪj	SAME
veztì	russian	veztí	vʲɪˈsʲtʲi	vʲɪzʲˈtʲi	DIFFERENT
věděti	russian	védatʹ	ˈvʲedətʲ	ˈvʲedətʲ	SAME
vědrò	russian	vedró	vʲɪˈdro	vʲɪˈdro	SAME
větjati	russian	veščátʹ	vʲɪˈɕːætʲ		IN_WIKTIONARY
vě̀jati	russian	véjatʹ	ˈvʲejɪtʲ	ˈvʲe(j)ɪtʲ	DIFFERENT
vě̀ko	russian	véko	ˈvʲekə	ˈvʲekə	SAME
vě̀ra	russian	véra	ˈvʲerə	ˈvʲerə	SAME
vě̀trъ	russian	véter	ˈvʲetʲɪr	ˈvʲetʲɪr	SAME
vě̑no	russian	véno	ˈvʲenə	ˈvʲenə	SAME
vȅčerъ	russian	véčer	ˈvʲet͡ɕɪr	ˈvʲet͡ɕɪr	SAME
vę̀dnǫti	russian	vjánutʹ	ˈvʲanʊtʲ	ˈvʲanʊtʲ	SAME
vę̄zàti	russian	vjazátʹ	vʲɪˈzatʲ		IN_WIKTIONARY
virъ	russian	vir	vʲir	vʲir	SAME
viti	russian	vitʹ	ˈvʲitʲ	vʲitʲ	DIFFERENT
vitь	russian	vitʹ	ˈvʲitʲ	vʲitʲ	DIFFERENT
vixъrъ	russian	vixrʹ	vʲixrʲ	vʲixʲ	DIFFERENT
vìděti	russian	vídetʹ	[ˈvʲidʲɪtʲ]		CORRECTED
vȋdъ	russian	vid	vʲit	vʲit	SAME
vodà	russian	vodá	vɐˈda		IN_WIKTIONARY
vodìti	russian	vodítʹ	vɐˈdʲitʲ	vɐˈdʲitʲ	SAME
vojьna	russian	vojná	vɐjˈna	vɐjˈna	SAME
volkà	russian	volóka	vɐˈlokə	vɐˈlokə	SAME
volknò	russian	voloknó	vəlɐkˈno		IN_WIKTIONARY
volstь	russian	vólostʹ	ˈvoləsʲtʲ	ˈvoləsʲtʲ	SAME
volžiti	russian	voložítʹ	vəlɐˈʐɨtʲ	vəlɐˈʐɨtʲ	SAME
vorta	russian	voróta	vɐˈrotə	vɐˈrotə	SAME
vortìti	russian	vorotítʹ	vərɐˈtʲitʲ		IN_WIKTIONARY
voskъ	russian	vosk	vosk		IN_WIKTIONARY
vozìti	russian	vozítʹ	vɐˈzʲitʲ	vɐˈzʲitʲ	SAME
vòlga	russian	vológa	vɐˈloɡə	vɐˈloɡə	SAME
vòl̨a	russian	vólja	ˈvolʲə		IN_WIKTIONARY
vòrna	russian	voróna	vɐˈronə	vɐˈronə	SAME
vȏlkъ	russian	vólok	ˈvolək	ˈvolək	SAME
vȏlsъ	russian	vólos	ˈvoləs	ˈvoləs	SAME
vȏrgъ	russian	vórog	ˈvorək	ˈvorək	SAME
vȏrnъ	russian	vóron	ˈvorən	ˈvorən	SAME
vȏzъ	russian	voz	vos	vos	SAME
vy	russian	vy	vɨˈoː	vɨ	DIFFERENT
vy-	russian	vy-	vɨˈroːtɨ	vɨ	DIFFERENT
vypь	russian	vypʹ	vɨpʲ	vɨpʲ	SAME
vysokъjь	russian	vysókij	vɨˈsokʲɪj	vɨˈsokʲɪj	SAME
vysь	russian	vysʹ	ˈvɨsʲ	vɨsʲ	DIFFERENT
vỳmę	russian	výmja	ˈvɨmʲə	ˈvɨmʲə	SAME
v̀ydra	russian	výdra	ˈvɨdrə	ˈvɨdrə	SAME
vъ	russian	v	f
vъn	russian	v	f
vъnùkъ	russian	vnúk	ˈvnuk	ˈvnuk	SAME
vъnъ	russian	von	von		IN_WIKTIONARY
vъnьziti	russian	vonzítʹ	vɐn⁽ʲ⁾ˈzʲitʲ	vɐn⁽ʲ⁾ˈzʲitʲ	SAME
vъpìti	russian	vopítʹ	[vɐˈpʲitʲ]		CORRECTED
vъsuje	russian	vsúe	[ˈfsu(j)ɪ]		CORRECTED
vъtorъjьjь	russian	vtorój	ftɐˈroj	ftɐˈroj	SAME
vъ̑šь	russian	vošʹ	voʂ	voʂ	SAME
vьdovà	russian	vdová	vdɐˈva	vdɐˈva	SAME
vьlgъkъjь	russian	vólgkij	ˈvolkxʲɪj	ˈvolkkʲɪj	DIFFERENT
vьlnà	russian	volná	vɐlˈna	vɐlˈna	SAME
vьrěti	russian	vretʹ	ˈvrʲetʲ	vrʲɪtʲ	DIFFERENT
otvьrgnǫti	russian	otvérgnutʹ	ɐtˈvʲerɡnʊtʲ	ɐtˈvʲerɡnʊtʲ	SAME
vьrtě̀ti	russian	vertétʹ	vʲɪrˈtʲetʲ	vʲɪrˈtʲetʲ	SAME
vьśь	russian	vesʹ	[ˈvʲesʲ]		CORRECTED
vьsь	russian	vesʹ	[ˈvʲesʲ]		CORRECTED
vьčera	russian	včerá	ft͡ɕɪˈra		IN_WIKTIONARY
vь̀lna	russian	vólna	ˈvolnə	ˈvolnə	SAME
vь̀rxъ	russian	verx	vʲerx	vʲɪrx	DIFFERENT
vь̀rša	russian	vérša	[ˈvʲerʂə]		CORRECTED
vь̑lkъ	russian	volk	volk	volk	SAME
xabiti	russian	xábitʹ	ˈxabʲɪtʲ	ˈxabʲɪtʲ	SAME
xlě̀bъ	russian	xleb	xlʲep		IN_WIKTIONARY
xlębь	russian	xljabʹ	xlʲapʲ	xlʲapʲ	SAME
xlǫdъ	russian	xlud	xlut	xlut	SAME
xoditi	russian	xodítʹ	xɐˈdʲitʲ	xɐˈdʲitʲ	SAME
xoldьnъjь	russian	xolódnyj	xɐˈlodnɨj	xɐˈlodnɨj	SAME
xomǫtъ	russian	xomút	xɐˈmut	xɐˈmut	SAME
xorbrъjь	russian	xoróbryj	xɐˈrobrɨi̯	xɐˈrobrɨj	DIFFERENT
xorniti	russian	xoronítʹ	xərɐˈnʲitʲ	xərɐˈnʲitʲ	SAME
xoxotati	russian	xoxotátʹ	xəxɐˈtatʲ	xəxɐˈtatʲ	SAME
xȏdъ	russian	xod	[ˈxot]		CORRECTED
xȏldъ	russian	xólod	ˈxolət	ˈxolət	SAME
xromъjь	russian	xromój	xrɐˈmoj	xrɐˈmoj	SAME
xudъjь	russian	xudój	[xʊˈdoi̯]		CORRECTED
xvorъjь	russian	xvóryj	ˈxvorɨi̯	ˈxvorɨj	DIFFERENT
xvórstъ	russian	xvórost	ˈxvorəst	ˈxvorəst	SAME
za	russian	za	za	za	SAME
zabordlo	russian	zaborólo	zəbɐˈrolə	zəbɐˈrolə	SAME
zar̨à	russian	zarjá	zɐˈrʲa	zɐˈrʲa	SAME
zaverti	russian	zaverétʹ	zəvʲɪˈrʲetʲ	zəvʲɪˈrʲetʲ	SAME
zelenъjь	russian	zeljónyj	zʲɪˈlʲɵnɨj	zʲɪˈlʲɵnɨj	SAME
zelьje	russian	zélʹe	ˈzʲelʲje	ˈzʲelʲe	DIFFERENT
zeml̨à	russian	zemljá	zʲɪˈmlʲa	zʲɪˈmlʲa	SAME
zěnica	russian	zeníca	zʲɪˈnʲit͡sə	zʲɪˈnʲit͡sə	SAME
zěvati	russian	zevátʹ	zʲɪˈvatʲ	zʲɪˈvatʲ	SAME
zębnǫti	russian	zjábnutʹ	ˈzʲabnʊtʲ	ˈzʲabnʊtʲ	SAME
zę̀tь	russian	zjatʹ	zʲætʲ	zʲɪtʲ	DIFFERENT
zìnǫti	russian	razínutʹ	rɐˈzʲinʊtʲ	rɐˈzʲinʊtʲ	SAME
zmьjà	russian	zmejá	zmʲɪˈja	zmʲɪˈja	SAME
zmь̀jь	russian	zmej	zmʲej	zmʲej	SAME
znàmę	russian	známja	ˈznamʲə		IN_WIKTIONARY
znàti	russian	znatʹ	[ˈznatʲ]		CORRECTED
znojь	russian	znoj	znoj		IN_WIKTIONARY
znьjati	russian	znijátʹ	zʲnʲɪˈjætʲ	zʲnʲɪˈjætʲ	SAME
zobàti	russian	zobátʹ	zɐˈbatʲ	zɐˈbatʲ	SAME
zòrdъ	russian	zoród	zɐˈrot	zɐˈrot	SAME
zȍlto	russian	zóloto	ˈzolətə	ˈzolətə	SAME
zȏrkъ	russian	zórok	ˈzorək	ˈzorək	SAME
zīmà	russian	zimá	zʲɪˈma	zʲɪˈma	SAME
zъly	russian	zolóvka	zɐˈlofkə	zɐˈlofkə	SAME
zъlъjь	russian	zloj	zloj	zloj	SAME
zъvati	russian	zovátʹ	zɐˈvatʲ	zɐˈvatʲ	SAME
zьlčь	russian	žjólčʹ	ˈʐʲɵlt͡ɕ	ˈʐɨlt͡ɕ	DIFFERENT
zьrěti	russian	zretʹ	ˈzrʲetʲ	zrʲɪtʲ	DIFFERENT
zь̀rno	russian	zernó	zʲɪrˈno	zʲɪrˈno	SAME
čadъ	russian	čad	ˈt͡ɕat	t͡ɕat	DIFFERENT
čarodějь	russian	čarodéj	t͡ɕɪrɐˈdʲej	t͡ɕɪrɐˈdʲej	SAME
čarъ	russian	čáry	ˈt͡ɕarɨ	ˈt͡ɕarɨ	SAME
čàjati	russian	čájatʹ	ˈt͡ɕæjɪtʲ	ˈt͡ɕæ(j)ɪtʲ	DIFFERENT
čàsъ	russian	čas	ˈt͡ɕas	t͡ɕas	DIFFERENT
čekati	russian	čekátʹ	t͡ɕɪˈkatʲ	t͡ɕɪˈkatʲ	SAME
čelověkъ	russian	čelovék	t͡ɕɪlɐˈvʲek		IN_WIKTIONARY
čel̨adь	russian	čéljadʹ	ˈt͡ɕelʲɪtʲ	ˈt͡ɕelʲɪtʲ	SAME
čemerъ	russian	čémer	ˈt͡ɕemʲɪr	ˈt͡ɕemʲɪr	SAME
čerdìti	russian	čeredítʹ	t͡ɕɪrʲɪˈdʲitʲ	t͡ɕɪrʲɪˈdʲitʲ	SAME
černь	russian	čérenʹ	ˈt͡ɕerʲɪnʲ	ˈt͡ɕerʲɪnʲ	SAME
čerslò	russian	čeresló	t͡ɕɪrʲɪsˈlo	t͡ɕɪrʲɪsˈlo	SAME
červьje	russian	čerjóvʹja	[t͡ɕɪˈrʲɵv⁽ʲ⁾jə]		CORRECTED
česàti	russian	česátʹ	t͡ɕɪˈsatʲ	t͡ɕɪˈsatʲ	SAME
četvьrtъjь	russian	četvjórtyj	t͡ɕɪtˈvʲɵrtɨj	t͡ɕɪtˈvʲɵrtɨj	SAME
četỳre	russian	četýre	t͡ɕɪˈtɨrʲe	t͡ɕɪˈtɨrʲe	SAME
čèznǫti	russian	čéznutʹ	ˈt͡ɕeznʊtʲ	ˈt͡ɕeznʊtʲ	SAME
čȇrpъ	russian	čérep	ˈt͡ɕerʲɪp	ˈt͡ɕerʲɪp	SAME
čȇrvo	russian	čerjóvo	t͡ɕɪˈrʲɵvə	t͡ɕɪˈrʲɵvə	SAME
čestъjь	russian	částyj	ˈt͡ɕastɨj	ˈt͡ɕastɨj	SAME
čę̑stь	russian	častʹ	t͡ɕɪsʲtʲ	t͡ɕasʲtʲ	DIFFERENT
či	russian	či	t͡ɕi	t͡ɕi	SAME
činìti	russian	činítʹ	[t͡ɕɪˈnʲitʲ]		CORRECTED
čitati	russian	čitátʹ	t͡ɕɪˈtatʲ	t͡ɕɪˈtatʲ	SAME
čìstiti	russian	čístitʹ	ˈt͡ɕisʲtʲɪtʲ		IN_WIKTIONARY
čistъjь	russian	čìstyj	t͡ɕistɨi̯	t͡ɕstɨj	DIFFERENT
čȋnъ	russian	čin	t͡ɕin	t͡ɕin	SAME
čuditi	russian	čudítʹ	[t͡ɕʉˈdʲitʲ]		CORRECTED
čùdo	russian	čúdo	ˈt͡ɕudə	ˈt͡ɕudə	SAME
čùti	russian	čújatʹ	ˈt͡ɕʉjɪtʲ	ˈt͡ɕʉ(j)ɪtʲ	DIFFERENT
čьrmьnъjь	russian	čeremnój	t͡ɕɪrʲɪmˈnoj	t͡ɕɪrʲɪmˈnoj	SAME
čьrpati	russian	čérpatʹ	ˈt͡ɕerpətʲ	ˈt͡ɕerpətʲ	SAME
čьrstvъjь	russian	čjórstvyj	ˈt͡ɕɵrstvɨj	ˈt͡ɕɵrstvɨj	SAME
čьrtà	russian	čertá	t͡ɕɪrˈta	t͡ɕɪrˈta	SAME
čьrvь	russian	červʹ	t͡ɕerfʲ	t͡ɕɪrfʲ	DIFFERENT
čьto	russian	čto	t͡ɕto	t͡ɕto	SAME
čьrnъjь	russian	čjórnyj	ˈt͡ɕɵrnɨi̯	ˈt͡ɕɵrnɨj	DIFFERENT
čь̑stь	russian	čestʹ	t͡ɕesʲtʲ	t͡ɕɪsʲtʲ	DIFFERENT
ę̄drò	russian	jadró	jɪˈdro	(j)ɪˈdro	DIFFERENT
ę̄trò	russian	játro	ˈjatrə	ˈjatrə	SAME
ǭtrò	russian	nutró	nʊˈtro	nʊˈtro	SAME
ǭtròba	russian	utróba	ʊˈtrobə	ʊˈtrobə	SAME
šestъjь	russian	šestój	ʂɨˈstoj	ʂɨˈstoj	SAME
šȇstь	russian	šestʹ	ʂɛsʲtʲ		IN_WIKTIONARY
šibati	russian	šibátʹ	ʂɨˈbatʲ	ʂɨˈbatʲ	SAME
šìti	russian	šitʹ	ʂɨtʲ	ʂɨtʲ	SAME
šulo	russian	šúlo	ˈʂulə	ˈʂulə	SAME
šurь	russian	šúrin	ˈʂurʲɪn	ˈʂurʲɪn	SAME
ščenę	russian	ščenók	ɕːɪˈnok	ɕːɪˈnok	SAME
ščítъ	russian	ščit	ɕːɪtʲ	ɕːit	DIFFERENT
ūslò	russian	usló	ʊsˈlo	ʊsˈlo	SAME
ūslò?	russian	usló	ʊsˈlo	ʊsˈlo	SAME
ūstà	russian	ustá	ʊˈsta	ʊˈsta	SAME
ūzdà	russian	uzdá	ʊzˈda	ʊzˈda	SAME
žalь	russian	žalʹ	ʐalʲ	ʐalʲ	SAME
žarъ	russian	žar	ʐar		IN_WIKTIONARY
žàba	russian	žába	ˈʐabə	ˈʐabə	SAME
že	russian	že	ˈʐɛ	ʐɛ	DIFFERENT
žegti	russian	žečʹ	ˈʐɛt͡ɕ	ʐɨt͡ɕ	DIFFERENT
želě̀zo	russian	želézo	[ʐɨˈlʲezə]		CORRECTED
želǫdъkъ	russian	želúdok	ʐɨˈludək	ʐɨˈludək	SAME
žely	russian	žolvʹ	ʐolf⁽ʲ⁾fʲ
želza	russian	železá	ʐɨlʲɪˈza	ʐɨlʲɪˈza	SAME
ženà	russian	žená	ʐɨˈna	ʐɨˈna	SAME
žeravь	russian	žurávlʹ	[ʐʊˈravlʲ]		CORRECTED
žerbьjь	russian	žrébij	ˈʐrʲebʲɪj	ˈʐrʲebʲɪj	SAME
žerdlò	russian	žereló	ʐɨrʲɪˈlo	ʐɨrʲɪˈlo	SAME
žerti	russian	žratʹ	ʐratʲ	ʐratʲ	SAME
žę̄dàti	russian	žadátʹ	ʐɐˈdatʲ		IN_WIKTIONARY
žȅlǫdь	russian	žjóludʹ	ˈʐʲɵlʊtʲ	ˈʐɨlʊdʲ	DIFFERENT
žedьnъjь	russian	žádnyj	ˈʐadnɨj	ˈʐadnɨj	SAME
žęti	russian	žatʹ	ʐatʲ	ʐatʲ	SAME
žę̀dlo	russian	žálo	ˈʐalə	ˈʐalə	SAME
žę̀tva	russian	žátva	[ˈʐatvə]		CORRECTED
židъkъjь	russian	žídkij	ˈʐɨtkʲɪj	ˈʐɨtkʲɪj	SAME
živìca	russian	živíca	ʐɨˈvʲit͡sə	ʐɨˈvʲit͡sə	SAME
živòtъ	russian	živót	ʐɨˈvot	ʐɨˈvot	SAME
žìca	russian	žíca	ˈʐɨt͡sə	ˈʐɨt͡sə	SAME
žìla	russian	žíla	ˈʐɨlə	ˈʐɨlə	SAME
žìti	russian	žitʹ	ʐɨtʲ	ʐɨtʲ	SAME
žìto	russian	žíto	ˈʐɨtə	ˈʐɨtə	SAME
živъjь	russian	živój	ʐɨˈvoj	ʐɨˈvoj	SAME
žuriti	russian	žurítʹ	ʐʊˈrʲitʲ	ʐʊˈrʲitʲ	SAME
žьdàti	russian	ždatʹ	ʐdatʲ	ʐdatʲ	SAME
žьlna	russian	želná	ʐɨlˈna	ʐɨlˈna	SAME
žьltъjь	russian	žjóltyj	ˈʐʲɵltɨj	ˈʐɨltɨj	DIFFERENT
žьrny	russian	žjórnov	ˈʐʲɵrnəf	ˈʐjɵrnəf	DIFFERENT
žьrtva	russian	žértva	ˈʐɛrtvə	ˈʐɛrtvə	SAME
žьrьcь	russian	žrec	ʐrʲet͡s	ʐrʲet͡s	SAME
žьvàti	russian	žev́atʹ	ʐɛːɪtʲ	ʐɨˈvatʲ	DIFFERENT
arьmò	russian	jarmó	jɪrˈmo	(j)ɪrˈmo	DIFFERENT
àblonь	russian	jáblonʹ	[ˈjabɫənʲ]		CORRECTED
àblъkъ	russian	jábloko	ˈjabɫəkə	ˈjabləkə	DIFFERENT
àstrę̄bъ	russian	jástreb	ˈjastrʲɪp	ˈjastrʲɪp	SAME
ȁsenь	russian	jásenʹ	[ˈjæsʲɪnʲ]		CORRECTED
bȁsn̨a	russian	básnja	ˈbasʲnʲə	ˈbasʲnʲə	SAME
bobrъ	russian	bobr	bobr	boˈbr	DIFFERENT
bedrò	russian	bedró	bʲɪˈdro	bʲɪˈdro	SAME
bel(e)nъ	russian	belen	ˈbʲelʲɪn	bʲɪlʲɪn	DIFFERENT
beleniti sę	russian	belenítʹsja	bʲɪlʲɪˈnʲit͡sːə
blekotъ	russian	bljókot	[ˈblʲɵkət]		CORRECTED
blistati	russian	blistátʹ	blʲɪˈstatʲ	blʲɪˈstatʲ	SAME
blizna	russian	blízna	[ˈblʲiznə]		CORRECTED
blizъkъjь	russian	blízyj	ˈblʲizɨj	ˈblʲizɨj	SAME
blizь	russian	bliz	ˈblʲis	blʲis	DIFFERENT
bolnь	russian	bolónʹ	bɐˈlonʲ	bɐˈlonʲ	SAME
bràtъ	russian	brat	[ˈbrat]		CORRECTED
bràtьja	russian	brátʹja	ˈbratʲjə	ˈbratʲjə	SAME
bridь	russian	bryd	ˈbrɨt	brɨt	DIFFERENT
br̨ȗxъ	russian	brjúxo	[ˈbrʲuxə]		CORRECTED
brъsati	russian	brosátʹ	brɐˈsatʲ	brɐˈsatʲ	SAME
brъsnǫti	russian	brosnútʹ	[brɐsˈnutʲ]		CORRECTED
bъrtь	russian	bortʹ	ˈbortʲ	bortʲ	DIFFERENT
bъ̀drъ	russian	bódryj	ˈbodrɨi̯	ˈbodrɨj	DIFFERENT
dalь	russian	dalʹ	dalʲ	dalʲ	SAME
dьl̨a	russian	dlja	dlʲa	dlʲa	SAME
dę̀ga	russian	djága	ˈdʲaɡə	ˈdʲaɡə	SAME
dę̄snà	russian	desná	dʲɪsˈna		IN_WIKTIONARY
dira	russian	dirá	dʲɪˈra	dʲɪˈra	SAME
drebà	russian	drobá	drɐˈba	drɐˈba	SAME
drevě	russian	drevě	ˈdrʲevʲe	drʲef	DIFFERENT
drevьnъ	russian	drévnij	ˈdrʲevnʲɪj	ˈdrʲevnʲɪj	SAME
drobězga	russian	drobezgá	[drəbʲɪzˈɡa]		CORRECTED
drokъ	russian	drok	[ˈdrok]		CORRECTED
droždžьje	russian	dróžži	[ˈdroʐːɨ]		CORRECTED
drьkolьje	russian	drekolʹ	ˈdrʲekəlʲ	drʲɪkəlʲ	DIFFERENT
dupa	russian	dúpa	ˈdupə	ˈdupə	SAME
dyra	russian	dyrá	dɨˈra	dɨˈra	SAME
etì	russian	etí	ɪˈtʲi	ɪˈtʲi	SAME
edinakъjь	russian	odinákij	ɐdʲɪˈnakʲɪj	ɐdʲɪˈnakʲɪj	SAME
edìnъ	russian	odín	ɐˈdʲin		IN_WIKTIONARY
ȇdlь	russian	elʹ	ɛlʲ	ɪlʲ	DIFFERENT
ledva	russian	jedvá	[jɪdˈva]		CORRECTED
elbedà	russian	lebedá	lʲɪbʲɪˈda	lʲɪbʲɪˈda	SAME
elbedь	russian	lébedʹ	ˈlʲebʲɪtʲ	ˈlʲebʲɪtʲ	SAME
elenь	russian	olénʹ	[ɐˈlʲenʲ]		CORRECTED
elъkъjь	russian	jólkij	ˈjɵlkʲɪj	ˈjɵlkʲɪj	SAME
olьxa	russian	olʹxá	[ɐlʲˈxa]		CORRECTED
emela	russian	oméla	ɐˈmʲelə	ɐˈmʲelə	SAME
emežь	russian	oméš	ɐˈmʲeʂ	ɐˈmʲeʂ	SAME
esètrъ	russian	osjótr	ɐˈsʲɵtr	ɐˈsʲɵtr	SAME
evьn̨a	russian	évnja	ˈɛvnʲə	ˈɛvnʲə	SAME
ěžь	russian	iž	ˈiʂ	iʂ	DIFFERENT
eževika	russian	eževíka	ɪʐɨˈvʲikə	ɪʐɨˈvʲikə	SAME
ežika	russian	ožíka	[ɐˈʐɨkə]		CORRECTED
ěrь	russian	jar	ˈjar	jar	DIFFERENT
ȅzerъ	russian	ózero	ˈozʲɪrə	ˈozʲɪrə	SAME
ęga	russian	jagá	jɪˈɡa	(j)ɪˈɡa	DIFFERENT
gatь	russian	gatʹ	ɡatʲ		IN_WIKTIONARY
glěnь	russian	glenʹ	[ˈɡlʲenʲ]		CORRECTED
glěvь	russian	gljóv	ˈɡlʲɵf	ˈɡlʲɵf	SAME
glístъ	russian	glist	[ˈɡlʲist]		CORRECTED
glumъ	russian	glum	ɡlum	ɡlum	SAME
górdja	russian	goróža	ɡɐˈroʐə	ɡɐˈroʐə	SAME
gognavъjь	russian	gugnávyj	ɡʊɡˈnavɨj	ɡʊɡˈnavɨj	SAME
gǫžьva	russian	gúžvá	ˈɡuʐˈva	ˈɡuʐˈva	SAME
grubъjь	russian	grúbyj	[ˈɡrubɨi̯]		CORRECTED
gruda	russian	grúda	[ˈɡrudə]		CORRECTED
gvozdъ	russian	gvozdʹ	ɡvosʲtʲ		IN_WIKTIONARY
gъrbъ	russian	gorb	ɡorp	ɡorp	SAME
gъrno	russian	gorn	ɡorn	ɡorn	SAME
osìna	russian	osína	ɐˈsʲinə	ɐˈsʲinə	SAME
jьgra	russian	igrá	[ɪˈɡra]		CORRECTED
jьkrà	russian	ikrá	[ɪˈkra]		CORRECTED
klìkati	russian	klíkatʹ	ˈklʲikətʲ	ˈklʲikətʲ	SAME
kogъda	russian	kogdá	kɐɡˈda	kɐɡˈda	SAME
kolto	russian	kólot	ˈkolət	ˈkolət	SAME
kopъtь	russian	kópot	[ˈkopət]		CORRECTED
korbъ	russian	kórob	ˈkorəp	ˈkorəp	SAME
kotora	russian	kotóra	kɐˈtorə	kɐˈtorə	SAME
kotorъ	russian	kotóryj	[kɐˈtorɨi̯]		CORRECTED
košarъ	russian	košára	kɐˈʂarə	kɐˈʂarə	SAME
krъxa	russian	kroxá	krɐˈxa	krɐˈxa	SAME
krьnica	russian	kriníca	krʲɪˈnʲit͡sə	krʲɪˈnʲit͡sə	SAME
kudъ	russian	kud	kut	kut	SAME
kъlkъ	russian	kolk	kolk	kolk	SAME
kъrmъ	russian	korm	korm	korm	SAME
lemešь	russian	lémeš	ˈlʲemʲeʂ	ˈlʲemʲeʂ	SAME
lękati	russian	ljakátʹ	[lʲɪˈkatʲ]		CORRECTED
lędvьja	russian	ljádveja	ˈlʲadvʲɪjə	ˈlʲadvʲɪjə	SAME
libavъjь	russian	ljubávyj	lʲʊˈbavɨj	lʲʊˈbavɨj	SAME
l̨udìna	russian	ljudína	lʲʉˈdʲinə	lʲʉˈdʲinə	SAME
majati	russian	májatʹ	ˈmajɪtʲ	ˈma(j)ɪtʲ	DIFFERENT
maniti	russian	manítʹ	mɐˈnʲitʲ	mɐˈnʲitʲ	SAME
materъjь	russian	matjóryj	mɐˈtʲɵrɨi̯	mɐˈtʲɵrɨj	DIFFERENT
materьnъjь	russian	matjórnyj	mɐˈtʲɵrnɨj	mɐˈtʲɵrnɨj	SAME
mȃzь	russian	mazʹ	masʲ		IN_WIKTIONARY
mèčь	russian	mečʹ	[ˈmʲet͡ɕ]		CORRECTED
mělь	russian	melʹ	ˈmʲelʲ	mʲɪlʲ	DIFFERENT
mě̑xъ	russian	mex	[ˈmʲex]		CORRECTED
melъjь	russian	melyj	mʲelɨi̯	mʲɪlɨj	DIFFERENT
męzdra	russian	mezdrá	mʲɪzˈdra	mʲɪzˈdra	SAME
mьglà	russian	mglá	ˈmɡla	ˈmɡla	SAME
murъ	russian	mur	mur	mʊr	DIFFERENT
muzga	russian	múzga	ˈmuzɡə	ˈmuzɡə	SAME
mъzga	russian	mzga	mzɡa	mzɡa	SAME
mьstь	russian	mьstь	ˈmʲestʲ
nekъto	russian	nékto	[ˈnʲektə]		CORRECTED
nȇrstъ	russian	nérest	ˈnʲerʲɪst	ˈnʲerʲɪst	SAME
nikati	russian	níkatʹ	[ˈnʲikətʲ]		CORRECTED
norvъ	russian	nórov	ˈnorəf	ˈnorəf	SAME
nozdr̨a	russian	nozdrjá	nɐzˈdrʲa	nɐzˈdrʲa	SAME
nȏrstъ	russian	nórost	[ˈnorəst]		CORRECTED
nuditi	russian	núditʹ	ˈnudʲɪtʲ	ˈnudʲɪtʲ	SAME
nùdja	russian	núža	ˈnuʐə	ˈnuʐə	SAME
nyně	russian	nýne	ˈnɨnʲe	ˈnɨnʲe	SAME
obora	russian	obóra	ɐˈborə	ɐˈborə	SAME
olьsa	russian	olʹsa	olʲsa
òrmę	russian	ramená	rəmʲɪˈna	rəmʲɪˈna	SAME
ȍlkъtь	russian	lókotʹ	ˈlokətʲ	ˈlokətʲ	SAME
ȍpako	russian	ópak	ˈopək
po	russian	po	po	pɛ ˈo	DIFFERENT
pavorzъ	russian	pávoroz	ˈpavərəs	ˈpavərəs	SAME
paznogъtь	russian	paznógtʹ	pɐzˈnoktʲ	pɐzˈnoktʲ	SAME
pelenà	russian	pelená	pʲɪlʲɪˈna	pʲɪlʲɪˈna	SAME
pegavъjь	russian	pégij	ˈpʲeɡʲɪj	ˈpʲeɡʲɪj	SAME
pȅpelъ	russian	pépel	ˈpʲepʲɪl	ˈpʲepʲɪl	SAME
piskarь	russian	piskárʹ	pʲɪˈskarʲ	pʲɪˈskarʲ	SAME
pǫgъvica	russian	púgovica	ˈpuɡəvʲɪt͡sə	ˈpuɡəvʲɪt͡sə	SAME
pǫ̀čiti	russian	púčitʹ	ˈput͡ɕɪtʲ	ˈput͡ɕɪtʲ	SAME
pǫpъ	russian	pup	pup	pup	SAME
pro	russian	pro	pro	pro	SAME
protivo	russian	prótiv	ˈprotʲɪf	ˈprotʲɪf	SAME
pỳrьjь	russian	pyréj	pɨˈrʲej	pɨˈrʲej	SAME
pīščàti	russian	piščátʹ	pʲɪˈɕːætʲ	pʲɪˈɕːætʲ	SAME
pьkъlo	russian	péklo	ˈpʲeklə	ˈpʲeklə	SAME
rębika	russian	rjabíka	[rʲɪˈbʲikə]		CORRECTED
rębъkъ	russian	rjabʹ	rʲæpʲ	rʲapʲ	DIFFERENT
sérnъ	russian	serjón	sʲɪˈrʲɵn	sʲɪˈrʲɵn	SAME
sę̀gati	russian	posjagátʹ	pəsʲɪˈɡatʲ	pəsʲɪˈɡatʲ	SAME
sol(o)vikъ	russian	solovéj	səlɐˈvʲej	səlɐˈvʲej	SAME
sòrka	russian	soróka	sɐˈrokə	sɐˈrokə	SAME
stryjь	russian	stroj	stroj	stroj	SAME
strьžь	russian	strež	strʲeʂ	strʲeʂ	SAME
strьženь	russian	stréženʹ	ˈstrʲeʐɨnʲ	ˈstrʲeʐɨnʲ	SAME
surovъjь	russian	suróvyj	sʊˈrovɨj	sʊˈrovɨj	SAME
tesla	russian	teslá	tʲɪsˈla	tʲɪsˈla	SAME
tęgati	russian	tjagátʹ	tʲɪˈɡatʲ	tʲɪˈɡatʲ	SAME
tęga	russian	tjága	[ˈtʲaɡə]		CORRECTED
tri	russian	tri	[ˈtrʲi]		CORRECTED
tỳsęti	russian	týsjača	ˈtɨsʲɪt͡ɕə		IN_WIKTIONARY
tьlò	russian	tlo	tlo		IN_WIKTIONARY
vȇrskъ	russian	véresk	ˈvʲerʲɪsk	ˈvʲerʲɪsk	SAME
voinъ	russian	vóinъ	ˈvoɪn	ˈvoɪn	SAME
volděti	russian	vladétʹ	vlɐˈdʲetʲ	vlɐˈdʲetʲ	SAME
vòn̨ь	russian	vonʹ	vonʲ		IN_WIKTIONARY
vъtorьnikъ	russian	vtórnik	ˈftornʲɪk	ˈftornʲɪk	SAME
vьrsta	russian	verstá	vʲɪrˈsta	vʲɪrˈsta	SAME
xvoja	russian	xvója	ˈxvojə	ˈxvojə	SAME
zijati	russian	zijátʹ	zʲɪˈjætʲ	zʲɪˈjætʲ	SAME
zȏbъ	russian	zob	[ˈzop]		CORRECTED
čemerica	russian	čemeríca	t͡ɕɪmʲɪˈrʲit͡sə	t͡ɕɪmʲɪˈrʲit͡sə	SAME
čerdà	russian	čeredá	t͡ɕɪrʲɪˈda	t͡ɕɪrʲɪˈda	SAME
černъ	russian	čeren	t͡ɕɪrʲɪnʲ	t͡ɕɪrʲɪn	DIFFERENT
čermъxa	russian	čerjómuxa	t͡ɕɪˈrʲɵmʊxə	t͡ɕɪˈrʲɵmʊxə	SAME
čersъ	russian	čérez	ˈt͡ɕerʲɪs	ˈt͡ɕerʲɪs	SAME
česno	russian	česnók	t͡ɕɪsˈnok	t͡ɕɪsˈnok	SAME
četverъ	russian	čétvero	ˈt͡ɕetvʲɪrə	ˈt͡ɕetvʲɪrə	SAME
čędъ	russian	čádo	[ˈt͡ɕadə]		CORRECTED
čixati	russian	čixátʹ	t͡ɕɪˈxatʲ	t͡ɕɪˈxatʲ	SAME
želàti	russian	želátʹ	ʐɨˈlatʲ	ʐɨˈlatʲ	SAME
želdь	russian	óželedʹ	ˈoʐɨlʲɪtʲ	ˈoʐɨlʲɪtʲ	SAME
žezlъ	russian	žezl	ʐɛzl	ʐɨzl	DIFFERENT
