a	slovene	a	a	a	SAME
ajьce	slovene	jájce	jàːjt͡sɛ		IN_WIKTIONARY
ako	slovene	àkọ	âko	áko	DIFFERENT
akъ	slovene	jȃk	jáːk	jáːk	SAME
akъjь	slovene	jȃk	jáːk	jáːk	SAME
aviti	slovene	jáviti	[jǎːʋiti]		CORRECTED
avьnъ	slovene	jávǝn	[jǎːʋən]		CORRECTED
azъ	slovene	jàz	jâs	jàːs	DIFFERENT
aščerъ	slovene	jȃščerica	jáːʃt͡ʃɛrit͡sa	jáːʃt͡ʃɛrit͡sa	SAME
àgnę	slovene	jágnje	jàːɡnjɛ		IN_WIKTIONARY
àgnьcь	slovene	jȃgnǝc	jáːɡnǝt͡s	jáːɡnǝt͡s	SAME
àma	slovene	jáma	[jǎːma]		CORRECTED
ȁgoda	slovene	jágoda	jàːɡɔda		IN_WIKTIONARY
badlovati	slovene	balováti	balɔʋàːti	balɔʋàːti	SAME
bàjati	slovene	bájati	bàːjati	bàːjati	SAME
bàviti sę	slovene	báviti se	bàːʋiti sɛ	bàːʋiti sɛsɛ	DIFFERENT
bȁba	slovene	bába	bàːba		IN_WIKTIONARY
berstъ	slovene	brẹ́st	brèːst	brèːst	SAME
bèrdjь	slovene	brẹ́ja	brèːja	brèːja	SAME
bèrmę	slovene	bréme	[brɛ̌ːmɛ]		CORRECTED
bèrza	slovene	brẹ́za	brèːza		IN_WIKTIONARY
běžàti	slovene	bẹ́žati	bèːʒati	bèːʒati	SAME
bě̀gati	slovene	bẹ́gati	bèːɡati	bèːɡati	SAME
bě́lъ	slovene	bẹ́ɫ	bèːu̯	bèːʊ	DIFFERENT
bě̄dà	slovene	bẹ́da	bèːda		IN_WIKTIONARY
bě̑sъ	slovene	bẹ̑s	béːs	béːs	SAME
bȇrgъ	slovene	brẹ̑g	bréːk		IN_WIKTIONARY
bìdlo	slovene	bílọ	bǐːlo	bìːlo	DIFFERENT
bìti	slovene	bíti	bìːti		IN_WIKTIONARY
bìtva	slovene	bȋtva	[bîːtʋa]		CORRECTED
bìčь	slovene	bìč	bît͡ʃ	bə́t͡ʃ	DIFFERENT
blekъ	slovene	blę́k	blěːk	blèːk	DIFFERENT
blějati	slovene	blẹ́jati	blèːjati	blèːjati	SAME
blě̑dъ	slovene	blẹ̑d	blêːt	bléːt	DIFFERENT
blě̑skъ	slovene	blẹ̑sk	blêːsk	bléːsk	DIFFERENT
blęsti	slovene	blésti	blɛ̀ːsti		IN_WIKTIONARY
bliskъ	slovene	blȋsk	blíːsk	blíːsk	SAME
blǭdìti	slovene	blǫ́diti	blòːditi	blò̝ːditi	DIFFERENT
blǫ̑dъ	slovene	blǫ̑d	[blôːt]		CORRECTED
bl̨ьvàti	slovene	bljǝváti	bljǝʋàːti	bljàːʋàːti	DIFFERENT
blъxà	slovene	bóɫha	bɔ̌ːuxa	bɔ̀ːʊxa	DIFFERENT
blьščati	slovene	blẹ́ščati	blèːʃt͡ʃati	blèːʃt͡ʃati	SAME
bodàti	slovene	bọ̑dati	bóːdati	bóːdati	SAME
bodъlь	slovene	bȏdǝlj	bɔ́ːdəl	bɔ́ːdəlj	DIFFERENT
bogàtъ	slovene	bogàt	bɔɡàːt	bɔɡàːt	SAME
bojati sę	slovene	bojáti se	bɔjàːti sɛ	bɔjàːti sɛ	SAME
bojaznь	slovene	bojȃzǝn	bɔjáːzǝn	bɔjáːzən	DIFFERENT
bojь	slovene	bòj	bɔ̂i̯	bɔ́j	DIFFERENT
bolěti	slovene	bolẹ́ti	bɔlèːti		IN_WIKTIONARY
bolzìna	slovene	blazína	blazìːna	blazìːna	SAME
bol̨e	slovene	bọ̑lje	bóːljɛ		IN_WIKTIONARY
bol̨eje	slovene	bọ̑lje	bóːljɛ		IN_WIKTIONARY
bolьjьjь	slovene	bọ̑lji	bóːlji	bóːlji	SAME
bordatъ	slovene	bradàt	bradàːt	bradát	DIFFERENT
bordà	slovene	bráda	bràːda		IN_WIKTIONARY
borna	slovene	brána	bràːna		IN_WIKTIONARY
borzdà	slovene	brázda	bràːzda		IN_WIKTIONARY
bostì	slovene	bósti	bɔ̀ːsti		IN_WIKTIONARY
bòlna	slovene	blȃna	bláːna	bláːna	SAME
bòlto	slovene	blátọ	blǎːto	blàːto	DIFFERENT
bȍršьno	slovene	brášnọ	bràːʃno	bràːʃno	SAME
bȏgъ	slovene	bọ̑g	bóːk		IN_WIKTIONARY
bȏlgo	slovene	blagọ̑	blaɡóː		IN_WIKTIONARY
bȏlgъ	slovene	blȃg	bláːk		IN_WIKTIONARY
bȏlь	slovene	bȏɫ	bɔ́ːʋ	bɔ́ːʊ	DIFFERENT
bȏrnь	slovene	brȃn	bráːn		IN_WIKTIONARY
bȏrvъ	slovene	brȃv	bráːʋ	bráːʋ	SAME
bȏrъ	slovene	bọ̑r	bóːr	bóːr	SAME
bȏsъ	slovene	bọ̑s	bóːs	bóːs	SAME
bǫbьnъ	slovene	bǫ̑bǝn	bôːbǝn	bóːbən	DIFFERENT
brestì	slovene	brésti	brɛ̀ːsti		IN_WIKTIONARY
brězgъ	slovene	brẹ̑sk	bréːsk	bréːsk	SAME
bridъkъ	slovene	brídǝk	brìːdək	brìːt	DIFFERENT
brìti	slovene	bríti	brìːti	brìːti	SAME
brìtva	slovene	brȋtva	bríːtʋa	bríːtʋa	SAME
brodìti	slovene	bróditi	brɔ̌ːditi	brɔ̀ːditi	DIFFERENT
brȏdъ	slovene	brọ̑d	bróːt		IN_WIKTIONARY
brusьnica	slovene	brusníca	brusnìːt͡sa	brusnìːt͡sa	SAME
brysadlo	slovene	brisálọ	brisàːlo	brisàːl	DIFFERENT
brъstь	slovene	br̀st	bə̂rst	brəst	DIFFERENT
brъzda	slovene	bŕzda	[bə̌rzda]		CORRECTED
brьna	slovene	bŕna	bə̀rna	bə̀rna	SAME
brьnьje	slovene	bȓnje	bə́rnjɛ	bə́rnjɛ	SAME
brьvъnò	slovene	bȓvnọ	bə́rʋno	bə́rʋno	SAME
bujьnъ	slovene	bújǝn	bùːjən	bùːj	DIFFERENT
bùr̨a	slovene	búrja	bùːrja	bùːrja	SAME
bylьje	slovene	bȋlje	bíːljɛ	bíːljɛ	SAME
bytьje	slovene	bítje	bìːtjɛ	bìːtjɛ	SAME
byvati	slovene	bívati	bìːʋati	bìːʋati	SAME
bỳstrъ	slovene	bístǝr	bìːstər	bìːstər	SAME
bỳti	slovene	bíti	bìːti		IN_WIKTIONARY
būdìti	slovene	budíti	budìːti	budìːti	SAME
būčàti	slovene	búčat	bùːt͡ʃat	bùːt͡ʃat	SAME
bъděti	slovene	bǝdẹ́ti	bədèːti	bǝdèːti	DIFFERENT
bъrna	slovene	bŕna	bə̀rna	bə̀rna	SAME
bъ̑rz	slovene	br̀z	bə̂rs	brəs	DIFFERENT
bьrati	slovene	bráti	bràːti		IN_WIKTIONARY
bьčelà	slovene	bǝčę̑la	bə̂t͡ʃeːla	b͡ʃt͡ʃéːla	DIFFERENT
cè̌sta	slovene	cẹ́sta	t͡sèːsta		IN_WIKTIONARY
cělovàti	slovene	cẹlováti	t͡selɔʋàːti	t͡sèːlɔʋàːti	DIFFERENT
cěstiti	slovene	listje	listjɛ
cěvьnica	slovene	cẹ̑vnica	t͡séːʋnit͡sa	t͡séːʋnit͡sa	SAME
cě̄dìti	slovene	cẹdíti	t͡sedìːti	t͡sèːìːti	DIFFERENT
cě̄lìti	slovene	cẹ́liti	t͡sèːliti	t͡sèːliti	SAME
cě̄nà	slovene	cẹ́na	t͡sèːna		IN_WIKTIONARY
cě̄nìti	slovene	cẹ́niti	t͡sèːniti	t͡sèːniti	SAME
cě̄và	slovene	cẹ̑vka	t͡séːʋka	t͡séːʋka	SAME
cě̑lъ	slovene	cẹ̑ɫ	t͡séːu̯	t͡séː	DIFFERENT
cě̑vь	slovene	cẹ̑v	t͡séːʋ		IN_WIKTIONARY
da	slovene	dà	dâ	dá	DIFFERENT
dajati	slovene	dajáti	dajàːti	dajàːti	SAME
dalèkъ	slovene	dálek	dàːlɛk	dàːlɛk	SAME
davě	slovene	dávẹ	dàːʋ	dàːʋe	DIFFERENT
davьnъ	slovene	dávǝn	dǎːʋən	dàːʋǝn	DIFFERENT
dàti	slovene	dáti	dàːti		IN_WIKTIONARY
dȃnь	slovene	dȃn	dáːn		IN_WIKTIONARY
dȃrъ	slovene	dȃr	dáːr		IN_WIKTIONARY
debelъ	slovene	débeɫ	dɛ̀ːbɛu̯	dɛ̀ːbɛʊ	DIFFERENT
degъtь	slovene	dēgǝt	dɛ̀ːɡət	dèːɡǝt	DIFFERENT
deltò	slovene	dlẹ́tọ	dlèːto	dlèːto	SAME
dertì	slovene	drẹ́ti	drèːti	drèːti	SAME
desetъjь	slovene	desę́ti	dɛsěːti	dɛsèːti	DIFFERENT
devetъjь	slovene	devę́ti	dɛʋěːti	dɛʋèːti	DIFFERENT
dérnъ	slovene	drẹ̀n	drèːn	drèːn	SAME
dē̌žà	slovene	dę́ža	děːʒa	dèːʒa	DIFFERENT
dělati	slovene	dẹ́lati	dèːlati		IN_WIKTIONARY
děliti	slovene	dẹlíti	[delǐːti]		CORRECTED
dětę	slovene	dẹ́te	[děːtɛ]		CORRECTED
děti	slovene	dẹjáti	dejàːti	dejàːti	SAME
děvìca	slovene	dẹvíca	deːʋiːt͡sa	deʋìːt͡sa	DIFFERENT
dě̀dъ	slovene	dẹ̀d	dêt	dèːt	DIFFERENT
dě̀lo	slovene	dẹ́lọ	[děːlo]		CORRECTED
dě̀va	slovene	dẹ́va	dèːʋa	dèːʋa	SAME
dě̀verь	slovene	dẹvę̑r	deːʋeːr	déʋé̝ːr	DIFFERENT
dě́lъ	slovene	djal	djal	djal	SAME
dȅsętь	slovene	desę̑t	dɛsêːt	dɛséːt	DIFFERENT
dȅsnъ	slovene	dę́sǝn	děːsǝn	dèːs	DIFFERENT
dȅvętь	slovene	devę̑t	dɛʋenúːt	dɛʋéːt	DIFFERENT
dȇrvo	slovene	drẹvọ̑	dreːʋoː	dreʋóː	DIFFERENT
dętelъ	slovene	dę́tǝɫ	děːt	dè̝ːtǝʊ	DIFFERENT
divьnъ	slovene	dívǝn	dìːʋən	dìːʋǝn	DIFFERENT
do	slovene	dò	dɔ̂	dó	DIFFERENT
doba	slovene	dóba	dɔ̀ːba		IN_WIKTIONARY
doblьjь	slovene	dǫ́bǝlj	dǒːbəl	dòːbəlj	DIFFERENT
dobrъ	slovene	dǫ́bǝr	dǒːbər	dòːbər	DIFFERENT
dojidlo	slovene	dojílọ	dɔjǐːlo	dɔjìːl	DIFFERENT
dojìti	slovene	dojíti	dɔjìːti	dɔjìːti	SAME
dolъ	slovene	dọ̑ɫ	dôu̯	dóːʊ	DIFFERENT
dovьlěti	slovene	dovlẹ́ti	dɔʋlèːti	dɔʋlèːti	SAME
dòlnь	slovene	dlàn	dlân	dlàːn	DIFFERENT
dòrga	slovene	drága	dràːɡa	dràːɡa	SAME
dȍma	slovene	domȃ	dɔmáː		IN_WIKTIONARY
dȏmъ	slovene	dọ̑m	[dôːm]		CORRECTED
dȏrgъ	slovene	drȃg	dráːk		IN_WIKTIONARY
dǭgà	slovene	dǫ́ga	dǒːɡa	dò̝ːɡa	DIFFERENT
dǫ̑bъ	slovene	dǫ̑b	dôːp	dó̝ːp	DIFFERENT
drě̄màti	slovene	drẹ́mati	drèːmati	drèːmati	SAME
drobìti	slovene	drobíti	drɔbìːti	drɔbìːti	SAME
drobъ	slovene	drọ̑b	[drôp]		CORRECTED
drobь	slovene	drọ̑b	[drôp]		CORRECTED
drobьnъ	slovene	dróbǝn	[drɔ̌ːbən]		CORRECTED
drozdъ	slovene	drǫ̑zd	drôːst	dró̝ːzd	DIFFERENT
drǫ́gъ	slovene	drǫ̑g	[drôːk]		CORRECTED
drǫ́kъ	slovene	drǫ̑k	drôːk	dró̝ːk	DIFFERENT
družìna	slovene	družína	druʒìːna		IN_WIKTIONARY
drȗgъ	slovene	drȗg	drúːk		IN_WIKTIONARY
drāpàti	slovene	drápati	dràːpati	dràːpati	SAME
drāžìti	slovene	drážiti	[drǎːʒiti]		CORRECTED
drъgati	slovene	dŕgati	də̌rɡati	də̀rɡati	DIFFERENT
drъ̏vo	slovene	dŕvọ	də̀rʋo	də̀rʋo	SAME
dunǫti	slovene	dúniti	dǔːniti	dùːniti	DIFFERENT
dupina	slovene	dupína	dupìːna	dupìːna	SAME
duplò	slovene	dúplọ	dǔːplo	dùːpl	DIFFERENT
dupl̨a	slovene	dȗplja	dúːplja	dúːplja	SAME
durъ	slovene	dúr	dǔːr	dùːr	DIFFERENT
duti	slovene	dúti	dǔːti	dùːti	DIFFERENT
dȗxъ	slovene	dȗh	dúːx		IN_WIKTIONARY
dva	slovene	dvȃ	dʋáː		IN_WIKTIONARY
dvojь	slovene	dvọ̑j	dʋôːi	dʋóːj	DIFFERENT
dvòrъ	slovene	dvòr	dʋɔ̂r	dʋə́r	DIFFERENT
dvьrь	slovene	dúri	dǔːri	dùːri	DIFFERENT
dỳmъ	slovene	dìm	dîm	dím	DIFFERENT
dzělo	slovene	zẹlọ̑	zeːlo	zelóː	DIFFERENT
dāvàti	slovene	dávati	dàːʋati	dàːʋati	SAME
dāvìti	slovene	dáviti	dàːʋiti	dàːʋiti	SAME
dūrìti	slovene	dúriti	[dǔːriti]		CORRECTED
dūxàti	slovene	dúhati	dǔːxati	dùːxati	DIFFERENT
dūšà	slovene	dúša	[dǔːʃa]		CORRECTED
dъkti	slovene	hčȋ	xt͡ʃíː		IN_WIKTIONARY
dъnò	slovene	dnọ̀	dnô	dno	DIFFERENT
dъva	slovene	dvȃ	dʋáː		IN_WIKTIONARY
dъvojь	slovene	dvọ̑j	dʋôːi	dʋóːj	DIFFERENT
dъxnǫti	slovene	dǝhníti	dǝxnǐːti	dəxnìːti	DIFFERENT
dъxъ	slovene	dàh	dâx	də́x	DIFFERENT
dъždžь	slovene	dǝ̀ž	də̂rʃ	də́ʃ	DIFFERENT
dъ̑lgъ	slovene	dȏɫg	dɔ́ːʋk	dɔ́ːʊk	DIFFERENT
dьbrь	slovene	debǝr	dɛbàːr	dɛbr	DIFFERENT
dьlgotà	slovene	doɫgóta	dɔ̂uɡɔta	dɔ̀ɡɔ̀ːta	DIFFERENT
dьlti	slovene	dóɫbsti	dɔ̀ːʋsti	dɔ̀ːbsti	DIFFERENT
dьnьsь	slovene	dánǝs	[dǎ:nǝs]		CORRECTED
dьrati	slovene	dę̑rati	dɛ̌ːrati	dóːrati	DIFFERENT
dьrgati	slovene	dŕgati	də̌rɡati	də̀rɡati	DIFFERENT
dьrnǫti	slovene	dŕgniti	də̀rɡniti	də̀rɡniti	SAME
dьrpati	slovene	dŕpati	[də̀rpati]		CORRECTED
dьrznǫti	slovene	dŕzniti	də̀rzniti	də̀rzniti	SAME
dьrzъ	slovene	dȓz	də̂rs	də́rs	DIFFERENT
dьržati	slovene	dŕžati	də̀rʒati	də̀rʒati	SAME
dь̀lgъ	slovene	dȏlg	dɔ́ːʋk		IN_WIKTIONARY
dь̑nь	slovene	dȃn	dáːn		IN_WIKTIONARY
erębica	slovene	gozdna j.	ɡɔzdna j
erębina	slovene	jerebína	jɛrɛbìːna	jɛrɛbìːna	SAME
ese	slovene	esej	ɛsɛj	ɛsɛj	SAME
esmь	slovene	sǝm	sǝm	sǝm	SAME
estь	slovene	jè	jɛ	jɛ	SAME
ešče	slovene	šè	ʃɛ̂	ʃé	DIFFERENT
ežь	slovene	datura stramonium	daˈtura straˈmɔɲum
ědro	slovene	jádrọ	jǎːdro	jàːdro	DIFFERENT
ěrę	slovene	jarè	jare	jarɛ	DIFFERENT
ěrina	slovene	jarína	[jarǐːna]		CORRECTED
ěrostь	slovene	jarọ̑st	jaróːst	jaróːst	SAME
ěrъ	slovene	jȃr	jáːr	jáːr	SAME
ěrъka	slovene	jȃrka	jáːrka	jáːrka	SAME
ěrь	slovene	jȃr	jáːr	jáːr	SAME
ěrьcь	slovene	jȃrǝc	jáːrət͡s	jáːrǝt͡s	DIFFERENT
ěsti	slovene	jẹ́sti	jèːsti	jèːsti	SAME
ěxati	slovene	jȃhati	jáːxati	jáːxati	SAME
ězda	slovene	jẹ́zda	jèːzda	jèːzda	SAME
ě̀snъ	slovene	jásǝn	jǎːsǝn	jàːsən	DIFFERENT
ě̀to	slovene	játọ	jǎːto	jàːto	DIFFERENT
ě̑dь	slovene	jẹ̑d	jêːt	jéːt	DIFFERENT
ě̑rъ	slovene	jȃr	jáːr	jáːr	SAME
ȅrxъkъ	slovene	šǝk	ʃǝk	ʃək	DIFFERENT
ȅsenь	slovene	jesę́	[jɛsěː]		CORRECTED
ȇ̌dъ	slovene	jâd	jât	jɛd	DIFFERENT
ęti	slovene	ję́ti	jěːti	jèːti	DIFFERENT
ętry	slovene	ję̑trva	jêːtriʋa	jóːtrʋa	DIFFERENT
ęzỳkъ	slovene	jézik	jɛ̀ːzik	jɛ̀ːzik	SAME
ęčati	slovene	ję́čati	jěːt͡ʃati	jèːt͡ʃati	DIFFERENT
ęčьmy	slovene	jéčmen	jɛ̀ːt͡ʃmɛn		IN_WIKTIONARY
gabati	slovene	gábati	ɡàːbati	ɡàːbati	SAME
gadati	slovene	gádati	ɡàːdati	ɡàːdati	SAME
gaditi	slovene	gáditi	ɡàːditi	ɡàːditi	SAME
gasnǫti	slovene	gásniti	ɡàːsniti	ɡàːsniti	SAME
gatati	slovene	gátati	ɡàːtati	ɡàːtati	SAME
gàdъ	slovene	gàd	ɡât	ɡàːt	DIFFERENT
gàziti	slovene	gáziti	ɡàːziti		IN_WIKTIONARY
glabiti	slovene	glábiti	ɡlàːbiti	ɡlàːbiti	SAME
glàdъkъ	slovene	gládǝk	ɡlǎːdək	ɡlàːdǝk	DIFFERENT
glę̀dati	slovene	glę́dati	ɡlěːdati	ɡlèːdati	DIFFERENT
glìna	slovene	glína	ɡlǐːna	ɡlìːna	DIFFERENT
glìva	slovene	glíva	ɡlìːʋa	ɡlìːʋa	SAME
globa	slovene	glóba	ɡlɔ̌ːba	ɡlɔ̀ːba	DIFFERENT
globati	slovene	glǫ́bati	ɡlòːbati	ɡlèːbati	DIFFERENT
globìti	slovene	globíti	ɡlɔbìːti	ɡlɔbìːti	SAME
glota	slovene	glǫ̑ta	ɡlɔ̂ːta	ɡléːta	DIFFERENT
glògъ	slovene	glòg	[ɡlɔ̂k]		CORRECTED
glǫbòkъ	slovene	globòk	[ɡlɔbɔ̂k]		CORRECTED
glumiti sę	slovene	glúmiti se	ɡlǔːmiti sɛ	ɡlùːmiti sɛsɛ	DIFFERENT
glupъ	slovene	glȗp	ɡlúːp	ɡlúːp	SAME
glȗxъ	slovene	glȗh	ɡlúːx		IN_WIKTIONARY
glъtati	slovene	goɫtáti	ɡɔu̯tàːti	ɡɔʊtàːti	DIFFERENT
gnestì	slovene	gnésti	ɡnɛ̀ːsti	ɡnɛ̀ːsti	SAME
gně̀vъ	slovene	gnẹ̀v	ɡnêʋ	ɡnèːʋ	DIFFERENT
gně̄zdò	slovene	gnẹ́zdọ	[ɡněːzdo]		CORRECTED
gnȏjь	slovene	gnọ̑j	ɡnóːj	ɡnóːj	SAME
gnusiti	slovene	gnúsiti	ɡnùːsiti	ɡnùːsiti	SAME
gnusьnъ	slovene	gnúsǝn	ɡnùːsən	ɡnùːsən	SAME
gnȗsъ	slovene	gnȗs	ɡnúːs	ɡnúːs	SAME
gńilъ	slovene	gnȋɫ	ɡníːʋ	ɡníːʊ	DIFFERENT
gńìda	slovene	gnída	ɡnìːda	ɡnìːda	SAME
gńìti	slovene	gníti	ɡnìːti		IN_WIKTIONARY
godina	slovene	gǫ̑dina	ɡǒːdina	ɡó̝ːdina	DIFFERENT
goditi	slovene	godíti	ɡɔdìːti	ɡɔdìːti	SAME
godъ	slovene	gọ̑d	ɡóːt		IN_WIKTIONARY
godьnъ	slovene	gódǝn	ɡɔ̌ːdən	ɡɔ̀ːdən	DIFFERENT
gojiti	slovene	gojíti	ɡɔjǐːti	ɡɔjìːti	DIFFERENT
golěnь	slovene	golẹ̑n	ɡɔléːn	ɡɔléːn	SAME
golgolъ	slovene	glāgol	ɡlàːɡɔl	ɡlàːɡɔl	SAME
golota	slovene	golọ̑ta	ɡɔlóːta	ɡɔlóːta	SAME
golotь	slovene	golot	ˈɡɔlɔt	ɡɔlɔt	DIFFERENT
golobъjь	slovene	golǫ̑bji	[ɡɔlôːbji]		CORRECTED
golvà	slovene	gláva	ɡlàːʋa		IN_WIKTIONARY
gonìti	slovene	góniti	ɡɔ̌ːniti	ɡɔ̀ːniti	DIFFERENT
gorà	slovene	góra	ɡɔ̀ːra		IN_WIKTIONARY
gorěti	slovene	gorẹ́ti	ɡɔrèːti		IN_WIKTIONARY
gorьjьjь	slovene	gǫ́rji	ɡǒːrji	ɡòːrji	DIFFERENT
gorьkъ	slovene	górǝk	ɡɔ̀ːrək	ɡɔ̀ːrǝk	DIFFERENT
gospodinъ	slovene	gospodȋn	ɡɔspɔdíːn	ɡɔspɔdíːn	SAME
gospodь	slovene	gospọ̑d	ɡɔspóːt		IN_WIKTIONARY
govę̀do	slovene	govę́dọ	ɡɔʋěːdo	ɡɔʋèːdo	DIFFERENT
govorìti	slovene	govoríti	ɡɔʋɔrìːti	ɡɔʋɔrìːti	SAME
govorъ	slovene	gǫ̑vor	ɡɔ̂ːʋɔr	ɡó̝ːʋɔr	DIFFERENT
govьnò	slovene	gǫ́vno	ɡǒːʋnɔ	ɡèːʋnɔ	DIFFERENT
gòlъ	slovene	gòɫ	[ɡɔ̂u̯]		CORRECTED
gòrxъ	slovene	gràh	ɡrâx	ɡràːx	DIFFERENT
gȍlǫbь	slovene	golǫ̑b	ɡɔlôːp	ɡɔlɔ̀ːb	DIFFERENT
gȍr̨e	slovene	gorję̑	ɡɔrjɛníː	ɡɔrjéː	DIFFERENT
gȏjь	slovene	gòj	[ɡô:i̯]		CORRECTED
gȏldъ	slovene	glȃd	ɡlâːt	ɡláːt	DIFFERENT
gȏlsъ	slovene	glȃs	ɡláːs		IN_WIKTIONARY
gȏrdъ	slovene	grȃd	[ɡrâːt]		CORRECTED
gȏstь	slovene	gọ̑st	ɡóːst	ɡóːst	SAME
gǫsti	slovene	gǫ́sti	ɡǒːsti	ɡèːsti	DIFFERENT
gǫžь	slovene	gǫ́ž	ɡǒːʃ	ɡèːʃ	DIFFERENT
gǫ̀ba	slovene	gǫ́ba	ɡǒːba	ɡòːba	DIFFERENT
gǫ̑stъ	slovene	gǫ̑st	ɡôːst	ɡɔst	DIFFERENT
gǫ̑sь	slovene	gọ̑s	ɡóːs		IN_WIKTIONARY
grajati	slovene	grájati	ɡràːjati	ɡràːjati	SAME
grakati	slovene	grákati	ɡràːkati	ɡràːkati	SAME
gramada	slovene	gramáda	ɡramàːda	ɡramàːda	SAME
gràbiti	slovene	grábiti	ɡràːbiti	ɡràːbiti	SAME
gràdъ	slovene	gràd	ɡrât	ɡràːt	DIFFERENT
grebenь	slovene	grebę̑n	ɡrɛbɛnàːn	ɡrɛbóːn	DIFFERENT
greti	slovene	grébsti	ɡrɛ̀ːpsti		IN_WIKTIONARY
grějati	slovene	grẹ́ti	ɡrèːti	ɡrèːti	SAME
grěti	slovene	grẹ́ti	ɡrèːti	ɡrèːti	SAME
grě́xъ	slovene	grẹ́h	ɡrèːx	ɡrèːx	SAME
gręza	slovene	grę́za	ɡrěːza	ɡrèːza	DIFFERENT
grę̄dà	slovene	gréda	ɡrɛ̀ːda	ɡrɛ̀ːda	SAME
grę̑znǫti	slovene	grę́zniti	ɡrɛ̌ːzniti	ɡrèːzniti	DIFFERENT
grę̑zь	slovene	grę̑z	ɡrêːs	ɡréːs	DIFFERENT
grivьna	slovene	grȋvna	ɡríːʋna	ɡríːʋna	SAME
grìva	slovene	gríva	ɡrìːʋa		IN_WIKTIONARY
grobъ	slovene	gròb	[ɡrɔ̂p]		CORRECTED
gromada	slovene	gromáda	ɡrɔmàːda	ɡrɔmàːda	SAME
grozà	slovene	gróza	ɡrɔ̌ːza	ɡrɔ̀ːza	DIFFERENT
grozdьje	slovene	grǫ́zdje	ɡrǒːzdjɛ	ɡrèːzdjɛ	DIFFERENT
groziti	slovene	grozíti	ɡrɔzìːti	ɡrɔzìːti	SAME
gròzdъ	slovene	gròzd	ɡrɔ̂st	ɡrɔ́zd	DIFFERENT
grȏmъ	slovene	grọ̑m	ɡróːm	ɡróːm	SAME
grǫziti	slovene	grozíti	ɡrɔzìːti	ɡrɔzìːti	SAME
grǫ̑dь	slovene	grǫ̑d	ɡrôːt	ɡró̝ːt	DIFFERENT
grustь	slovene	grȗst	ɡrúːst	ɡrúːst	SAME
grỳzti	slovene	grísti	ɡrìːsti	ɡrìːsti	SAME
grъměždžь	slovene	krmę́lj	kərmɛ̌ːl	krmèːlé̝	DIFFERENT
grъmъ	slovene	gȓm	[ɡə̂rm]		CORRECTED
grьměti	slovene	grmẹ́ti	ɡərmèːti	ɡrmèːti	DIFFERENT
gubìti	slovene	gubíti	ɡubìːti	ɡubìːti	SAME
gumьnò	slovene	gúmnọ	[ɡǔːmno]		CORRECTED
gvě̄zdà	slovene	zvẹ́zda	zʋèːzda		IN_WIKTIONARY
gvorъ	slovene	gòr	ɡɔ̂r	ɡɔ́r	DIFFERENT
gybati	slovene	gíbati	ɡìːbati	ɡìːbati	SAME
gỳnǫti	slovene	gíniti	ɡìːniti	ɡìːniti	SAME
gāsìti	slovene	gasíti	[ɡasǐːti]		CORRECTED
gъnàti	slovene	gnáti	ɡnàːti		IN_WIKTIONARY
gъnǫti	slovene	gǝníti	ɡǝnǐːti	ɡǝnìːti	DIFFERENT
gъrkati	slovene	gŕkati	ɡə̌rkati	ɡə̀rkati	DIFFERENT
gъ̀rdlo	slovene	gŕlọ	ɡərlo	ɡə̀rlo	DIFFERENT
gъ̑rdъ	slovene	gȓd	ɡə́rt		IN_WIKTIONARY
gъ̑rstь	slovene	gȓst	[ɡə̂rst]		CORRECTED
i	slovene	ì	î	í	DIFFERENT
jùgъ	slovene	jùg	jǔk	júk	DIFFERENT
jȗnъ	slovene	jȗn	júːn	júːn	SAME
jūxà	slovene	júha	jùːxa		IN_WIKTIONARY
jьgъlà	slovene	ígla	ìːɡla	ìːɡla	SAME
jьlъ	slovene	íɫ	ǐːu̯	ìːʊ	DIFFERENT
jьlьmъ	slovene	lìm	lîm	líːm	DIFFERENT
jьměti	slovene	imẹ́ti	imèːti		IN_WIKTIONARY
jьmę	slovene	imę̑	[imêː]		CORRECTED
jь̑go	slovene	igọ̑	iɡóː		IN_WIKTIONARY
kadìdlo	slovene	kadílọ	kadǐːlo	kadìːlo	DIFFERENT
kakъ	slovene	kák	[kǎːk]		CORRECTED
kaliti	slovene	kalíti	kalǐːti	kalìːti	DIFFERENT
kamy	slovene	kámen	kàːmɛn	kàːmɛn	SAME
karati	slovene	kárati	kàːrati	kàːrati	SAME
kasati	slovene	kasati	kasati	kasati	SAME
kazati	slovene	kázati	kàːzati		IN_WIKTIONARY
kaziti	slovene	kazíti	kazǐːti	kazìːti	DIFFERENT
kaznь	slovene	kȃzǝn	káːzǝn	káːzən	DIFFERENT
kašl̨ati	slovene	kȃšljati	káːʃljati	káːʃljati	SAME
kašlь	slovene	kášǝlj	kàːʃǝl	kàːʃəl	DIFFERENT
kašьl̨ati	slovene	kȃšljati	káːʃljati	káːʃljati	SAME
kašьlь	slovene	kášǝlj	kàːʃǝl	kàːʃəl	DIFFERENT
kàjati sę	slovene	k. se	kə́ sɛ
kȃlъ	slovene	kȃɫ	káːʋ	káː	DIFFERENT
klasti	slovene	klásti	klàːsti	klàːsti	SAME
klekotati	slovene	klekotáti	klɛkɔtàːti	klɛkɔtàːti	SAME
klějь	slovene	klẹ̑j	[klêːi̯]		CORRECTED
klětь	slovene	klẹ̑t	klêːt	kléːt	DIFFERENT
klěšča	slovene	klẹ́šče	klèːʃt͡ʃɛ		IN_WIKTIONARY
klęčati	slovene	klę́čati	klěːt͡ʃati	klèːt͡ʃati	DIFFERENT
klikъ	slovene	klȋk	klíːk	klíːk	SAME
klìknǫti	slovene	klíkniti	klìːkniti	klìːkniti	SAME
kl̨učiti	slovene	kljúčiti	kljùːt͡ʃiti	kljùːt͡ʃiti	SAME
kl̨ùka	slovene	kljúka	kljùːka	kljùːka	SAME
kl̨účь	slovene	kljúč	kljùːt͡ʃ		IN_WIKTIONARY
kobьcь	slovene	kóbǝc	kɔ̌ːbət͡s	kɔ̀ːbət͡s	DIFFERENT
kokotъ	slovene	kokọ̑t	kɔkóːt	kɔkóːt	SAME
kokošь	slovene	kȍkōš	kɔ́kɔ̀ːʃ
kolě̀no	slovene	kolẹ́nọ	kɔlěːno	kɔlèːno	DIFFERENT
koliko	slovene	kọ́liko	kòːlikɔ	kòːlikɔ	SAME
kolo	slovene	kolọ̑	kɔlóː		IN_WIKTIONARY
kolti	slovene	kláti	klàːti		IN_WIKTIONARY
koltiti	slovene	klátiti	klàːtiti	klàːtiti	SAME
konьcь	slovene	kónǝc	kɔ̌ːnǝt͡s	kɔ̀ːnǝt͡s	DIFFERENT
kopa	slovene	kópa	kɔ̀ːpa	kɔ̀ːpa	SAME
kopati	slovene	kópati	kɔ̌ːpati	kɔ̀ːpati	DIFFERENT
koprъ	slovene	kópǝr	kɔ̌ːpər	kɔ̀ːpər	DIFFERENT
kopьje	slovene	kopję̑	kɔpjɛníː	kɔpjéː	DIFFERENT
korà	slovene	kóra	kɔ̀ːra	kɔ̀ːra	SAME
korda	slovene	kráda	kràːda	kràːda	SAME
korenь	slovene	korę̑n	kɔrêːn	kɔré̝ːn	DIFFERENT
korica	slovene	kórica	kɔ̀ːrit͡sa	kɔ̀ːrit͡sa	SAME
korìti	slovene	koríti	kɔrìːti	kɔrìːti	SAME
kortъkъ	slovene	krátǝk	kràːtək	kràːt	DIFFERENT
korỳto	slovene	korítọ	kɔriito	kɔrìːt	DIFFERENT
korьcь	slovene	kórǝc	kɔ̀ːrət͡s	kɔ̀ːrǝt͡s	DIFFERENT
kosà	slovene	kósa	kɔ̌ːsa
kosmъ	slovene	kósǝm	kɔ̌ːsǝm	kɔ̀ːs	DIFFERENT
kotìti	slovene	kotíti	[kɔtǐːti]		CORRECTED
kotъ	slovene	kòt	kɔ̂t	kɔ́t	DIFFERENT
kotьcь	slovene	kótǝc	kɔ̌ːt͡s	kɔ̀ːtǝt͡s	DIFFERENT
kovati	slovene	kováti	kɔʋàːti		IN_WIKTIONARY
kozà	slovene	kóza	[kɔ̌ːza]		CORRECTED
kozьlъ	slovene	kózǝɫ	kɔ̌ːzǝu̯	kɔ̀ːsǝʊ	DIFFERENT
kòlda	slovene	kláda	[klǎːda]		CORRECTED
kòlъ	slovene	kòɫ	kɔ̂u̯	kóʊ	DIFFERENT
kòn̨ь	slovene	kònj	kɔ̂n	kɔ́nj	DIFFERENT
kòrsta	slovene	krásta	kràːsta	kràːsta	SAME
kòrva	slovene	kráva	kràːʋa		IN_WIKTIONARY
kòšь	slovene	kòš	kɔ̂ʃ	kóʃ	DIFFERENT
kòža	slovene	kǫ́ža	kǒ:ʒa	kèːʒa	DIFFERENT
kórtъ	slovene	kràt	krât	kràːt	DIFFERENT
kȏlsъ	slovene	klȃs	[klâːs]		CORRECTED
kȏstь	slovene	kọ̑st	kóːst		IN_WIKTIONARY
kȏsъ	slovene	kọ̑s	kóːs		IN_WIKTIONARY
kǫda	slovene	kǫ́da	kǒ:da	kò̝ːda	DIFFERENT
kǫsati	slovene	kosáti	kɔsàːti	kɔsàːti	SAME
kǫtja	slovene	kǫ́ča	kǒ:t͡ʃa	kèːt͡ʃa	DIFFERENT
kǫ́tъ	slovene	kǫ́t	[kǒ:t]		CORRECTED
kǫ̑sъ	slovene	kǫ̑s	kôːs	kóːs	DIFFERENT
krakati	slovene	krȃkati	kráːkati	kráːkati	SAME
krasti	slovene	krásti	kràːsti		IN_WIKTIONARY
krasьnъ	slovene	krásǝn	kràːsən	kràːsǝn	DIFFERENT
kremy	slovene	krémen	krɛ̌ːmɛn	krɛ̀ːmɛn	DIFFERENT
krěpъkъ	slovene	krẹ́pǝk	krèːpək	krèːpǝk	DIFFERENT
krinica	slovene	krínja	krìːnja	krìːnja	SAME
kričati	slovene	kríčati	krìːt͡ʃati	krìːt͡ʃati	SAME
krȋkъ	slovene	krȋk	kríːk		IN_WIKTIONARY
krojiti	slovene	krojíti	krɔjìːti	krɔjìːti	SAME
kropiti	slovene	kropíti	krɔpìːti	krɔpìːti	SAME
krotiti	slovene	krotíti	krɔtiti	krɔtìːti	DIFFERENT
krotъkъ	slovene	krótǝk	krɔ̌ːtək	krɔ̀ːtǝk	DIFFERENT
krovъ	slovene	kròv	krɔ̂ʋ	krɔ́ʋ	DIFFERENT
krȍsno	slovene	krósna	krɔ̌ːsna	krɔ̀ːsna	DIFFERENT
krǫglъ	slovene	krǫ́gǝɫ	krǒ:ɡǝǝ̯	krèːk	DIFFERENT
krǫtiti	slovene	krotiti	krɔtiti	krɔtiti	SAME
krǫtъ	slovene	krǫ̑t	krô:t	kró̝ːt	DIFFERENT
krǫ̑gъ	slovene	krǫ̑g	[krô:k]		CORRECTED
kruxъ	slovene	krùh	krux	krúx	DIFFERENT
kry	slovene	krȋ	kríː		IN_WIKTIONARY
krỳti	slovene	kríti	krìːti		IN_WIKTIONARY
krīdlò	slovene	krílọ	[krǐːlo]		CORRECTED
krūpà	slovene	krúpa	[krǐːpa]		CORRECTED
krъvьnъ	slovene	kŕvǝn	kə̀rʋən	kə̀rʋən	SAME
kujati sę	slovene	kújati se	kùːjati sɛ	kùːjati sɛ	SAME
kuka	slovene	kúka	kùːka	kùːka	SAME
kukati	slovene	kúkati	kùːkati	kùːkati	SAME
kurica	slovene	kúrica	kùːrit͡sa	kùːrit͡sa	SAME
kurъ	slovene	kùr	kur	kúr	DIFFERENT
kutiti sę	slovene	kutiti se	kutiti sɛ	kutiti sɛsɛ	DIFFERENT
kùditi	slovene	kúditi	kǔːditi	kùːditi	DIFFERENT
kùpъ	slovene	kùp	kup	kúp	DIFFERENT
kvȃsъ	slovene	kvȃs	kʋáːs		IN_WIKTIONARY
kvě̑tъ	slovene	cvẹ̑t	t͡sʋéːt	t͡sʋéːt	SAME
kvisti	slovene	cvésti	t͡sʋɛ̀ːsti	t͡sʋɛ̀ːsti	SAME
kydati	slovene	kídati	kìːdati	kìːdati	SAME
kydnǫti	slovene	kíniti	kìːniti	kìːniti	SAME
kyjь	slovene	kȋj	kíːj	kíːj	SAME
kypě̀ti	slovene	kipẹ́ti	kipèːti	kipèːti	SAME
kysati	slovene	kísati	[kǐːsati]		CORRECTED
kyslъ	slovene	kísǝɫ	kǐːsǝu̯	kìːs	DIFFERENT
kysьlъ	slovene	kísǝɫ	kǐːsǝu̯	kìːs	DIFFERENT
kyvati	slovene	kívati	kìːʋati	kìːʋati	SAME
kyxati	slovene	kíhati	kǐːxati	kìːxati	DIFFERENT
kỳla	slovene	kíla	kìːla	kìːla	SAME
kādìti	slovene	kadíti	kadǐːti	kadìːti	DIFFERENT
kūrìti	slovene	kúriti	kǔːriti	kùːriti	DIFFERENT
kъ	slovene	k	k	k	SAME
kъde	slovene	kjẹ́	kjèː	kjèː	SAME
kъlъ	slovene	kǝ̀l	kə̂:l	kə̀l	DIFFERENT
kъn	slovene	k	k	k	SAME
kъrknǫti	slovene	kŕkniti	kə̌rkniti	kə̀rkniti	DIFFERENT
kъrnъ	slovene	kr̀n	kə̂rn	krə̀n	DIFFERENT
kъrzno	slovene	kŕzno	kə̀rznɔ	kə̀rznɔ	SAME
kъsьnъ	slovene	kǝsȃn	[kəsâːn]		CORRECTED
kъto	slovene	kdọ́	[kdǒ:]		CORRECTED
kъxati	slovene	kȃhati	káːxati	káːxati	SAME
kъxnǫti	slovene	kę́hniti	kèːxniti	kòːxniti	DIFFERENT
kъ̀rpa	slovene	kŕpa	kə̀rpa	kə̀rpa	SAME
lamъ	slovene	lam	lam	lam	SAME
lazъ	slovene	lȃz	láːs	láːs	SAME
làjati	slovene	lȃjati	[lâːjati]		CORRECTED
làpa	slovene	lápa	làːpa	làːpa	SAME
làskati	slovene	láskati	[lǎːskati]		CORRECTED
làziti	slovene	láziti	lǎːziti	làːziti	DIFFERENT
legti	slovene	lę́či	[lěːt͡ʃi]		CORRECTED
letěti	slovene	letẹ́ti	lɛtèːti		IN_WIKTIONARY
ležàti	slovene	léžati	lɛ̌ːʒati	lɛ̀ːʒati	DIFFERENT
lěgati	slovene	lẹ́gati	lèːɡati	lèːɡati	SAME
lěnìvъ	slovene	lẹnìv	leːniʋ	leníʋ	DIFFERENT
lěnъ	slovene	lẹ̑n	léːn	léːn	SAME
lěnь	slovene	len	lɛn	lɛn	SAME
lěpiti	slovene	lẹpíti	lepǐːti	lèːpìːti	DIFFERENT
lě̀to	slovene	lẹ́tọ	lèːto	lèːto	SAME
lě̀zti	slovene	lẹ́sti	lèːsti	lèːsti	SAME
lě̑pъ	slovene	lẹ̑p	léːp		IN_WIKTIONARY
lě̑sъ	slovene	lẹ̑s	léːs		IN_WIKTIONARY
lě̑vъ	slovene	lẹ̑v	léːʋ	léːʋ	SAME
lě̑xà	slovene	lẹ́ha	lèːxa		IN_WIKTIONARY
lȇdъ	slovene	lę̑d	lêːt	lé̝ːd	DIFFERENT
lisìca	slovene	lisíca	[lisǐːt͡sa]		CORRECTED
lisъ	slovene	lìs	lîs	lís	DIFFERENT
lixъ	slovene	lȋh	líːx	líːx	SAME
lìti	slovene	líti	lìːti		IN_WIKTIONARY
lokati	slovene	lókati	lɔ̌ːkati	lɔ̀ːkati	DIFFERENT
loky	slovene	lǫ̑kǝv	lôːkǝʋ	lɔkǝʋ	DIFFERENT
lomìti	slovene	lómiti	lɔ̌ːmiti	lɔ̀ːmiti	DIFFERENT
lonò	slovene	lonọ	lɔno	lɔno	SAME
lopàta	slovene	lopáta	lɔpàːta		IN_WIKTIONARY
lososь	slovene	lōsos	lɔ̀ːsɔs	lɔ̀ːsɔs	SAME
lovìti	slovene	lovíti	lɔʋǐːti	lɔʋìːti	DIFFERENT
lozà	slovene	lóza	lɔ̌ːza	lɔ̀ːza	DIFFERENT
lože	slovene	lǫ́že	lǒːʒɛ	lèːʒɛ	DIFFERENT
ložìti	slovene	lóžiti	lɔ̌ːʒiti	lɔ̀ːʒiti	DIFFERENT
lȏjь	slovene	lọ̑j	lóːj	lóːj	SAME
lȏvъ	slovene	lòv	lɔ̂ʋ	lɔ́ʋ	DIFFERENT
lǫkàvъ	slovene	lokàv	[lɔkâu̯]		CORRECTED
lǫčьje	slovene	lǫ̑čje	lôːt͡ʃjɛ	ló̝ːt͡ʃjɛ	DIFFERENT
lǭčìti	slovene	lǫ́čiti	lǒːt͡ʃiti	lò̝ːt͡ʃiti	DIFFERENT
lǫ̑gъ	slovene	lǫ̑g	lôːk	ló̝ːk	DIFFERENT
lǫ̑kъ	slovene	lǫ̑k	lôːk	ló̝ːk	DIFFERENT
ludъ	slovene	lȗd	lúːt	lúːt	SAME
lugъ	slovene	lȗg	lúːk	lúːk	SAME
lunà	slovene	lúna	lùːna		IN_WIKTIONARY
luska	slovene	lȗska	lúːska	lúːska	SAME
luskati	slovene	lúskati	lùːskati	lùːskati	SAME
luskъ	slovene	lȗsk	lúːsk	lúːsk	SAME
lučiti	slovene	lučíti	lut͡ʃìːti	lut͡ʃìːti	SAME
luščiti	slovene	lúščiti	lùːʃt͡ʃiti	lùːʃt͡ʃiti	SAME
lùža	slovene	lúža	lùːʒa	lùːʒa	SAME
lȗbъ	slovene	lȗb	lúːp	lúːp	SAME
lytъka	slovene	lȋtka	líːtka	líːtka	SAME
līcè	slovene	líce	lìːt͡sɛ	lìːt͡sɛ	SAME
līzàti	slovene	lízati	lìːzati		IN_WIKTIONARY
lǭkà	slovene	lǫ́ka	lǒːka	lò̝ːka	DIFFERENT
l̨uby	slovene	ljubȃv	ljubáːʋ	ljubáːʋ	SAME
l̨ubъ	slovene	ljȗb	ljúːp	ljúːp	SAME
l̨utiti	slovene	ljútiti	ljùːtiti	ljùːtiti	SAME
l̨utъ	slovene	ljȗt	ljúːt	ljúːt	SAME
l̨ȗdъ	slovene	ljȗd	ljúːt	ljúːt	SAME
l̨ȗdьje	slovene	ljudję̑	ljudjeː	ljudjéː	DIFFERENT
l̨ūbìti	slovene	ljúbiti	ljǔːbiti	ljùːbiti	DIFFERENT
lъbъ	slovene	lǝ̀b	lǝ̂p	lə́b	DIFFERENT
lъgati	slovene	lǝgáti	lǝɡàːti	lɔɡàːti	DIFFERENT
lъkno	slovene	leknọ	[lɛkno]		CORRECTED
lъskъ	slovene	lǝ̀sk	lə̂:sk	lə̀ːsk	DIFFERENT
lъža	slovene	lažà	laʒa	laʒá	DIFFERENT
lъžь	slovene	lȃž	láːʃ		IN_WIKTIONARY
lьgъkъ	slovene	lahȃk	laxáːk	laxáːk	SAME
lьjati	slovene	léja	lɛ̀ːja	lɛ̀ːja	SAME
lьněnъ	slovene	lanę̑n	lanêːn	lanɔ́n	DIFFERENT
lь̑nъ	slovene	lȃn	láːn	láːn	SAME
lь̑stь	slovene	lǝ̀st	lə̂rst	lə̀ːst	DIFFERENT
malъkъ	slovene	mȃlǝk	máːlǝk	máːlǝk	SAME
materьstvo	slovene	máterstvo	màːtɛrstʋɔ	màːtɛrstʋɔ	SAME
màkъ	slovene	màk	mâk	màːk	DIFFERENT
malъjь	slovene	mȃli	máːli	máːli	SAME
màslo	slovene	máslọ	màːslo	màːslo	SAME
màti	slovene	máti	màːti		IN_WIKTIONARY
màzati	slovene	mázati	màːzati	màːzati	SAME
mȃstь	slovene	mȃst	[mâːst]		CORRECTED
medjà	slovene	méja	mɛ̀ːja		IN_WIKTIONARY
medju	slovene	mèju	mɛ̂ju	mɛ̀ːju	DIFFERENT
medojědъ	slovene	medojẹ̀d	mɛdɔjèːt	mɛdɔjèːt	SAME
medvě̀dь	slovene	médvẹd	mɛ̌ːdʋ	mɛ̀ːdʋéːt	DIFFERENT
melkò	slovene	mlẹ́kọ	mlěːko	mlèːko	DIFFERENT
melti	slovene	mlẹ́ti	mlěːti	mlèːti	DIFFERENT
melzti	slovene	mlẹ́sti	[mlěːsti]		CORRECTED
merti	slovene	mrẹ́ti	mrèːti		IN_WIKTIONARY
mestì	slovene	mésti	[mɛ̌ːsti]		CORRECTED
metàti	slovene	métati	mɛ̌ːtati	mɛ̀ːtati	DIFFERENT
mèrža	slovene	mrẹ́ža	mrèːʒa		IN_WIKTIONARY
měna	slovene	mẹ́na	měːna	mèːna	DIFFERENT
měniti	slovene	mẹ́niti	měːniti
mě̀dь	slovene	mẹ̑d	mêːt	méːt	DIFFERENT
mě̀ra	slovene	mę́ra	měːra	mè̝ːra	DIFFERENT
mě̀riti	slovene	mę́riti	měːriti	mè̝ːriti	DIFFERENT
mě̀sęcь	slovene	mẹ̑sec	[mêːsɛt͡s]		CORRECTED
mě̀sto	slovene	mẹ́stọ	měːsto	mèːsto	DIFFERENT
mě̄zgà	slovene	mẹ́zga	mèːzɡa	mèːzɡa	SAME
mě̑sìti	slovene	mẹ́siti	[měːsiti]		CORRECTED
mȇdъ	slovene	mę̑d	mêːt	méːt	DIFFERENT
męknǫti	slovene	mę́kniti	měːkniti	mèːkniti	DIFFERENT
mękъkъ	slovene	mehȃk	mɛxáːk	mɛxáːk	SAME
męsti	slovene	mę́sti	měːsti	mèːsti	DIFFERENT
męti	slovene	mę́ti	měːti	mèːti	DIFFERENT
mę̑so	slovene	mesọ̑	mɛsóː		IN_WIKTIONARY
migati	slovene	mígati	mìːɡati	mìːɡati	SAME
mikati	slovene	mȋkati	míːkati	míːkati	SAME
mimo	slovene	mȋmọ	míːmo	míːmo	SAME
minovati	slovene	minováti	minɔʋàːti	minɔʋàːti	SAME
minǫti	slovene	miníti	minǐːti	minìːti	DIFFERENT
mirъ	slovene	mir	mir	mir	SAME
mižati	slovene	mǝžáti	mǝʒàːti	mǝʒàːti	SAME
mìlъ	slovene	mȋɫ	míːu̯	míːʊ	DIFFERENT
mȋgъ	slovene	mȋg	míːk	míːk	SAME
modliti	slovene	modliti	mɔdliti	mɔdliti	SAME
modrъ	slovene	mǫ́dǝr	mǒːdər	mèːdər	DIFFERENT
mogti	slovene	móči	mɔ̀ːt͡ʃi		IN_WIKTIONARY
mogtь	slovene	mọ̑č	[môːt͡ʃ]		CORRECTED
mojь	slovene	mọ́j	mòːj	mòːj	SAME
mokrъ	slovene	mǫ́kǝr	mǒːkǝr	mèːk	DIFFERENT
moldenьcь	slovene	mladę́nǝc	mladěːn	mladòːn	DIFFERENT
moldъ	slovene	mlȃd	mlâːt	mláːt	DIFFERENT
moldьnъ	slovene	mládǝn	mlǎːdən	mlàːdən	DIFFERENT
moltiti	slovene	mlátiti	mlàːtiti	mlàːtiti	SAME
molь	slovene	mòlj	mɔ̂l	mɛlj	DIFFERENT
morà	slovene	móra	mɔ̀ːra	mɔ̀ːra	SAME
morvi	slovene	mrȃv	mrâːʋ	mráːʋ	DIFFERENT
morъ	slovene	mòr	[mɔ̂r]		CORRECTED
motati	slovene	motáti	mɔtàːti	mɔtàːti	SAME
motriti	slovene	mótriti	mɔ̌ːtriti	mɔ̀ːtriti	DIFFERENT
motyka	slovene	motȋka	mɔtíːka		IN_WIKTIONARY
močìti	slovene	móčiti	mɔ̌ːt͡ʃiti	mɔ̀ːt͡ʃiti	DIFFERENT
mošьna	slovene	móšnja	mɔ̀ːʃnja	mɔ̀ːʃnja	SAME
moždžanъjь	slovene	moždȃni	mɔʒdáːni	mɔʒdáːni	SAME
mòrzъ	slovene	mràz	mrâs	mràːs	DIFFERENT
mȍr̨e	slovene	morję̑	mɔrjɛníː	mɔrjéː	DIFFERENT
mȏltъ	slovene	mlȃt	mlâːt	mláːt	DIFFERENT
mȏrkъ	slovene	mrȃk	mrâːk	mráːk	DIFFERENT
mȏstъ	slovene	mọ̑st	móːst		IN_WIKTIONARY
mȏzgъ	slovene	mọ̑zg	môːsk	móːsk	DIFFERENT
mǫ̀ka	slovene	múka	mùːka	mùːka	SAME
mǫ̀čiti	slovene	múčiti	mǔːt͡ʃiti	mùːt͡ʃiti	DIFFERENT
mǫ́drъ	slovene	mǫ́dǝr	mǒːdər	mèːdər	DIFFERENT
mǭtìti	slovene	mǫ́titi	mǒːtiti	mèːtiti	DIFFERENT
mǫ̑žь	slovene	mǫ̑ž	môːʃ	mó̝ːʃ	DIFFERENT
muditi sę	slovene	m. se	mə́ sɛ
murъ	slovene	mȗr	múːr	múːr	SAME
mùxa	slovene	múha	mùːxa		IN_WIKTIONARY
my	slovene	mȋ	míː	míː	SAME
myto	slovene	mítọ	mǐːto	mìːto	DIFFERENT
myšьca	slovene	mȋšca	míːʃt͡sa	míːʃt͡sa	SAME
mỳdlo	slovene	mílọ	mǐːlo	mìːlo	DIFFERENT
mỳti	slovene	míti	mìːti		IN_WIKTIONARY
mỳšь	slovene	mìš	mîʃ	míʃ	DIFFERENT
my̑slь	slovene	mȋsǝɫ	míːsǝu̯	míːsǝʊ	DIFFERENT
māxàti	slovene	máhati	mǎːxati	màːxati	DIFFERENT
mǭkà	slovene	mǫ́ka	mǒːka	mèːka	DIFFERENT
mъdьlь	slovene	mǝdǝ̀ɫ	mǝdǝ̂u̯	mǝdə́ʊ	DIFFERENT
mъdьlьnъ	slovene	mǝdlę̑n	mədleeníːn	mɛdléːn	DIFFERENT
mъknǫti	slovene	mǝkníti	[mǝknǐːti]		CORRECTED
mъldni	slovene	móɫnja	mɔ̀ːʋnja	mɔ̀ːʊnja	DIFFERENT
mъlviti	slovene	móɫviti	mɔ̌ːuʋiti	mɔ̀ːʊʋiti	DIFFERENT
mъnogъ	slovene	mnǫ̑g	mnôːk	mnɔɡ	DIFFERENT
mъrky	slovene	mŕkǝv	[mə̌rkǝu̯]		CORRECTED
mъrmrati	slovene	mrmráti	mərmràːti	mrmràːti	DIFFERENT
mъrmъrati	slovene	mrmráti	mərmràːti	mrmràːti	DIFFERENT
mъxъ	slovene	mȃh	máːx		IN_WIKTIONARY
mъšica	slovene	mǝšíca	mǝʃìːt͡sa	mʃìːt͡sa	DIFFERENT
mьgnǫti	slovene	mǝgníti	[mǝɡnǐːti]		CORRECTED
mьlčàti	slovene	móɫčati	[mɔ̌ːut͡ʃati]		CORRECTED
mьněti	slovene	mnẹ́ti	[mněːti]		CORRECTED
mьn̨e	slovene	mànj	mân	màːn	DIFFERENT
mьn̨eje	slovene	mànj	mân	màːn	DIFFERENT
mьnьjьjь	slovene	mȃnji	máːnji	máːnji	SAME
mьrknǫti	slovene	mŕkniti	mə̌rkniti	mə̀rkniti	DIFFERENT
mьrkъ	slovene	mȓk	[mə̂rk]		CORRECTED
mьrzěti	slovene	mrzẹ́ti	mərzèːti	mərzèːti	SAME
mьrziti	slovene	mŕziti	mə̌rziti	mə̀rziti	DIFFERENT
mьrznǫti	slovene	mŕzniti	mə̌rzniti	mə̀rzniti	DIFFERENT
mьzdà	slovene	mǝzdà	mizdàː	mǝzdá	DIFFERENT
mь̀rtvъ	slovene	mŕtǝv	mə̌rtəu̯	mə̀rtəʋ	DIFFERENT
na	slovene	nà	nâ	ná	DIFFERENT
nadъ	slovene	nàd	[nât]		CORRECTED
natь	slovene	nȃt	náːt	náːt	SAME
naustiti	slovene	naústiti	naùːstiti	naùːstiti	SAME
načęti	slovene	načę́ti	nat͡ʃěːti	nat͡ʃè̝ːti	DIFFERENT
náglъ	slovene	nágǝɫ	nǎːɡǝu̯	nàːgǝʊ	DIFFERENT
nȃgъ	slovene	nȃg	náːk		IN_WIKTIONARY
ne	slovene	nè	nɛ̂	nɛ́	DIFFERENT
nebogъ	slovene	nebọ̑g	nɛbóːk	nɛbóːk	SAME
nejęsytь	slovene	nesìt	[nɛsît]		CORRECTED
nestì	slovene	nésti	nɛ̀ːsti		IN_WIKTIONARY
netopyr'ь	slovene	netopír	nɛtɔpìːr	nɛtɔpìːr	SAME
netьjь	slovene	nečák	nɛt͡ʃàːk	nɛt͡ʃàːk	SAME
nevě̀sta	slovene	nevẹ́sta	nɛʋèːsta	nɛʋèːsta	SAME
nȅbo	slovene	nebọ̑	nɛbóː		IN_WIKTIONARY
ni	slovene	nì	nî	ní	DIFFERENT
niknǫti	slovene	níkniti	nìːkniti	nìːkniti	SAME
ničati	slovene	níčati	nìːt͡ʃati	nìːt͡ʃati	SAME
nìtь	slovene	nìt	nît	nít	DIFFERENT
nìščь	slovene	nȉšt	níʃt	níʃt	SAME
nogà	slovene	nóga	nɔ̀ːɡa		IN_WIKTIONARY
nogъtь	slovene	nọ̑hǝt	nóːxət	nóːxǝt	DIFFERENT
norà	slovene	nora	nɔra	nɔra	SAME
nosìti	slovene	nósiti	nɔ̌ːsiti	nɔ̀ːsiti	DIFFERENT
novákъ	slovene	novák	nɔʋàːk	nɔʋàːk	SAME
nòvъ	slovene	nòv	nɔ̂ʋ	nɔ́ʊ	DIFFERENT
nòžь	slovene	nòž	nɔ̂ʃ	nɔ́ʒ	DIFFERENT
nȏktь	slovene	nọ̑č	nóːt͡ʃ		IN_WIKTIONARY
nȏsъ	slovene	nọ̑s	nóːs		IN_WIKTIONARY
nuta	slovene	núta	nǔːta	nùːta	DIFFERENT
nāròdъ	slovene	národ	[nǎːrɔt]		CORRECTED
ob	slovene	ò	ɔ̂
oba	slovene	obȃ	ɔbáː	ɔbáː	SAME
obětjati	slovene	obẹ́čati	ɔbèːt͡ʃati	ɔbèːt͡ʃati	SAME
obolkъ	slovene	oblȃk	[ɔblâːk]		CORRECTED
obrěsti	slovene	obrẹ́sti	ɔbrèːsti	ɔbrèːsti	SAME
obuti	slovene	obúti	ɔbùːti		IN_WIKTIONARY
obьlъ	slovene	ǫ́bǝɫ	ǒːbǝu̯	ò̝ːbǝʊ	DIFFERENT
obьtjьjь	slovene	óbči	ɔ̀ːpt͡ʃi	ɔ̀ːbt͡ʃi	DIFFERENT
odolě̀ti	slovene	odolẹ́ti	ɔdɔlèːti	ɔdɔlèːti	SAME
oje	slovene	oję̑	ɔjêː	ɔjé̝ː	DIFFERENT
okъnò	slovene	óknọ	ɔ̀ːkno	ɔ̀ːkno	SAME
oldi	slovene	ládja	[lǎːdja]		CORRECTED
olni	slovene	láni	làːni		IN_WIKTIONARY
olnìta	slovene	laníta	lanìːta	lanìːta	SAME
onutja	slovene	onúča	ɔnùːt͡ʃa	ɔnùːt͡ʃa	SAME
onъ	slovene	òn	ɔ̂n	ə́n	DIFFERENT
oràti	slovene	oráti	ɔràːti	ɔràːti	SAME
orbiti	slovene	rábiti	ràːbiti	ràːbiti	SAME
orbòta	slovene	rabọ̑ta	rabóːta	rabóːta	SAME
orbъ	slovene	ròb	rɔ̂p	rɔ́p	DIFFERENT
orě̀xъ	slovene	órẹh	ɔ̀ːr	ɔ̀ːrèːx	DIFFERENT
orkỳta	slovene	rakȋta	rakíːta	rakíːta	SAME
orǫdьje	slovene	orǫ̑dje	[ɔrôːdjɛ]		CORRECTED
orsti	slovene	rásti	ràːsti		IN_WIKTIONARY
orz	slovene	ràz	râːs	ràːs	DIFFERENT
orь̀lъ	slovene	órǝɫ	ɔ̀ːrǝu̯	ɔ̀ːrǝʊ	DIFFERENT
osà	slovene	ósa	ɔ̀ːsa		IN_WIKTIONARY
oskъrdъ	slovene	oskȓd	ɔskə́rt	ɔskə́rt	SAME
osmъjь	slovene	ǫ́smi	òːsmi	ò̝ːsmi	DIFFERENT
osnòvā	slovene	osnǫ̑va	ɔsnɔ̂ːʋa	ɔsnó̝ʋa	DIFFERENT
ostrovъ	slovene	ostròv	ɔstrɔ̂u̯	ɔstrɔ́ʋ	DIFFERENT
ostrъ	slovene	ǫ́stǝr	ǒːstər	ò̝ːstər	DIFFERENT
ostь̀nъ	slovene	ǫ́stǝn	ǒːstən	ò̝ːstən	DIFFERENT
osъ̀tъ	slovene	osȃt	ɔsáːt	ɔsáːt	SAME
osьla	slovene	ósla	ɔ̀ːsla	ɔ̀ːsla	SAME
osь̀lъ	slovene	ósǝɫ	ɔ̌ːsǝu̯	ɔ̀ːsǝʊ	DIFFERENT
ot	slovene	òd	ɔ̂t	ɔ́t	DIFFERENT
otjutiti	slovene	čútiti	t͡ʃùːtiti	t͡ʃùːtiti	SAME
otrokъ	slovene	otròk	ɔtrɔ̂k	ɔtrɔk	DIFFERENT
otverti	slovene	odvrẹ́ti	ɔdʋrèːti		IN_WIKTIONARY
otvorìti	slovene	otvoríti	ɔtʋɔrìːti	ɔtʋɔrìːti	SAME
otъ	slovene	òd	ɔ̂t	ɔ́t	DIFFERENT
otъverti	slovene	odvrẹ́ti	ɔdʋrèːti		IN_WIKTIONARY
otъvorìti	slovene	otvoríti	ɔtʋɔrìːti	ɔtʋɔrìːti	SAME
otьcь	slovene	óče	ɔ̀ːt͡ʃɛ		IN_WIKTIONARY
ovъ	slovene	ǫ́v	ǒːʋ	èːʋ	DIFFERENT
ovьcà	slovene	óvca	ɔ̀ːʋt͡sa		IN_WIKTIONARY
ovьnъ	slovene	óvǝn	ɔ̀ːʋən	ɔ̀ːʋən	SAME
ovь̀sъ	slovene	óvǝs	ɔ̀ːʋəs	ɔ̀ːʋəs	SAME
òdrъ	slovene	ódǝr	ɔ̀ːdər	ɔ̀ːdər	SAME
ògn'ь	slovene	ógǝnj	ɔ̀ːɡǝn	ɔ̀ːɡənj	DIFFERENT
òlkati	slovene	lákati	làːkati	làːkati	SAME
òlkomъ	slovene	lákom	làːkɔm	làːkɔm	SAME
òlkomъjь	slovene	lákom	làːkɔm	làːkɔm	SAME
òlčьnъ	slovene	láčǝn	làːt͡ʃən	làːt͡ʃǝn	DIFFERENT
òrdlo	slovene	rálọ	[rǎːlo]		CORRECTED
òrkъ	slovene	ràk	[râːk]		CORRECTED
òrtajь	slovene	rátaj	ràːtaj	ràːtaj	SAME
òsmь	slovene	ǫ́sǝm	ǒːsǝm	ò̝ːsǝm	DIFFERENT
ȍko	slovene	okọ̑	ɔkóː		IN_WIKTIONARY
ȍlovo	slovene	olǫ́v	ɔlǒːʋ	ɔlò̝ːʋ	DIFFERENT
ȏlъ	slovene	ǫ̑ɫ	ôu̯	ó̝ːʊ	DIFFERENT
ȏstь	slovene	ǫ̑st	ôːst	ó̝ːst	DIFFERENT
ȏsь	slovene	ǫ̑s	ôːs	ó̝ːs	DIFFERENT
ǫdìti	slovene	vodíti	ʋɔdìːti	ʋɔdìːti	SAME
ǫgorь	slovene	ogǫ́r	[ɔɡǒːr]		CORRECTED
ǫtrь	slovene	nǫ̑tǝr	nôːtər	nó̝tǝr	DIFFERENT
ǫty	slovene	ǫ̑tva	ôːtʋa	ó̝ːtʋa	DIFFERENT
ǫzъkъ	slovene	ǫ́zǝk	[ǒːzǝk]		CORRECTED
ǫ̀glь	slovene	ǫ̑gǝɫ	ôːɡǝu̯	ɔɡǝʊ	DIFFERENT
ǫ̀zlъ	slovene	vózǝɫ	ʋɔ̌ːzǝu̯	ʋɔ̀ːzǝʊ	DIFFERENT
ǫ́sъ	slovene	vǫ̑s	ʋôːs	ʋó̝ːs	DIFFERENT
ǫ́žь	slovene	ǫ́ž	ǒːʃ	ò̝ːʃ	DIFFERENT
ǫ̑gъlъ	slovene	ǫ̑gǝɫ	ôːɡǝu̯	ɔɡǝʊ	DIFFERENT
palica	slovene	pálica	pàːlit͡sa	pàːlit͡sa	SAME
palьcь	slovene	pȃɫǝc	páːʋət͡s	páːʊǝt͡s	DIFFERENT
pasti	slovene	pásti	pàːsti		IN_WIKTIONARY
paxati	slovene	páhati	pàːxati	pàːxati	SAME
pazduxa	slovene	pȃzduha	páːzduxa		IN_WIKTIONARY
paziti	slovene	páziti	pàːziti	pàːziti	SAME
pàdati	slovene	pádati	pàːdati	pàːdati	SAME
pàmętь	slovene	pámet	pàːmɛt		IN_WIKTIONARY
pàǭkъ	slovene	pȃjǝk	páːjǝk	páːjǝk	SAME
pàra	slovene	pȃra	páːra	páːra	SAME
pekti	slovene	péči	pɛ̀ːt͡ʃi		IN_WIKTIONARY
pelesъ	slovene	pelę́sast	pɛlěːsast	pɛlèːsast	DIFFERENT
per	slovene	pre-	prɛ-		IN_WIKTIONARY
perdъ	slovene	prẹ̑d	préːt	préːt	SAME
perkъ	slovene	prẹ̑k	préːk	préːk	SAME
però	slovene	perọ̑	pɛróː		IN_WIKTIONARY
pèlti	slovene	plẹ́ti	plèːti		IN_WIKTIONARY
pèlva	slovene	plẹ́va	plèːʋa		IN_WIKTIONARY
pěsъ̀kъ	slovene	pẹ́sǝk	pèːsǝk	pèːsǝk	SAME
pěti	slovene	pẹ́ti	pèːti	pèːti	SAME
pešьjь	slovene	pẹ̑šji	péːʃji	péːʃji	SAME
pě̀na	slovene	pẹ́na	pèːna		IN_WIKTIONARY
pě́stъ	slovene	pẹ́stọ	pèːsto	pèːst	DIFFERENT
pȇktь	slovene	pę̑č	pêːt͡ʃ	pé̝t͡ʃ	DIFFERENT
pȇlnъ	slovene	plẹ̑n	[plêːn]		CORRECTED
pę̑tь	slovene	pę̑t	pêːt	pé̝t	DIFFERENT
pętà	slovene	péta	pɛ̀ːta		IN_WIKTIONARY
pęti	slovene	pę́ti	pěːti	pòːti	DIFFERENT
petъjь	slovene	pę́ti	pěːti	pòːti	DIFFERENT
pę̑dь	slovene	pę̑d	pêːt	pé̝t	DIFFERENT
pę̑stь	slovene	pę̑st	pêːst	pé̝st	DIFFERENT
pitati	slovene	pítati	pìːtati	pìːtati	SAME
pìti	slovene	píti	pìːti		IN_WIKTIONARY
pìtja	slovene	píča	pìːt͡ʃa	pìːt͡ʃa	SAME
pȋvo	slovene	pívọ	pìːʋo	pìːʋo	SAME
pjьvàti	slovene	pljuváti	pljuʋàːti	pljuʋàːti	SAME
plàkati	slovene	plákati	plàːkati	plàːkati	SAME
plàvati	slovene	plávati	plàːʋati	plàːʋati	SAME
plàviti	slovene	plavíti	[plaʋǐːti]		CORRECTED
plástъ	slovene	plȃst	pláːst	pláːst	SAME
plesti	slovene	plésti	plɛ̀ːsti		IN_WIKTIONARY
pletjè	slovene	pléče	plɛ̌ːt͡ʃɛ	plɛ̀ːt͡ʃɛ	DIFFERENT
plěsnь	slovene	plẹ̑sǝn	plêːsǝn	pléːsǝn	DIFFERENT
plěva	slovene	plẹ́va	plèːʋa		IN_WIKTIONARY
plě̑šь	slovene	plẹ̑š	plêːʃ	pléːʃ	DIFFERENT
ploskъ	slovene	plȏsk	plɔ́ːsk	plɔ́ːsk	SAME
plotъ	slovene	plọ̑t	plóːt	plóːt	SAME
pluti	slovene	plúti	plùːti		IN_WIKTIONARY
pl̨ūtjè	slovene	pljúča	pljùːt͡ʃa		IN_WIKTIONARY
podòba	slovene	podǫ̑ba	pɔdodàːba	pɔdɔba	DIFFERENT
podъ	slovene	pòd	pɔ̂t	pɔ́t	DIFFERENT
poìti	slovene	pojíti	pɔjǐːti	pɔjìːti	DIFFERENT
pokòjь	slovene	pókoj	pɔ̀ːkɔj	pɔ̀ːkɔj	SAME
polè̌no	slovene	polẹ́nọ	pɔlěːno	pɔlèːno	DIFFERENT
polěti	slovene	polẹ́ti	[pɔlěːti]		CORRECTED
polìca	slovene	políca	pɔlìːt͡sa		IN_WIKTIONARY
polsà	slovene	plása	[plǎːsa]		CORRECTED
poltьnò	slovene	plátnọ	plǎːtno	plàːtno	DIFFERENT
polvъ	slovene	plàv	plâʋ	plàːʋ	DIFFERENT
polšiti	slovene	plášiti	plǎːʃiti	plàːʃiti	DIFFERENT
polъ	slovene	pọ̑l	póːl	póːl	SAME
porti	slovene	práti	pràːti		IN_WIKTIONARY
pozdъ	slovene	pozd	pɔst	pɔzd	DIFFERENT
pozdьnъ	slovene	pózǝn	pɔ̌ːzǝn	pɔ̀ːzən	DIFFERENT
počìti	slovene	počíti	pɔt͡ʃìːti	pɔt͡ʃìːti	SAME
pòlmy	slovene	plámen	plàːmɛn		IN_WIKTIONARY
pòlxъ	slovene	plȃh	pláːx	pláːx	SAME
pòrgъ	slovene	pràg	prâk	pràːk	DIFFERENT
pȍjāsъ	slovene	pȃs	páːs	páːs	SAME
pȍl̨e	slovene	pọ̑lje	póːljɛ		IN_WIKTIONARY
pȍrsę	slovene	prasè	prasɛ	prasɛ́	DIFFERENT
pȏlzъ	slovene	plȃz	pláːs		IN_WIKTIONARY
pȏrxъ	slovene	prȃh	práːx		IN_WIKTIONARY
pȏtъ	slovene	pọ̑t	póːt	póːt	SAME
pǫditi	slovene	podíti	pɔdìːti	pɔdìːti	SAME
pǫčina	slovene	počína	pɔt͡ʃìːna	pɔt͡ʃìːna	SAME
pǫ̀to	slovene	pǫ́tọ	pǒːto	pèːto	DIFFERENT
pǫ́tь	slovene	pǫ́t	pǒ:t	pèːt	DIFFERENT
pràvъ	slovene	pràv	prâʋ	pràːʋ	DIFFERENT
pręsti	slovene	prę́sti	prěːsti	prèːsti	DIFFERENT
pri	slovene	prì	[prî]		CORRECTED
prijatelь	slovene	prijȃtelj	[prijâːtɛl]		CORRECTED
prijati	slovene	príjati	prǐːjati	prìːjati	DIFFERENT
prídъ	slovene	prìd	prît	prɛt	DIFFERENT
prodadja	slovene	prodȃja	[prɔdâːja]		CORRECTED
prosìti	slovene	prósiti	[prɔ̌ːsiti]		CORRECTED
prosterti	slovene	prostrẹ́ti	prɔstrèːti	prɔstrèːti	SAME
pròčь	slovene	pròč	prɔ̂t͡ʃ	prɛt͡ʃ	DIFFERENT
prȏstъ	slovene	pròst	prɔ̂st	prɔ́st	DIFFERENT
prǫglo	slovene	prǫ́glọ	prǒ:ɡlo	prò̝ːɡlo	DIFFERENT
prъskati	slovene	pŕskati	pə̀rskati	pə̀rskati	SAME
pustìti	slovene	pustíti	pustìːti	pustìːti	SAME
puxati	slovene	púhati	pùːxati	pùːxati	SAME
puxlъ	slovene	púhǝɫ	[pǔːxǝu̯]		CORRECTED
puxnǫti	slovene	púhniti	pùːxniti	pùːxniti	SAME
pȗstъ	slovene	pȗst	púːst		IN_WIKTIONARY
pȳtàti	slovene	pítati	pìːtati	pìːtati	SAME
pālìti	slovene	páliti	pàːliti	pàːliti	SAME
pъlkъ	slovene	pȏɫk	pɔ́ːuk	pɔ́ːʊk	DIFFERENT
pъtìca	slovene	ptíca	ptìːt͡sa		IN_WIKTIONARY
pьrati	slovene	práti	pràːti		IN_WIKTIONARY
pьrga	slovene	pŕga	[pə̌rɡa]		CORRECTED
pьrvъjь	slovene	pȓvi	pə́rʋi		IN_WIKTIONARY
pьsàti	slovene	písati	pìːsati		IN_WIKTIONARY
pьxati	slovene	pǝháti	pǝ̌xati	pəxàːti	DIFFERENT
pьzděti	slovene	pǝzdė́ti	pǝzdòːti	pəzdìːti	DIFFERENT
pьšenò	slovene	pšénọ	[pʃɛ̌ːno]		CORRECTED
pь̀lnъ	slovene	pȏɫn	pɔ́ːʋn	pɔ́ː	DIFFERENT
pь̀lzati	slovene	póɫzati	pɔ̌ːutiti	pɔ̀ːʊzati	DIFFERENT
pь̀rstъ	slovene	pȓst	pə́rst		IN_WIKTIONARY
pь̀rsь	slovene	pŕsi	pə̀rsi	pə̀rsi	SAME
pь̀strъ	slovene	pǝ̀stǝr	pə̂rstər	pə̀ːstər	DIFFERENT
pь̀sъ	slovene	pǝ̀s	pə̂:s	pə̀rs	DIFFERENT
pь̑lstь	slovene	pȏɫst	pɔ́ːust	pɔ́ːʊst	DIFFERENT
pь̑nь	slovene	pȃnj	páːn		IN_WIKTIONARY
pь̑rstь	slovene	pȓst	pə́rst		IN_WIKTIONARY
pь̑rxъ	slovene	pȓh	pə̂rx	pə́rx	DIFFERENT
radi	slovene	zarȃdi	zaráːdi	zaráːdi	SAME
rebrò	slovene	rébrọ	rɛ̌ːbro	rɛ̀ːbro̝	DIFFERENT
rekti	slovene	réči	rɛ̀ːt͡ʃi		IN_WIKTIONARY
remy	slovene	rémen	rɛ̌ːmɛn	rɛ̀ːmɛn	DIFFERENT
rědъkъ	slovene	rẹ́dǝk	rèːdək	rèːdǝk	DIFFERENT
rě̄kà	slovene	rẹ́ka	[rěːka]		CORRECTED
rě̑čь	slovene	rẹ̑č	réːt͡ʃ		IN_WIKTIONARY
rę̑dъ	slovene	rę̑d	rêːt	rɔ́t	DIFFERENT
rębica	slovene	rebíca	rɛbìːt͡sa	rɛbìːt͡sa	SAME
ritь	slovene	rìt	rît	rɛt	DIFFERENT
rìnǫti	slovene	ríniti	rìːniti	rìːniti	SAME
rodìti	slovene	rodíti	rɔdìːti	rɔdìːti	SAME
rokъ	slovene	ròk	rɔ̂k	rək	DIFFERENT
rosà	slovene	rósa	rɔ̀ːsa		IN_WIKTIONARY
rovъ	slovene	ròv	rɔ̂ʋ	rə́ʋ	DIFFERENT
ròjь	slovene	ròj	rɔ̂i̯	ròj	DIFFERENT
rȏdъ	slovene	rọ̑d	róːt	ró̝ːt	DIFFERENT
rȏgъ	slovene	rọ̑g	róːk		IN_WIKTIONARY
rǫbìti	slovene	rǫ́biti	ròːbiti	rò̝ːbiti	DIFFERENT
rǭkà	slovene	róka	rɔ̀ːka		IN_WIKTIONARY
rǫ̑bъ	slovene	rǫ̑b	rôːp	ró̝ːp	DIFFERENT
rȗdъ	slovene	rȗd	rúːt	rúːt	SAME
rỳdlo	slovene	rílọ	rǐːlo	rìːl	DIFFERENT
rỳti	slovene	ríti	rìːti		IN_WIKTIONARY
rāčìti	slovene	se	sɛ		IN_WIKTIONARY
rūnò	slovene	rúnọ	rǔːno	rùːn	DIFFERENT
r̨uti	slovene	rjúti	ərjùːti		IN_WIKTIONARY
rъvàti	slovene	rváti	ərʋàːti		IN_WIKTIONARY
sadìti	slovene	sadíti	sadìːti	sadìːti	SAME
sanь	slovene	sanȋ	saníː	saníː	SAME
sȃdъ	slovene	sȃd	sáːt		IN_WIKTIONARY
sedъlò	slovene	sédlọ	sɛ̀ːdlo	sɛ̀ːdl	DIFFERENT
seló	slovene	sélọ	sɛ̀ːlo	sɛ̀ːl	DIFFERENT
serdà	slovene	srẹ́da	srèːda	srèːda	SAME
sestrà	slovene	séstra	sɛ̀ːstra		IN_WIKTIONARY
sedmъjь	slovene	sę́dmi	sěːdmi	sè̝ːdmi	DIFFERENT
sèdmь	slovene	sę́dǝm	sěːdəm	sè̝ːdəm	DIFFERENT
sěděti	slovene	sẹdẹ́ti	sedèːti	sedèːti	SAME
sěkti	slovene	sẹ́či	sèːt͡ʃi		IN_WIKTIONARY
sěsti	slovene	sẹ́sti	sèːsti		IN_WIKTIONARY
sě̀jati	slovene	sẹjáti	sejàːti	sèːjti	DIFFERENT
sě̀mę	slovene	sẹ́me	sèːmɛ		IN_WIKTIONARY
sě̀ti	slovene	sẹjáti	sejàːti	sèːjti	DIFFERENT
sě̀verъ	slovene	sẹ́ver	sèːʋɛr		IN_WIKTIONARY
sě̑no	slovene	sẹnọ̑	senóː	séːn	DIFFERENT
sęgnǫti	slovene	sę́gniti	sěːɡniti	sè̝ːɡniti	DIFFERENT
sęgti	slovene	sę́či	sěːt͡ʃi	sè̝ːt͡ʃi	DIFFERENT
sijàti	slovene	sijáti	sijàːti	sijàːti	SAME
sìla	slovene	síla	sìːla		IN_WIKTIONARY
sìto	slovene	sítọ	sǐːto	sìːt	DIFFERENT
sìvъ	slovene	sìv	sîʋ	sə́ʋ	DIFFERENT
sítъ	slovene	sȋt	síːt	síːt	SAME
skorà	slovene	skǫ́rja	skòːrja	skòːrja	SAME
skòra	slovene	skǫ́rja	skòːrja	skòːrja	SAME
slàbъ	slovene	slàb	slâp	slàːp	DIFFERENT
slàva	slovene	sláva	slàːʋa		IN_WIKTIONARY
slìna	slovene	slína	[slǐːna]		CORRECTED
slìva	slovene	slíva	slìːʋa		IN_WIKTIONARY
slȍvo	slovene	slovọ̑	slɔʋóː		IN_WIKTIONARY
slǫ̀ka	slovene	slǫ́ka	slǒːka	slèːka	DIFFERENT
sluti	slovene	slúti	slùːti		IN_WIKTIONARY
slùšati	slovene	slúšati	slùːʃati		IN_WIKTIONARY
slȗxъ	slovene	slȗh	slúːx	slúːx	SAME
slỳšati	slovene	slíšati	slìːʃati		IN_WIKTIONARY
směxъ	slovene	smẹ̑h	sméːx		IN_WIKTIONARY
smȏrdъ	slovene	smrȃd	smrâːt	smráːt	DIFFERENT
smьjàti sę	slovene	smẹ́jati se	smèːjati sɛ	smèːjati sɛsɛ	DIFFERENT
smьrdě̀ti	slovene	smrdẹ́ti	smərdèːti	smərdèːti	SAME
sněgъ	slovene	snẹ̑g	snéːk		IN_WIKTIONARY
snuti	slovene	snováti	snɔʋàːti		IN_WIKTIONARY
snъxà	slovene	snáha	snàːxa		IN_WIKTIONARY
solnà	slovene	slána	slàːna	slàːna	SAME
solnъ	slovene	slȃn	sláːn		IN_WIKTIONARY
soltina	slovene	slȃtina	sláːtina	sláːtina	SAME
sovati	slovene	suváti	suʋàːti	suʋàːti	SAME
sovà	slovene	sóva	sɔ̀ːʋa		IN_WIKTIONARY
soxà	slovene	sóha	sɔ̀ːxa	sɔ̀ːxa	SAME
sòldъkъ	slovene	sládǝk	slǎːdək	slàːtək	DIFFERENT
sòlma	slovene	sláma	slàːma	slàːma	SAME
sòmъ	slovene	sòm	sɔ̂m	s	DIFFERENT
sȏkъ	slovene	sọ̑k	sóːk		IN_WIKTIONARY
sȏlpъ	slovene	slȃp	sláːp		IN_WIKTIONARY
sȏlь	slovene	sọ̑ɫ	sóːu̯	sóː	DIFFERENT
sǫ-	slovene	so-	sɔ-	sɔ-	SAME
sǫditi	slovene	sǫ́diti	sǝ̌ːditi	sèːditi	DIFFERENT
sǫdì	slovene	sǫ́dij	sǒːdij	sèːdij	DIFFERENT
sǫ́dъ	slovene	sǫ́d	sǒːt	sèːt	DIFFERENT
sǫ̑kъ	slovene	sǫ̑k	sôːk	sɔk	DIFFERENT
spěšiti	slovene	spẹ́šiti	spèːʃiti	spèːʃiti	SAME
spě̀ti	slovene	spẹ́ti	spèːti		IN_WIKTIONARY
spě̑xъ	slovene	spẹ̑h	spéːx	spéːx	SAME
stàrъ	slovene	stàr	star	stár	DIFFERENT
stàti	slovene	státi	stàːti		IN_WIKTIONARY
stàviti	slovene	stáviti	stàːʋiti		IN_WIKTIONARY
stȃnъ	slovene	stȃn	stáːn	stáːn	SAME
stenàti	slovene	stenjáti	stɛnjàːti	stɛnjàːti	SAME
stergti	slovene	strẹ́či	strèːt͡ʃi		IN_WIKTIONARY
stě̀nь	slovene	stẹ́n	stèːn	stèːn	SAME
stìgnǫti	slovene	stígniti	stìːɡniti	stìːɡniti	SAME
stogъ	slovene	stòg	stɔ̂k	stə́k	DIFFERENT
stojati	slovene	státi	stàːti		IN_WIKTIONARY
stornà	slovene	strȃn	stráːn		IN_WIKTIONARY
stòlъ	slovene	stòɫ	stɔ̂u̯	stóʊ	DIFFERENT
strigti	slovene	stríči	strìːt͡ʃi		IN_WIKTIONARY
strǫkъ	slovene	stròk	strɔ̂k	strɔk	DIFFERENT
strujà	slovene	strúja	strùːja	strùːja	SAME
strȗpъ	slovene	strȗp	strúːp		IN_WIKTIONARY
studènъ	slovene	studèn	studɛn	studɛ̀n	DIFFERENT
studìti	slovene	stúditi	stǔːditi	stùːditi	DIFFERENT
studъ	slovene	stȗd	stúːt	stúːt	SAME
stydъ	slovene	stȋd	stíːt	stíːt	SAME
stьblò	slovene	stéblọ	stɛ̀ːblo	stɛ̀ːblo̝	DIFFERENT
stьblь	slovene	stǝbǝ̀ɫ	stəbǝǝ̀ruk	stǝbə́ʊ	DIFFERENT
stьdzà	slovene	stǝzà	st̪ǝzà	stəzá	DIFFERENT
stьgna	slovene	stǝgnè	stəɡnɛ̀	stəɡné	DIFFERENT
stьlati	slovene	stláti	stlàːti	stlàːti	SAME
sunǫti	slovene	súniti	sǔːniti	sùːniti	DIFFERENT
suti	slovene	súti	[sǔːti]		CORRECTED
sušìti	slovene	sušíti	suʃìːti	suʃìːti	SAME
sȗxъ	slovene	sȗh	súːx		IN_WIKTIONARY
svekry	slovene	svę̑krva	sʋêːkrʋa	sʋɔkrə́ʋa	DIFFERENT
svekrъ	slovene	svę́kǝr	sʋěːkər	sʋèːkər	DIFFERENT
svě̄tjà	slovene	svẹ́ča	[sʋěːt͡ʃa]		CORRECTED
svě̑tъ	slovene	svę̑t	[sʋêːt]		CORRECTED
svętъ	slovene	svę̑t	[sʋêːt]		CORRECTED
svinьjà	slovene	svínja	sʋìːnja	sʋìːnja	SAME
svȏrbъ	slovene	srȃb	sráːp	sráːp	SAME
svьrběti	slovene	srbẹ́ti	sərbèːti	srbèːti	DIFFERENT
sỳpati	slovene	sípati	sìːpati	sìːpati	SAME
sỳrъ	slovene	sìr	sîr	sír	DIFFERENT
sỳtъ	slovene	sìt	sît	sít	DIFFERENT
sỳtъjь	slovene	sìt	sît	sít	DIFFERENT
sy̑nъ	slovene	sȋn	síːn		IN_WIKTIONARY
śěrъ	slovene	sę́r	sěːr	sè̝ːr	DIFFERENT
sъ	slovene	s	s		IN_WIKTIONARY
sъdòrvъ	slovene	zdràv	zdrâʋ	zdràːʋ	DIFFERENT
sъlàti	slovene	posláti	pɔslàːti		IN_WIKTIONARY
sъlojь	slovene	slòj	slɔ̂	slòj	DIFFERENT
sъlъ	slovene	sǝ̀ɫ	[sǝ̂u̯]		CORRECTED
sъmè̌ti	slovene	smẹ́ti	smèːti		IN_WIKTIONARY
sъmьrtь	slovene	smr̀t	smə̂t	smərt	DIFFERENT
sъn	slovene	s	s		IN_WIKTIONARY
sъpati	slovene	spáti	spàːti		IN_WIKTIONARY
sъporъ	slovene	spòr	spɔ̂r	spə̀r	DIFFERENT
sъpъ	slovene	sèp	sɛ̂p	sɛ̀ːp	DIFFERENT
sъrěsti	slovene	srẹ́sti	srèːsti	srèːsti	SAME
sъsàti	slovene	sǝsáti	səsə̌ːti	sə́sàːti	DIFFERENT
sъtȏ	slovene	stọ̑	stóː		IN_WIKTIONARY
sъxnǫti	slovene	sǝhníti	sǝxnǐːti	səxnìːti	DIFFERENT
sъ̀nъ	slovene	sǝ̀n	sə̂n	sə̀rn	DIFFERENT
sъ̏lnьce	slovene	sȏɫnce	sɔ́ːʋnt͡sɛ	sɔ́ːʊnt͡sɛ	DIFFERENT
sь	slovene	sej	sɛj	sɛj	SAME
sьcati	slovene	scáti	st͡sàːti	st͡sàːti	SAME
sьrna	slovene	sŕna	sə̀rna		IN_WIKTIONARY
sьršenь	slovene	sŕšen	sə̀rʃɛn	sə̀rʃɛn	SAME
sь̑rdьce	slovene	srcę̑	sərt͡sêː	srt͡sé̝ː	DIFFERENT
tajìti	slovene	tajíti	[tajǐːti]		CORRECTED
tatь	slovene	tȃt	táːt	táːt	SAME
tàjati	slovene	tájati	tǎːjati	tàːjati	DIFFERENT
tekti	slovene	téči	tɛ̀ːt͡ʃi		IN_WIKTIONARY
tekъ	slovene	tę̑k	têːk	té̝ːk	DIFFERENT
telktì	slovene	tlẹ́či	tlèːt͡ʃi	tlèːt͡ʃi	SAME
tenetò	slovene	tenę̑t	tɛnêːt	tɛnɔt	DIFFERENT
teplъ	slovene	tópǝɫ	[tɔ̌ːpǝu̯]		CORRECTED
tesàti	slovene	tésati	[tɛ̌ːsati]		CORRECTED
teti	slovene	se	sɛ		IN_WIKTIONARY
tèrti	slovene	trẹ́ti	trèːti		IN_WIKTIONARY
těsnъ	slovene	tésǝn	tɛ̌ːsǝn	tɛ̀ːsən	DIFFERENT
tě̀mę	slovene	tẹ́me	tèːmɛ	tèːmɛ	SAME
tě̑sto	slovene	tẹstọ̑	teːstô	téːstóː	DIFFERENT
tęgnǫti	slovene	tę́gniti	tɛ̌ːɡniti	tè̝ːɡniti	DIFFERENT
tęti	slovene	tę́ti	těːti	tèːti	DIFFERENT
tęžъkъ	slovene	téžǝk	tɛ̌ːʒǝk	tɛ̀ːʃ	DIFFERENT
tìskati	slovene	tískati	tìːskati	tìːskati	SAME
toliti	slovene	tóliti	tɔ̌ːliti	tɔ̀ːliti	DIFFERENT
tolkà	slovene	tláka	tlǎːka	tlàːka	DIFFERENT
topìti	slovene	topíti	tɔpǐːti	tɔpìːti	DIFFERENT
tȏkъ	slovene	tòk	tɔ̂k	tók	DIFFERENT
tǫ̑gъ	slovene	tǫ̑g	tôːk	tó̝ːɡ	DIFFERENT
tretьjь	slovene	trę́tji	trěːtji	trèːtji	DIFFERENT
tręsti	slovene	trę́sti	trěːsti	trèːsti	DIFFERENT
trovati	slovene	trováti	trɔʋàːti	trɔʋàːti	SAME
trǫdъ	slovene	trǫ̑d	trôːt	tró̝ːt	DIFFERENT
trǫtъ	slovene	trǫ̑t	trôːt	tró̝ːt	DIFFERENT
trudъ	slovene	trȗd	trúːt	trúːt	SAME
trȗpъ	slovene	trȗp	trúːp	trúːp	SAME
trāvà	slovene	tráva	tràːʋa		IN_WIKTIONARY
trъ̑stь	slovene	tȓst	tə̂rst	tə́rst	DIFFERENT
tučьnъ	slovene	túčǝn	tùːt͡ʃən	tùːt͡ʃ	DIFFERENT
tȗrъ	slovene	tȗr	[tûːr]		CORRECTED
tvȃrь	slovene	tvȃr	tʋáːr	tʋáːr	SAME
tvorìti	slovene	tvoríti	tʋɔrìːti	tʋɔrìːti	SAME
tvorъ	slovene	tvọ̑r	tʋóːr	tʋóːr	SAME
tvь̑rdъ	slovene	tȓd	[tə̂rt]		CORRECTED
ty	slovene	tȋ	tíː		IN_WIKTIONARY
tỳlъ	slovene	tȋɫ	[tî:u̯]		CORRECTED
tǭgà	slovene	tǫ́ga	tǒːɡa	tò̝ɡa	DIFFERENT
tъ	slovene	tȃ	táː		IN_WIKTIONARY
tъrgati	slovene	tŕgati	[tə̌rɡati]		CORRECTED
tъ̀ščь	slovene	tǝ̀šč	tə̂:ʃt͡ʃ	tə́ʃt͡ʃ	DIFFERENT
tъ̀ščьjь	slovene	tǝ̀šč	tə̂:ʃt͡ʃ	tə́ʃt͡ʃ	DIFFERENT
tьlěti	slovene	tlẹ́ti	tlèːti	tlèːti	SAME
tьma	slovene	tǝmà	t̪imàː	tǝmá	DIFFERENT
tь̏nьkъ	slovene	tǝnǝ̀k	tənǝǝk	tənə́k	DIFFERENT
vaditi sę	slovene	v. se	ʋ
varìti	slovene	varíti	ʋarǐːti	ʋarìːti	DIFFERENT
vȃrъ	slovene	vȃr	ʋáːr	ʋáːr	SAME
vedrъ	slovene	vę́dǝr	ʋěːdər	ʋè̝ːdər	DIFFERENT
velě̀ti	slovene	velẹ́ti	ʋɛlèːti	ʋɛlèːti	SAME
velìkъ	slovene	vélik	ʋɛ̀ːlik		IN_WIKTIONARY
velkti	slovene	vlẹ́či	ʋlèːt͡ʃi		IN_WIKTIONARY
velь	slovene	vę̑l	ʋêːl
vergti	slovene	vrẹ́či	ʋrèːt͡ʃi		IN_WIKTIONARY
vermę	slovene	vréme	ʋrɛ̀ːmɛ		IN_WIKTIONARY
vertenò	slovene	vrẹténọ	ʋrenetɛno	ʋrèːtɛn	DIFFERENT
veslò	slovene	véslọ	ʋɛ̌ːslo	ʋɛ̀ːslo	DIFFERENT
vesnà	slovene	vẹ̑sna	ʋéːsna	ʋéːsna	SAME
vesti	slovene	vésti	ʋɛ̀ːsti		IN_WIKTIONARY
věděti	slovene	vẹ́dẹti	ʋèːditi	ʋèːditi	SAME
vědrò	slovene	vẹ́drọ	ʋèːdro	ʋèːdr	DIFFERENT
věja	slovene	vẹ̑ja	ʋêːja	ʋéːja	DIFFERENT
větjati	slovene	vę́čati	[ʋěːt͡ʃati]		CORRECTED
vě̀jati	slovene	vẹ́ti	ʋèːti		IN_WIKTIONARY
vě̀ko	slovene	vẹ́ka	ʋèːka	ʋèːka	SAME
vě̀ra	slovene	vę́ra	ʋěːra	ʋòːra	DIFFERENT
vě̀trъ	slovene	vẹ̑tǝr	ʋéːtər	ʋéːt	DIFFERENT
vȅčerъ	slovene	večę̑r	ʋɛt͡ʃêːr	ʋɛt͡ʃóːr	DIFFERENT
vę̀dnǫti	slovene	vę́niti	ʋěːniti	ʋèːniti	DIFFERENT
vę̄zàti	slovene	vę́zati	[ʋěːzati]		CORRECTED
virъ	slovene	vȋr	ʋíːr		IN_WIKTIONARY
viti	slovene	víti	ʋìːti		IN_WIKTIONARY
vitь	slovene	vȋt	[ʋîːt]		CORRECTED
vixъrъ	slovene	víhǝr	ʋìːxər	ʋìːxǝr	DIFFERENT
vìděti	slovene	vídẹti	ʋìːditi	ʋìːditi	SAME
vȋdъ	slovene	vȋd	ʋíːt		IN_WIKTIONARY
vodà	slovene	vóda	ʋɔ̀ːda		IN_WIKTIONARY
vodìti	slovene	vóditi	ʋɔ̌ːditi	ʋɔ̀ːditi	DIFFERENT
vojьna	slovene	vójna	[ʋɔ̌ːi̯na]		CORRECTED
voliti	slovene	vóliti	ʋɔ̌ːliti	ʋɔ̀ːliti	DIFFERENT
volkà	slovene	vláka	[ʋlǎːka]		CORRECTED
volknò	slovene	vláknọ	ʋlǎːkno	ʋlàːkno	DIFFERENT
volstь	slovene	lȃst	láːst		IN_WIKTIONARY
volžiti	slovene	vlážiti	[ʋlǎːʒiti]		CORRECTED
vorta	slovene	vráta	ʋràːta		IN_WIKTIONARY
voskъ	slovene	vọ̑sǝk	ʋóːsǝk	ʋóːsǝk	SAME
vozìti	slovene	vóziti	ʋɔ̌ːziti	ʋɔ̀ːziti	DIFFERENT
vòlga	slovene	vlága	ʋlàːɡa	ʋlàːɡa	SAME
vòl̨a	slovene	vǫ́lja	ʋǒːlja	ʋò̝ːlja	DIFFERENT
vòrna	slovene	vrána	ʋràːna		IN_WIKTIONARY
vȏlkъ	slovene	vlȃk	ʋláːk		IN_WIKTIONARY
vȏlsъ	slovene	lȃs	láːs		IN_WIKTIONARY
vȏrgъ	slovene	vrȃg	ʋrâːk	ʋráːk	DIFFERENT
vȏrnъ	slovene	vrȃn	[ʋrâːn]		CORRECTED
vȏzъ	slovene	vọ̑z	[ʋôːs]		CORRECTED
vy	slovene	vȋ	ʋíː		IN_WIKTIONARY
vysòkъ	slovene	visòk	ʋisɔ̂k	ʋisɔ́k	DIFFERENT
vỳmę	slovene	víme	ʋìːmɛ	ʋìːmɛ	SAME
v̀ydra	slovene	vȋdra	ʋíːdra	ʋíːdra	SAME
vъ	slovene	v	ʋ		IN_WIKTIONARY
vъn	slovene	v	ʋ		IN_WIKTIONARY
vъnùkъ	slovene	vnúk	ʋnùːk	ʋnùːk	SAME
vъnъ	slovene	vǝ̀n	ʋə̂:n	ʋə̀rn	DIFFERENT
vъpìti	slovene	vpíti	[ʋpǐːti]		CORRECTED
vъtorъjьjь	slovene	vtóri	ʋtɔ̀ːri	ʋtɔ̀ːri	SAME
vъ̑šь	slovene	ùš	ǔʃ	ʃ	DIFFERENT
vьdovà	slovene	vdọ̑va	ʋdóːʋa	ʋdóːʋa	SAME
vьlgъkъ	slovene	vóɫgǝk	ʋɔ̌ːuɡǝk	ʋɔ̀ːʊɡək	DIFFERENT
vьrěti	slovene	vrẹ́ti	ʋrèːti		IN_WIKTIONARY
vьrtě̀ti	slovene	vrtẹ́ti	ʋərtèːti	ʋərtèːti	SAME
vьśь	slovene	vǝ̀s	ʋə̂:s	ʋə̀rs	DIFFERENT
vьsь	slovene	vȃs	ʋáːs		IN_WIKTIONARY
vьčera	slovene	včę́ra	ʋt͡ʃěːra	ʋt͡ʃè̝ːra	DIFFERENT
vь̀lna	slovene	vóɫna	ʋɔ̌ːu̯na	ʋɔ̀ːʊna	DIFFERENT
vь̀rxъ	slovene	vȓh	ʋə́rx	ʋə́rx	SAME
vь̀rša	slovene	vŕša	ʋə̀rʃa		IN_WIKTIONARY
vь̑lkъ	slovene	vȏɫk	ʋɔ́ːʋk	ʋɔ́ːʋk	SAME
xabiti	slovene	hábiti	xàːbiti	xàːbiti	SAME
xabьnъ	slovene	hábǝn	xǎːbən	xàːbən	DIFFERENT
xlě̀bъ	slovene	hlẹ̀b	xlêp	xlèːp	DIFFERENT
xlǫdъ	slovene	hlǫ́d	xlǒːt	xlò̝ːt	DIFFERENT
xoditi	slovene	hóditi	xɔ̌ːditi	xɔ̀ːditi	DIFFERENT
xoldьnъ	slovene	hládǝn	xlǎːdən	xlàːdən	DIFFERENT
xomǫtъ	slovene	homǫ̑t	xɔmôːt	xɔmó̝ːt	DIFFERENT
xorbrъ	slovene	hrábǝr	xràːbər	xràːbər	SAME
xorna	slovene	hrána	xràːna	xràːna	SAME
xorniti	slovene	hrániti	xràːniti	xràːniti	SAME
xoxotati	slovene	hohotáti	xɔxɔtàːti	xɔxɔtàːti	SAME
xȏdъ	slovene	hòd	xɔ̂t	xɔ́t	DIFFERENT
xȏldъ	slovene	hlȃd	[xlâːt]		CORRECTED
xromъ	slovene	hròm	xrɔ̂m	xrɛm	DIFFERENT
xȗdъ	slovene	hȗd	xúːt		IN_WIKTIONARY
xvorstьje	slovene	hrástje	xràːstjɛ	xràːstjɛ	SAME
xvórstъ	slovene	hrást	xràːst		IN_WIKTIONARY
zar̨à	slovene	zárja	zàːrja	zàːrja	SAME
zaverti	slovene	zavrẹ́ti	zaʋrèːti		IN_WIKTIONARY
zelènъ	slovene	zelèn	zɛlɛ̀n	zɛlɛ̀ːn	DIFFERENT
zelьje	slovene	zę́lje	zěːljɛ	zèːljɛ	DIFFERENT
zeml̨à	slovene	zémlja	zɛ̀ːmlja		IN_WIKTIONARY
zěnica	slovene	zẹníca	zèːnit͡sa	zèːnìːt͡sa	DIFFERENT
zěvati	slovene	zẹ́vati	zèːʋati	zèːʋati	SAME
zęti	slovene	zę́bsti	zěːpsti	zèːpsti	DIFFERENT
zę̀tь	slovene	zèt	zɛ̀t	zɛ̀ːt	DIFFERENT
zìnǫti	slovene	zíniti	zìːniti	zìːniti	SAME
zmь̀jь	slovene	zmȃj	[zmâːi]		CORRECTED
znamenьje	slovene	známenje	znàːmɛnjɛ	znàːmɛnjɛ	SAME
znàti	slovene	znáti	znàːti		IN_WIKTIONARY
znojь	slovene	znǫ̑j	znôːi	znéːj	DIFFERENT
zobàti	slovene	zóbati	zɔ̌ːbati	zɔ̀ːbati	DIFFERENT
zȍlto	slovene	zlatọ̑	[zlatǒː]		CORRECTED
zȏrkъ	slovene	zrȃk	zrâːk	zráːk	DIFFERENT
zīmà	slovene	zíma	zìːma		IN_WIKTIONARY
zъly	slovene	zȃɫva	záːʋʋa	záːʊʋa	DIFFERENT
zъlъ	slovene	zǝ̀ɫ	zǝ̂u̯	zə́ʊ	DIFFERENT
zъvati	slovene	zváti	zʋàːti		IN_WIKTIONARY
zьdati	slovene	zídati	zìːdati		IN_WIKTIONARY
zьlčь	slovene	žȏɫč	ʒɔ́ːut͡ʃ	ʒɔ́ːʊt͡ʃ	DIFFERENT
zьrěti	slovene	zrẹ́ti	zrèːti	zrèːti	SAME
zь̀rno	slovene	zŕnọ	zə̀rno	zə̀rno	SAME
čadъ	slovene	čȃd	t͡ʃâːt	t͡ʃáːt	DIFFERENT
čakati	slovene	čákati	t͡ʃàːkati		IN_WIKTIONARY
čara	slovene	čára	t͡ʃàːra	t͡ʃàːra	SAME
čarodějь	slovene	čarodẹ̀j	t͡ʃarɔdèːj	t͡ʃarɔdèːj	SAME
čarъ	slovene	čȃr	[t͡ʃâːr]		CORRECTED
čàjati	slovene	čȃjati	t͡ʃáːjati	t͡ʃáːjati	SAME
čàsъ	slovene	čàs	t͡ʃâs	t͡ʃàs	DIFFERENT
čelesьnъ	slovene	čelę̑sǝn	[t͡ʃɛlêːsǝn]		CORRECTED
čelesьnъjь	slovene	čelę̑sǝn	[t͡ʃɛlêːsǝn]		CORRECTED
čelověkъ	slovene	člóvẹk	t͡ʃlɔ̀ːʋ	t͡ʃlɔ̀ːʋek	DIFFERENT
čelò	slovene	čélọ	t͡ʃɛ̀ːlo	t͡ʃɛ̀ːlo	SAME
čel̨adь	slovene	čéljad	t͡ʃɛ̀ːljat	t͡ʃɛ̀ːljat	SAME
čemerъ	slovene	čemę́r	t͡ʃɛměːr	t͡ʃɛmè̝ːr	DIFFERENT
čerdìti	slovene	črẹ́diti	t͡ʃerèːditi	t͡ʃrèːditi	DIFFERENT
černъ	slovene	črẹ̑n	t͡ʃréːn	t͡ʃréːn	SAME
čerpati	slovene	črẹ́pati	t͡ʃrèːpati	t͡ʃrèːpati	SAME
čerslò	slovene	črẹ́slọ	t͡ʃerèːslo	t͡ʃrèːsl	DIFFERENT
červьje	slovene	črẹ́vje	t͡ʃrèːʋjɛ	t͡ʃrèːʋjɛ	SAME
česàti	slovene	čésati	t͡ʃɛ̌ːsati	t͡ʃɛ̀ːsati	DIFFERENT
četvьrtъjь	slovene	četŕti	t͡ʃɛtə̀rti	t͡ʃɛtə̀rti	SAME
četỳre	slovene	štírje	ʃtìːrjɛ		IN_WIKTIONARY
čȇrpъ	slovene	črẹ̑p	t͡ʃréːp	t͡ʃréːp	SAME
čȇrvo	slovene	črẹvọ̑	t͡ʃréːʋoː	t͡ʃréːʋóː	DIFFERENT
čęstъ	slovene	čę́stọ	t͡ʃěːsto	t͡ʃèːst	DIFFERENT
či	slovene	čì	t͡ʃî	t͡ʃí	DIFFERENT
činìti	slovene	číniti	t͡ʃìːniti	t͡ʃìːniti	SAME
čitati	slovene	čítati	t͡ʃìːtati	t͡ʃìːtati	SAME
čìstiti	slovene	čístiti	t͡ʃìːstiti		IN_WIKTIONARY
čìstъ	slovene	čìst	[t͡ʃîst]		CORRECTED
čȋnъ	slovene	čȋn	t͡ʃíːn	t͡ʃíːn	SAME
čuditi sę	slovene	čúditi se	t͡ʃùːditi sɛ	t͡ʃùːditi sɛ	SAME
čùdo	slovene	čúdọ	t͡ʃùːdo	t͡ʃùːdo	SAME
čùti	slovene	čúti	t͡ʃùːti		IN_WIKTIONARY
čьrpati	slovene	črpáti	t͡ʃərpàːti	t͡ʃərpàːti	SAME
čьrstvъ	slovene	čvȓst	t͡ʃʋə́rst	t͡ʃʋə́rst	SAME
čьrtà	slovene	čŕta	t͡ʃə̀rta	t͡ʃə̀rta	SAME
čьrvь	slovene	čȓv	t͡ʃə́rʋ		IN_WIKTIONARY
čь̀rnъ	slovene	čŕn	t͡ʃə̀rn		IN_WIKTIONARY
čь̑stь	slovene	čȃst	t͡ʃáːst		IN_WIKTIONARY
ę̄drò	slovene	jédrọ	jɛ̀ːdro	jɛ̀ːdro	SAME
ę̄trò	slovene	ję́tra	jěːtra	jèːtra	DIFFERENT
ǭtròba	slovene	otróba	ɔtrɔ̀ːba	ɔtrɔ̀ːba	SAME
šestъjь	slovene	šę́sti	ʃěːsti	ʃèːsti	DIFFERENT
šȇstь	slovene	šę̑st	ʃêːst	ʃéːst	DIFFERENT
šibati	slovene	šíbati	ʃìːbati	ʃìːbati	SAME
šìti	slovene	šíti	ʃìːti		IN_WIKTIONARY
šurь	slovene	šurják	[ʃurjǎːk]		CORRECTED
šujьjь	slovene	šȗj	ʃúːj	ʃúːj	SAME
ščenę	slovene	ščenè	ʃt͡ʃɛnɛ	ʃt͡ʃɛn	DIFFERENT
ščítъ	slovene	ščìt	ʃt͡ʃît	ʃt͡ʃ	DIFFERENT
ūstà	slovene	ústa	ùːsta		IN_WIKTIONARY
ūzdà	slovene	úzda	[ǔːzda]		CORRECTED
žalь	slovene	žàɫ	ʒâu̯	ʒáʊ	DIFFERENT
žarъ	slovene	žȃr	ʒáːr	ʒáːr	SAME
žàba	slovene	žába	ʒàːba		IN_WIKTIONARY
želě̀zo	slovene	želẹ́zọ	[ʒɛlěːzo]		CORRECTED
želǫdъkъ	slovene	želǫ̑dǝc	ʒɛlôːd	ʒɛló̝ːdǝt͡s	DIFFERENT
žely	slovene	žȇɫva	ʒɛ́ːʋʋa
želza	slovene	žlẹ́za	ʒlèːza		IN_WIKTIONARY
žel̨a	slovene	žélja	ʒɛ̀ːlja		IN_WIKTIONARY
ženà	slovene	žéna	ʒɛ̀ːna		IN_WIKTIONARY
žeravъ	slovene	žerȃvica	ʒɛráːʋit͡sa	ʒɛráːʋit͡sa	SAME
žeravь	slovene	žerjàv	ʒɛrjaʋ	ʒɛrjàːʋ	DIFFERENT
žerbьjь	slovene	žrȇb	ʒrɛ́ːp	ʒrɛ́ːp	SAME
žerdlò	slovene	žrẹ́lọ	ʒrèːlo	ʒrèːlo	SAME
žerti	slovene	žrẹ́ti	ʒrèːti		IN_WIKTIONARY
žȅlǫdь	slovene	žélod	ʒɛ̀ːlɔt	ʒɛ̀ːlɔt	SAME
žędьnъ	slovene	žę́dǝn	[ʒěːdən]		CORRECTED
žęti	slovene	žę́ti	ʒěːti
žę̀dlo	slovene	žélọ	ʒɛ̌ːlo	ʒɛ̀ːlo	DIFFERENT
žę̀tva	slovene	žę̑tva	ʒêːtʋa	ʒɔtʋa	DIFFERENT
žę́dja	slovene	žę́ja	ʒěːja	ʒèːja	DIFFERENT
židъkъ	slovene	žídǝk	ʒǐːdək	ʒìːtǝk	DIFFERENT
živòtъ	slovene	živòt	ʒiʋɔt	ʒiʋɔ́t	DIFFERENT
žìca	slovene	žíca	ʒìːt͡sa		IN_WIKTIONARY
žìla	slovene	žíla	[ʒǐːla]		CORRECTED
žìti	slovene	živẹ́ti	ʒiʋèːti		IN_WIKTIONARY
žìto	slovene	žítọ	ʒǐːto	ʒìːto	DIFFERENT
žȋvъ	slovene	žȋv	ʒíːʋ		IN_WIKTIONARY
žuriti sę	slovene	žúriti se	ʒǔːriti sɛ	ʒùːriti sɛ	DIFFERENT
žьdàti	slovene	ždẹ́ti	ʒdèːti		IN_WIKTIONARY
žьlna	slovene	zelena ž.	zɛlɛna ʃ
žьltъ	slovene	žȏɫt	ʒɔ́ːu̯t	ʒɔ́ːʊt	DIFFERENT
žьrny	slovene	žȓnǝv	ʒə́rnǝʋ	ʒə́rnəʋ	DIFFERENT
žьrtva	slovene	žȓtva	ʒə́rtʋa	ʒə́rtʋa	SAME
arьmò	slovene	járǝm	jǎːrǝm	jàːr	DIFFERENT
àblo	slovene	jáblọ	jǎːblo	jàːblo	DIFFERENT
àblonь	slovene	jáblan	jǎːblan	jàːblan	DIFFERENT
àblъka	slovene	jáboɫka	[jǎːbɔu̯ka]		CORRECTED
àstrě̄bъ	slovene	jȃstreb	jáːstrɛp		IN_WIKTIONARY
ȁsenъ	slovene	jásen	[jǎːsɛn]		CORRECTED
basnь	slovene	bȃsǝn	báːsən	báːsǝn	DIFFERENT
bobrъ	slovene	bóbǝr	bɔ̌ːbər	bɔ̀ːbər	DIFFERENT
bedrò	slovene	bédrọ	bɛ̀ːdro	bɛ̀ːdro	SAME
bel(e)nъ	slovene	blẹ̀n	blên	blèːn	DIFFERENT
beleniti	slovene	blẹncáti	blent͡sàːti	blent͡sàːti	SAME
bliskati sę	slovene	blískati se	blìːskati sɛ
blizъkъ	slovene	blízǝk	[blǐːzǝk]		CORRECTED
blizь	slovene	blìz	blîs	blə́s	DIFFERENT
boln̨a	slovene	blánja	blàːnja	blàːnja	SAME
bràtъ	slovene	bràt	brât	bràːt	DIFFERENT
bràtьja	slovene	brȃtja	bráːtja	bráːtja	SAME
bridь	slovene	brȋd	bríːt	bríːt	SAME
brъkati	slovene	bŕkati	[bə̌rkati]		CORRECTED
brъsnǫti	slovene	bŕsniti	bə̀rsniti	bə̀rsniti	SAME
bъrtъ	slovene	brt	bərt	brt	DIFFERENT
bъ̀drъ	slovene	bōdǝr	bɔ̀ːdər	bɔ̀ːdər	SAME
dal̨a	slovene	dálja	dàːlja	dàːlja	SAME
děl̨a	slovene	dẹ̀lj	[dêl]		CORRECTED
dę̀ga	slovene	dę́ga	děːɡa	dè̝ːɡa	DIFFERENT
dę̄snà	slovene	dlésna	[dlɛ̌ːsna]		CORRECTED
divь	slovene	dívji	dìːʋji	dìːʋji	SAME
drevje	slovene	drẹ̑vi	dréːʋi	dréːʋi	SAME
drevьnъ	slovene	dréven	drɛ̌ːʋɛn	drɛ̀ːʋɛn	DIFFERENT
driskati	slovene	drískati	drìːskati	drìːskati	SAME
droždža	slovene	drožję̑	drɔʒjeníː	drɔʒjéː	DIFFERENT
drьkolьje	slovene	dŕkoɫ	də̀rkɔu̯	də̀rkɔʊ	DIFFERENT
dupa	slovene	dúpa	dǔːpa	dùːpa	DIFFERENT
dvogubъ	slovene	dvogùb	dʋɔɡùːp	dʋɔɡɔb	DIFFERENT
ěbàti	slovene	jébati	jɛ̌ːbati	jɛ̀ːbati	DIFFERENT
edьnakъ	slovene	ednák	ɛdnàːk	ɛdnàːk	SAME
edìnъ	slovene	edín	ɛdìːn	ɛdìːn	SAME
ȇdlь	slovene	ję̑l	jêːl	jé̝ːl	DIFFERENT
ledva	slovene	jèdva	jɛ̀dʋa	jɛ̀ːdʋa	DIFFERENT
olbodà	slovene	lóboda	[lɔ̌ːbɔda]		CORRECTED
elbǭtь	slovene	labǫ́d	labǒːt	labò̝ːt	DIFFERENT
elenъ	slovene	jélen	jɛ̀ːlɛn		IN_WIKTIONARY
elъkъ	slovene	jérǝk	jɛ̀ːrək	jɛ̀ːrǝk	DIFFERENT
emela	slovene	omę́la	ɔměːla	ɔmèːla	DIFFERENT
esètrъ	slovene	jesētǝr	jɛsɛ̀ːtər	jɛsɛ̀ːtər	SAME
ězъ	slovene	jẹ̑z	[jêːs]		CORRECTED
eževica	slovene	ježevíca	jɛʒɛʋìːt͡sa	jɛʒɛʋìːt͡sa	SAME
ežika	slovene	ježíca	jɛʒìːt͡sa	jɛʒìːt͡sa	SAME
ȅzerъ	slovene	ję̑zerọ	jêːzɛr	jóːzɛro	DIFFERENT
ękati	slovene	ję́kati	jěːkati	jèːkati	DIFFERENT
ęga	slovene	ję́za	[jěːza]		CORRECTED
gatъ	slovene	gȃt	ɡáːt	ɡáːt	SAME
gleznъ	slovene	glę́žǝnj	ɡlěːʒǝn	ɡlèːʒǝnj	DIFFERENT
glěnъ	slovene	glẹ̑n	ɡléːn	ɡléːn	SAME
glīstà	slovene	glísta	ɡlìːsta	ɡlìːsta	SAME
gluma	slovene	glúma	[ɡlǔːma]		CORRECTED
gomola	slovene	gomóla	ɡɔmɔ̀ːla	ɡɔmɔ̀ːla	SAME
górdja	slovene	grája	ɡràːja	ɡràːja	SAME
gǫgn̨ati	slovene	gognjáti	ɡɔɡnjàːti	ɡɔɡnjàːti	SAME
gǫgnavъ	slovene	gognjàv	ɡɔɡnjàʋ	ɡɔɡnjàːʋ	DIFFERENT
gǫžьva	slovene	gǫ́žva	[ɡǒːʒʋa]		CORRECTED
grǫbъ	slovene	grǫ̑b	ɡrôːp	ɡróːp	DIFFERENT
gruda	slovene	grúda	ɡrùːda	ɡrùːda	SAME
gvozdъ	slovene	gòzd	ɡɔ̂st	ɡɔ́zd	DIFFERENT
gъrbъ	slovene	gȓb	ɡə́rp		IN_WIKTIONARY
jelьša	slovene	ję́ɫša	jěːuʃa	jèːʊʃa	DIFFERENT
jesìka	slovene	jesíka	jɛsǐːka	jɛsìːka	DIFFERENT
jьgra	slovene	ígra	ìːɡra	ìːɡra	SAME
jьkrà	slovene	íkra	ìːkra	ìːkra	SAME
klìcati	slovene	klícati	klìːt͡sati		IN_WIKTIONARY
klъcati	slovene	kóɫcati	kɔu̯t͡sati	kɔ̀ːt͡stati	DIFFERENT
kogъda	slovene	kǝdá	kǝdǎː	kàːd	DIFFERENT
kolta	slovene	kláta	[klǎːta]		CORRECTED
korba	slovene	kraba	kraba	kraba	SAME
koterъ	slovene	kotę́ri	kɔtěːri	kɔtòːri	DIFFERENT
košara	slovene	košȃra	kɔʃáːra		IN_WIKTIONARY
krъxъ	slovene	kr̀h	[kə̂rx]		CORRECTED
krьnica	slovene	krníca	kərnìːt͡sa	krnìːt͡sa	DIFFERENT
kyselъ	slovene	kíseɫ	kìːsɛu̯	kìːsɛʊ	DIFFERENT
kъlkъ	slovene	kòɫk	kɔ̂u̯k	kóʊk	DIFFERENT
kъrma	slovene	kŕma	kə̀rma		IN_WIKTIONARY
lemešь	slovene	lémeš	lɛ̌ːmɛʃ	lɛ̀ːmɛʃ	DIFFERENT
lęcati	slovene	lę́cati	lěːt͡sati	lèːt͡sati	DIFFERENT
lędvьja	slovene	lę́dija	lěːdija	lèːdija	DIFFERENT
majati	slovene	májati	[mǎːjati]		CORRECTED
mamiti	slovene	mámiti	[mǎːmiti]		CORRECTED
matorъ	slovene	matǫ́r	matǒːr	matò̝ːr	DIFFERENT
matorьnъ	slovene	matǫ́rǝn	matǒːrən	matò̝ːrǝn	DIFFERENT
mȃzь	slovene	mȃz	máːs	máːs	SAME
mèčь	slovene	mèč	[mɛ̂t͡ʃ]		CORRECTED
mělъ	slovene	mẹ̑lj	[mêːl]		CORRECTED
mě̑xъ	slovene	mẹ̑h	méːx		IN_WIKTIONARY
męzdra	slovene	mę́zdra	měːzdra	mèːzdra	DIFFERENT
mьglà	slovene	mǝglà	mǝɡlâ	məɡlá	DIFFERENT
muzga	slovene	múzga	[mǔːzɡa]		CORRECTED
mьzěti	slovene	mǝzẹ́ti	mǝzèːti	mǝzèːti	SAME
někъto	slovene	nẹkdọ́	neːkdòː	neɡdòː	DIFFERENT
nȇrstъ	slovene	žabji m.	ʒabji m
nikati	slovene	níkati	nìːkati	nìːkati	SAME
norvъ	slovene	nràv	naraʋ	nràːʋ	DIFFERENT
nozdra	slovene	nǫ̑zdra	nɔ̂ːzdra	nó̝ːzdra	DIFFERENT
nuditi	slovene	núditi	[nǔːditi]		CORRECTED
nùdja	slovene	núja	nùːja	nùːja	SAME
obora	slovene	obọ̑ra	ɔbóːra	ɔbóːra	SAME
òrmę	slovene	ráme	ràːmɛ	ràːmɛ	SAME
ȍlkъtъ	slovene	lakȃt	lakáːt	lakáːt	SAME
ȍpaky	slovene	opȃk	ɔpáːk	ɔpáːk	SAME
po	slovene	pò	pɔ̂	pɔ́	DIFFERENT
povorzъ	slovene	povràz	pɔʋr̂ːs	pɔʋràːs	DIFFERENT
paznogъtь	slovene	pážnohǝt	pàːʒnɔxǝt	pàːʒnɔxǝt	SAME
pelna	slovene	plẹ́na	[plěːna]		CORRECTED
pěga	slovene	pẹ́ga	pèːɡa	pèːɡa	SAME
pěgavъ	slovene	pẹ́gav	pèːɡaʋ	pèːɡaʋ	SAME
pȅpelъ	slovene	pepę̑ɫ	pɛpêːu̯	pɛpé̝ːʊ	DIFFERENT
piskorь	slovene	piskǫ́r	piskǒːr	piskòːr	DIFFERENT
plesna	slovene	plésna	plɛ̌ːsna	plɛ̀ːsna	DIFFERENT
pǫ̀čiti	slovene	pǫ́čiti	pǒːt͡ʃiti	pèːt͡ʃiti	DIFFERENT
pǫpъ	slovene	pǫ̑p	pôːp	pó̝ːp	DIFFERENT
proti	slovene	prọ̀ti	pròːti	pròːti	SAME
pỳrъ	slovene	pȋr	píːr	píːr	SAME
pīskàti	slovene	pískati	pìːskati	pìːskati	SAME
pьkъlъ	slovene	pǝkǝ̀ɫ	pək	pək	SAME
rębika	slovene	rebíka	rɛbìːka	rɛbìːka	SAME
rębъkъ	slovene	rę̑b	rêːp	ré̝ːp	DIFFERENT
sermuša	slovene	srę̑mša	[srêːmʃa]		CORRECTED
sérnъ	slovene	srẹ̑n	sréːn	sréːn	SAME
sę̀dzati	slovene	sę́zati	sěːzati	sèːzati	DIFFERENT
sol(o)vikъ	slovene	slávǝc	slàːʋət͡s	slàːʋət͡s	SAME
sòrka	slovene	sráka	sràːka		IN_WIKTIONARY
sǫdorga	slovene	sǫ́draga	sǝ̌ːdraɡa	sèːdraɡa	DIFFERENT
strycь	slovene	stríc	strìːt͡s		IN_WIKTIONARY
strьžь	slovene	stȓž	stə́rʃ	stə́rʃ	SAME
strьženь	slovene	stržę̑n	stərʒen	strʒéːn	DIFFERENT
surovъ	slovene	surǫ̑v	surôːʋ	surɔ́ʋ	DIFFERENT
tesla	slovene	tésla	tɛ̀ːsla	tɛ̀ːsla	SAME
tędzati	slovene	tę́zati	těːzati	tè̝ːzati	DIFFERENT
tęgъ	slovene	tę̑g	têːk	té̝ːk	DIFFERENT
tri	slovene	triję̑	trijêː	trijé̝ː	DIFFERENT
tỳsǫti	slovene	tisǫ́ča	tis:ùːt͡ʃa	tisò̝ːt͡ʃa	DIFFERENT
tьlò	slovene	tlà	tlâ	tlá	DIFFERENT
vȇrsъ	slovene	vrẹ̑s	ʋréːs	ʋréːs	SAME
voinъ	slovene	vojník	[ʋɔi̯nǐːk]		CORRECTED
voldati	slovene	vládati	ʋlǎːdati	ʋlàːdati	DIFFERENT
vòn̨ь	slovene	vònj	ʋɔ̂n	ʋɔ́nj	DIFFERENT
vỳgъn̨ь	slovene	vígǝnj	ʋìːɡən	ʋìːɡən	SAME
vъtorъkъ	slovene	vtórǝk	ʋtɔ̀ːrək	ʋtɔ̀ːrǝk	DIFFERENT
vьrsta	slovene	vŕsta	ʋə̀rsta		IN_WIKTIONARY
xvoja	slovene	hǫ̑ja	xǒːja	xóːja	DIFFERENT
zidъ	slovene	zȋd	zíːt		IN_WIKTIONARY
zijati	slovene	zijáti	zijàːti	zijàːti	SAME
zȏbь	slovene	zǫ̑b	zôːp	zóːp	DIFFERENT
čàdjь	slovene	čáj	t͡ʃàːj	t͡ʃàːj	SAME
čemerika	slovene	čemeríka	t͡ʃɛmɛrìːka	t͡ʃɛmɛrìːka	SAME
čerdà	slovene	črẹ́da	t͡ʃrèːda	t͡ʃrèːda	SAME
čerěnъ	slovene	čerẹ̀n	t͡ʃɛréːn	t͡ʃɛrèːn	DIFFERENT
čermъxa	slovene	črę̑mha	t͡ʃrêːmxa	t͡ʃré̝ːmxa	DIFFERENT
čerzъ	slovene	črẹ̀z	t͡ʃrês	t͡ʃrèːs	DIFFERENT
česnъ	slovene	čésǝn	t͡ʃɛ̌ːsǝn	t͡ʃɛ̀ːsən	DIFFERENT
četverъ	slovene	četvę̑r	t͡ʃɛtʋɛn	t͡ʃɛtʋé̝ːr	DIFFERENT
čixati	slovene	číhati	[t͡ʃǐːxati]		CORRECTED
želàti	slovene	želẹ́ti	ʒɛlèːti		IN_WIKTIONARY
želdъ	slovene	žlẹ̑d	ʒléːt	ʒléːt	SAME
žezlò	slovene	žę́zlọ	[ʒěːzlo]		CORRECTED
