ajьce	slovak	vajce	ˈvajt͡sɛ		IN_WIKTIONARY
ako	slovak	ako	ˈakɔ		IN_WIKTIONARY
akъ	slovak	jaký	ˈjakiː	ˈjakiː	SAME
akъjь	slovak	jaký	ˈjakiː	ˈjakiː	SAME
àgnę	slovak	jahňa	ˈjaɦɲa		IN_WIKTIONARY
àma	slovak	jama	[ˈjama]		CORRECTED
ȁgoda	slovak	jahoda	ˈjaɦɔda		IN_WIKTIONARY
bagno	slovak	bahno	ˈbaɦnɔ	ˈbaɦno	DIFFERENT
bȁba	slovak	baba	ˈbaba		IN_WIKTIONARY
berstъ	slovak	brest	ˈbrɛst	ˈbrɛst	SAME
bez	slovak	bez	ˈbɛs		IN_WIKTIONARY
bezъ	slovak	bez	ˈbɛs		IN_WIKTIONARY
bèrmę	slovak	bremä	ˈbrɛmɛ	ˈbrɛme	DIFFERENT
bèrza	slovak	breza	ˈbrɛza		IN_WIKTIONARY
běžàti	slovak	bežatʹ	ˈbɛʒatʲ
bě̀gati	slovak	behat	ˈbɛɦat	ˈbɛɦat	SAME
belъjь	slovak	biely	ˈbi̯ɛli		IN_WIKTIONARY
bě̄dà	slovak	bieda	ˈbi̯eda	ˈbi̯eda	SAME
bě̄dìti	slovak	biedit́	ˈbi̯ɛɟit	ˈbi̯ɛtic	DIFFERENT
bě̑sъ	slovak	bes	ˈbɛs	ˈbɛs	SAME
bȇrgъ	slovak	breh	ˈbrɛx		IN_WIKTIONARY
bìdlo	slovak	bidlo	ˈbidɫɔ	ˈbidɫɔ	SAME
bìti	slovak	bitʹ	ˈbitʲ
bìtva	slovak	bitva	ˈbitva	ˈbitva	SAME
bìčь	slovak	bič	ˈbit͡ʃ	bit͡ʃ	DIFFERENT
blě̑dъ	slovak	bledý	ˈblɛdiː	ˈblɛːdiː	DIFFERENT
blě̑skъ	slovak	blesk	ˈblɛsk	ˈblɛsk	SAME
bliskъ	slovak	blisk	ˈblisk	ˈblisk	SAME
blǭdìti	slovak	blúditʹ	ˈbɫuːdit
blǫ̑dъ	slovak	blud	ˈbɫut	blud	DIFFERENT
bl̨ьvàti	slovak	blʹuvatʹ	ˈblʲuvatʲ
blъxà	slovak	blcha	ˈbɫ̩.xa		IN_WIKTIONARY
bodàti	slovak	bodatʹ	ˈbɔdatʲ
bogàtъ	slovak	bohatý	ˈbɔɦatiː		IN_WIKTIONARY
bojati sę	slovak	batʹ sa	bat
bojь	slovak	boj	ˈbɔj	ˈbɔj	SAME
bolěti	slovak	bolietʹ	ˈbɔli̯ɛtʲ
bordatъ	slovak	bradatý	ˈbradatiː		IN_WIKTIONARY
bordà	slovak	brada	ˈbrada		IN_WIKTIONARY
bordlo	slovak	bradlo	ˈbradlɔ	ˈbradlo	DIFFERENT
borna	slovak	brána	ˈbraːna
borzdà	slovak	brázda	ˈbraːzda		IN_WIKTIONARY
bòlna	slovak	blana	ˈbɫana	ˈbɫana	SAME
bȏgъ	slovak	boh	bɔx		IN_WIKTIONARY
bȏlgъ	slovak	blahý	[ˈbɫaɦiː]		CORRECTED
bȏlь	slovak	bôlʹ	bu̯oʎ
bȏrvъ	slovak	brav	ˈbrau̯	ˈbrau̯	SAME
bȏrъ	slovak	bor	ˈbɔr	bor	DIFFERENT
bȏsъ	slovak	bosý	ˈbɔsiː	ˈbɔsiː	SAME
brestì	slovak	bŕstʹ	ˈbr̩ːst
bridъkъ	slovak	britký	ˈbritkiː	ˈbritkiː	SAME
brìti	slovak	britʹ	ˈbritʲ
brìtva	slovak	britva	ˈbritva	ˈbritva	SAME
brodìti sę	slovak	broditʹ sa	ˈbrɔɟit
brȏdъ	slovak	brod	ˈbrɔt	ˈbrɔt	SAME
brusьnica	slovak	brusnica	ˈbrusɲit͡sa	ˈbrusɲit͡sa	SAME
bry	slovak	brva	ˈbr̩va	ˈbr̩va	SAME
brъzda	slovak	brzda	ˈbr̩zda		IN_WIKTIONARY
brьdnǫti	slovak	bŕdnutʹ	ˈbr̩ːdnut
brьvъnò	slovak	brvno	ˈbr̩vnɔ	ˈbr̩vnɔ	SAME
bujьnъ	slovak	bujný	ˈbujniː	ˈbujniː	SAME
bùr̨a	slovak	búra	ˈbuːra	ˈbuːra	SAME
bydlo	slovak	bydlo	ˈbidlɔ	ˈbidlɔ	SAME
bylьje	slovak	býlie	ˈbiːli̯ɛ	ˈbiːli̯ɛ	SAME
bytьje	slovak	bytie	ˈbici̯ɛ	ˈbici̯ɛ	SAME
bỳstrъ	slovak	bystrý	ˈbistriː		IN_WIKTIONARY
bỳti	slovak	bytʹ	ˈbitʲ
bādàti	slovak	bádatʹ	ˈbaːdatʲ
būdìti	slovak	buditʹ	ˈbuditʲ
būčàti	slovak	bučatʹ	ˈbut͡ʃatʲ
bъděti	slovak	bdietʹ	bdi̯et
bьrati	slovak	brat́	[ˈbrac]		CORRECTED
bьrgъ	slovak	brh	ˈbr̩x	br̩x	DIFFERENT
bьčelà	slovak	včela	ˈft͡ʃɛɫa		IN_WIKTIONARY
cè̌sta	slovak	cesta	ˈt͡sɛsta		IN_WIKTIONARY
cělovàti	slovak	celovatʹ	ˈt͡selɔvat
cě̄dìti	slovak	ceditʹ	ˈt͡seditʲ
cě̄nà	slovak	cena	ˈt͡sɛna		IN_WIKTIONARY
cě̄nìti	slovak	cenitʹ	ˈt͡senit
cě̄và	slovak	cieva	ˈt͡si̯eva	ˈt͡si̯eva	SAME
cě̑lъ	slovak	celý	ˈt͡seliː	ˈt͡seliː	SAME
dalèkъ	slovak	daleký	ˈdalekiː	ˈdalɛkiː	DIFFERENT
dàti	slovak	dáti	ˈdaːti	ˈdaːti	SAME
dȃnь	slovak	daň	daɲ		IN_WIKTIONARY
dȃrъ	slovak	dar	ˈdar	dar	DIFFERENT
degъtь	slovak	decht	ˈɟɛxt	ˈɟɛxt	SAME
dertì sę	slovak	drietʹ sa	dri̯ɛt
desetъjь	slovak	desiaty	ˈɟɛsi̯ati		IN_WIKTIONARY
devetъjь	slovak	deviaty	ˈɟɛvi̯ati	ˈɟɛvi̯ati	SAME
dérnъ	slovak	drieň	[dri̯ɛɲ]		CORRECTED
dē̌žà	slovak	dieža	[ˈɟi̯ɛʒa]		CORRECTED
děliti	slovak	deliti	ˈdeliti	ˈdɛliti	DIFFERENT
dětę	slovak	dietʹa	ˈɟi̯ɛtja
děti	slovak	deti	ˈɟɛci		IN_WIKTIONARY
dě̀lo	slovak	dielo	ˈɟi̯ɛɫɔ		IN_WIKTIONARY
dě̀va	slovak	deva	ˈɟɛva		IN_WIKTIONARY
dě́lъ	slovak	diel	ˈɟi̯ɛɫ	ˈɟi̯ɛɫ	SAME
dě̄rà	slovak	diera	ˈɟi̯ɛra	ˈɟi̯ɛra	SAME
dȅsętь	slovak	desatʹ	ˈdesat
dȅvętь	slovak	devätʹ	ˈdeʋet
dȇrvo	slovak	drevo	ˈdrɛvɔ	ˈdrevo	DIFFERENT
dętelъ	slovak	dʹatelʹ	ˈdjatelʲ
dikъ	slovak	diký	ˈɟikiː	ˈɟikiː	SAME
divъ	slovak	div	ˈɟiu̯	ˈɟiv	DIFFERENT
divьnъ	slovak	divný	ˈɟivniː	ˈɟivniː	SAME
dȋvo	slovak	divo	ˈɟivɔ	ˈɟivo	DIFFERENT
do	slovak	do	ˈdɔ		IN_WIKTIONARY
dobrъ	slovak	dobrý	ˈdɔbriː		IN_WIKTIONARY
dojìti	slovak	dojitʹ	ˈdɔjit
doltò	slovak	dláto	ˈdɫaːtɔ		IN_WIKTIONARY
domovъ	slovak	domový	ˈdɔmɔviː	ˈdɔmɔviː	SAME
dòlnь	slovak	dlaň	ˈdɫaɲ		IN_WIKTIONARY
dòrga	slovak	draha	ˈdraɦa	ˈdraɦa	SAME
dȍma	slovak	doma	ˈdɔma		IN_WIKTIONARY
dȏmъ	slovak	dom	ˈdɔm		IN_WIKTIONARY
dȏrgъ	slovak	drahý	ˈdraɦiː	ˈdraɦiː	SAME
dǭgà	slovak	dúha	ˈduːɦa		IN_WIKTIONARY
dǫ̑bъ	slovak	dub	ˈdup		IN_WIKTIONARY
drě̄màti	slovak	driematʹ	ˈdri̯ɛmatʲ
drobìti	slovak	drobitʹ	ˈdrɔbitʲ
drozdъ	slovak	drozd	ˈdrɔst		IN_WIKTIONARY
drǫ́gъ	slovak	drúh	[ˈdruːx]		CORRECTED
drǫ́kъ	slovak	drúk	ˈdruːk	druːk	DIFFERENT
drȗgъ	slovak	druh	drux	ˈdrux	DIFFERENT
drāpàti	slovak	driapatʹ	ˈdri̯apat
drāžìti	slovak	drážitʹ	ˈdraːʒit
drъgati	slovak	drgatʹ	drɡat
drъ̏vo	slovak	drvo	ˈdr̩vɔ	ˈdr̩vɔ	SAME
durьnъ	slovak	durný	ˈdurniː	ˈdurniː	SAME
duti	slovak	dutʹ	dut
dužьjь	slovak	dúži	ˈduːʒi	ˈduːʒi	SAME
dȗxъ	slovak	duch	dux	ˈdux	DIFFERENT
dvòrъ	slovak	dvor	ˈdvɔr	ˈdvɔr	SAME
dỳmъ	slovak	dym	ˈdim		IN_WIKTIONARY
dāvàti	slovak	dávatʹ	ˈdaːvat
dāvìti	slovak	dávitʹ	ˈdaːvit
dīvìti sę	slovak	divitʹ sa	ˈɟivit
dūrìti	slovak	duritʹ	ˈduritʲ
dūxàti	slovak	dúchatʹ	ˈduːxat
dūšà	slovak	duša	ˈduʃa		IN_WIKTIONARY
dъxnǫti	slovak	dochnútʹ	ˈdoxnuːt
dъxъ	slovak	dech	[ˈɟɛx]		CORRECTED
dъždžь	slovak	dáždʹ	ˈdaːʃt
dъ̑lgъ	slovak	dlh	dɫ̩x		IN_WIKTIONARY
dьlti	slovak	dĺbstʹ	ˈdɫ̩ːbst
dьnьsь	slovak	dnes	dɲɛs		IN_WIKTIONARY
dьrati	slovak	dratʹ	drat
dьrbati	slovak	drbatʹ	drbatʲ
dьrnǫti	slovak	drhnútʹ	ˈdr̩ɦnuːc
dьrzъ	slovak	drzý	[ˈdr̩ziː]		CORRECTED
dьrzъkъjь	slovak	derski	ˈdɛrski	ˈdɛrski	SAME
dьržati	slovak	držatʹ	dr̩ːʒc
dь̀lgъ	slovak	dlhý	ˈdl̩ɦiː		IN_WIKTIONARY
dь̑nь	slovak	deň	ɟɛɲ		IN_WIKTIONARY
elьcь	slovak	jalec	ˈjalɛt͡s	ˈjalɛt͡s	SAME
erębica	slovak	jarabica	ˈjarabit͡sa		IN_WIKTIONARY
erębina	slovak	jerabina	ˈjɛrabina	ˈjɛrabina	SAME
ešče	slovak	ešte	ˈɛʃcɛ	ˈɛʃcɛ	SAME
ežina	slovak	ožina	ˈɔʒina	ˈɔʒina	SAME
ežь	slovak	jež	jeʃ	je	DIFFERENT
ěrina	slovak	jarina	ˈjarina	ˈjarina	SAME
ěrъka	slovak	jarka	ˈjarka	ˈjarka	SAME
ěrь	slovak	jar	ˈjar	ˈjar	SAME
ěrьcь	slovak	jarec	ˈjarɛt͡s	ˈjaret͡s	DIFFERENT
ěsti	slovak	jestʹ	ˈjesʲtʲ
ěxati	slovak	jachatʹ	ˈjaxatʲ
ězda	slovak	jazda	ˈjazda	ˈjazda	SAME
ě̀snъ	slovak	jasný	ˈjasniː	ˈjasniː	SAME
ě̀zva	slovak	jazva	ˈjazva	ˈjazva	SAME
ě̑rъ	slovak	jarý	ˈjariː	ˈjariː	SAME
ȅsenь	slovak	jeseň	ˈjɛsɛɲ		IN_WIKTIONARY
ȇ̌dъ	slovak	jed	ˈjɛt		IN_WIKTIONARY
ęzỳkъ	slovak	jazyk	ˈja.zik		IN_WIKTIONARY
ęčati	slovak	jačatʹ	ˈjat͡ʃatʲ
ęčьmy	slovak	jačmeň	ˈjat͡ʃmɛɲ		IN_WIKTIONARY
gabati	slovak	habatʹ	ˈɦabat
gadati	slovak	hádatʹ	ˈɦaːdat
gasnǫti	slovak	hasnútʹ	ˈɦasnuːt
gàdъ	slovak	had	ˈɦat		IN_WIKTIONARY
glàdъkъ	slovak	hladký	ˈɦlatkiː	ˈɦɫatkiː	DIFFERENT
glę̀dati	slovak	hlʹadatʹ	ˈɦlʲadatʲ
glìna	slovak	hlina	ɦlina		IN_WIKTIONARY
glìva	slovak	hliva	[ˈɦliʋa]		CORRECTED
globìti	slovak	hlobitʹ	ˈɦlobit
glògъ	slovak	hloh	ˈɦɫɔx		IN_WIKTIONARY
glǫbòkъ	slovak	hlboký	ˈɦl̩bɔkiː	ˈɦɫ̩bɔkiː	DIFFERENT
glupъ	slovak	hlupý	ˈɦlupiː	ˈɦlupiː	SAME
glȗxъ	slovak	hluchý	ˈɦluxiː	ˈɦluxiː	SAME
glъtati	slovak	hltatʹ	ˈɦɫ̩tat
glьjь	slovak	glej	ɡlej	ˈɡlɛj	DIFFERENT
gnestì	slovak	hniestʹ	ˈɦɲi̯ɛst
gně̀vъ	slovak	hnev	ˈɦɲɛu̯	ɦɲeu̯	DIFFERENT
gně̄zdò	slovak	hniezdo	ɦɲi̯ɛzdɔ		IN_WIKTIONARY
gnȏjь	slovak	hnoj	ˈɦnɔj	ˈɦnɔj	SAME
gnusiti	slovak	hnusitʹ	ˈɦnusit
gnusьnъ	slovak	hnusný	[ˈɦnusniː]		CORRECTED
gnȗsъ	slovak	hnus	ˈɦnus	ɦnus	DIFFERENT
gńilъ	slovak	hnilý	ˈɦɲiliː		IN_WIKTIONARY
gńìda	slovak	hnida	ˈɦɲida		IN_WIKTIONARY
gńìti	slovak	hnitʹ	ˈɦɲit
godina	slovak	hodina	ˈɦɔɟina		IN_WIKTIONARY
godьnъ	slovak	hodný	ˈɦɔdniː	ˈɦɔdniː	SAME
golěnь	slovak	holeň	ˈɦɔlɛɲ	ˈɦoleɲ	DIFFERENT
golota	slovak	holota	ˈɦɔɫɔta	ˈɦɔɫɔta	SAME
gonìti	slovak	honitʹ	ˈɦonit
gorà	slovak	hora	ˈɦora		IN_WIKTIONARY
gorěti	slovak	horietʹ	ˈɦori̯et
gorьkъ	slovak	horký	ˈɦɔrkiː		IN_WIKTIONARY
gospodinъ	slovak	hospodin	ˈɦɔspɔɟin	ˈɦɔspɔdin	DIFFERENT
gověti	slovak	hovietʹ	ˈɦoʋi̯et
govę̀do	slovak	hovädo	ˈɦɔvɛdɔ		IN_WIKTIONARY
govorìti	slovak	hovoritʹ	ˈɦɔvɔrit
govorъ	slovak	hovor	ˈɦɔvɔr	ˈɦɔvɔr	SAME
govьnò	slovak	hovno	ˈɦɔvnɔ		IN_WIKTIONARY
gòlъ	slovak	holý	ˈɦɔɫiː		IN_WIKTIONARY
gòrxъ	slovak	hrach	ˈɦrax		IN_WIKTIONARY
gȍlǫbь	slovak	holub	ˈɦɔɫup		IN_WIKTIONARY
gȏjь	slovak	hoj	ˈɦɔj	ˈɦɔj	SAME
gȏldъ	slovak	hlad	ˈɦɫat		IN_WIKTIONARY
gȏrdъ	slovak	hrad	[ˈɦrat]		CORRECTED
gȏstь	slovak	hostʹ	ˈɦost
gǫsti	slovak	hústʹ	ˈɦuːst
gǫ̀ba	slovak	huba	ˈɦuba		IN_WIKTIONARY
gǫ̑stъ	slovak	hustý	[ˈɦustiː]		CORRECTED
gǫ̑sь	slovak	hus	ɦus		IN_WIKTIONARY
gràdъ	slovak	hrad	[ˈɦrat]		CORRECTED
grebenь	slovak	hrebeň	ˈɦrɛbɛɲ	ˈɦrɛbɛɲ	SAME
greti	slovak	hriebstʹ	ˈɦri̯epst
grějati	slovak	hriatʹ	ˈɦri̯at
grěti	slovak	hriatʹ	ˈɦri̯at
grě́xъ	slovak	hriech	ɦri̯ex		IN_WIKTIONARY
grę̄dà	slovak	hrada	ˈɦrada	ˈɦrada	SAME
grę̑znǫti	slovak	hriaznutʹ	ˈɦri̯aznut
grìva	slovak	hriva	ˈɦriʋa	ˈɦriva	DIFFERENT
grobъ	slovak	hrob	ˈɦrɔp	ˈɦrɔp	SAME
gromada	slovak	hromada	ˈɦrɔmada	ˈɦrɔmada	SAME
grozà	slovak	hrôza	ˈɦru̯oza	ˈɦru̯oza	SAME
groziti	slovak	hrozitʹ	ˈɦrozit
grozьnъ	slovak	hrozný	ˈɦrɔzniː		IN_WIKTIONARY
grȏmъ	slovak	hrom	ˈɦrom	ˈɦrɔm	DIFFERENT
grǫziti	slovak	hrúžitʹsa	ˈɦruːʒit͡sa
grǫ̑dь	slovak	hrudʹ	ˈɦrut
grỳzti	slovak	hrýztʹ	ˈɦriːst
grъmъ	slovak	grmolec	ˈɡr̩mɔlɛt͡s	ˈɡr̩mɔlɛt͡s	SAME
grьměti	slovak	hrmietʹ	ˈɦr̩mi̯ɛt
gubìti	slovak	hubiti	ˈɦubiti	ˈɦubici	DIFFERENT
gumьnò	slovak	humno	ˈɦumnɔ	ˈɦumnɔ	SAME
gvě̄zdà	slovak	hviezda	ˈɦvi̯ɛzda		IN_WIKTIONARY
gybati	slovak	hýbatʹ	ˈɦiːbat
gỳnǫti	slovak	hynút	ˈɦinuːt	ˈɦinuːt	SAME
gъnǫti	slovak	hnútʹ	ˈɦnuːt
gъrkati	slovak	hrkatʹ	ˈɦr̩kat
gъ̀rdlo	slovak	hrdlo	ˈɦr̩dɫɔ	ˈɦr̩dlɔ	DIFFERENT
gъ̑rdъ	slovak	hrdý	ˈɦr̩diː		IN_WIKTIONARY
gъ̑rstь	slovak	hrstʹ	ˈɦr̩st
ju	slovak	už	ˈuʃ	uʒ	DIFFERENT
juže	slovak	už	ˈuʃ	uʒ	DIFFERENT
jùgъ	slovak	juh	ˈjux		IN_WIKTIONARY
jūxà	slovak	jucha	ˈjuxa	ˈjuxa	SAME
jьgrati	slovak	hratʹ	ˈɦratʲ
jьgъlà	slovak	ihla	ˈiɦla	ˈiɦɫa	DIFFERENT
jьlъ	slovak	íl	iːl		IN_WIKTIONARY
jьmàti	slovak	matʹ	ˈmatʲ
jьmę	slovak	meno	ˈmɛnɔ	ˈmɛnɔ	SAME
jь̑go	slovak	jho	ˈjɦɔ	ˈjo̞	DIFFERENT
kadìdlo	slovak	kadidlo	ˈkaɟidɫɔ	ˈkaɟidɫɔ	SAME
kaliti	slovak	kalitʹ	ˈkalitʲ
kamy	slovak	kameň	ˈkamɛɲ		IN_WIKTIONARY
kara	slovak	kára	ˈkaːra	kaːra	DIFFERENT
kazati	slovak	kázatʹ	ˈkaːzat
kaziti	slovak	kazitʹ	ˈkazitʲ
kaznь	slovak	kázeň	ˈkaːzɛɲ	ˈkaːzɛɲ	SAME
kašl̨ati	slovak	kašlatʹ	ˈkaʃɫatʲ
kašlь	slovak	kašelʹ	ˈkaʃɛlʲ
kašьl̨ati	slovak	kašlatʹ	ˈkaʃɫatʲ
kašьlь	slovak	kašelʹ	ˈkaʃɛlʲ
kàjati sę	slovak	kajatʹ sa	ˈkajat
klasti	slovak	klástʹ	ˈkɫaːst
klěšča	slovak	kliešte	ˈkli̯ɛʃcɛ	ˈkli̯ɛʃcɛ	SAME
klěščiti	slovak	klieštitʹ	ˈkli̯ɛʃtit
kl̨ùka	slovak	klʹuka	ˈklʲuka
kl̨účь	slovak	klʹúč	ˈklʲuːt͡ʃ
kobьcь	slovak	kobec	ˈkɔbɛt͡s	ˈkɔbɛt͡s	SAME
kokotъ	slovak	kokot	ˈkɔkɔt		IN_WIKTIONARY
kokošь	slovak	kokoš	ˈkɔkɔʃ	ˈkɔkɔʃ	SAME
kolě̀no	slovak	koleno	ˈkɔlɛnɔ		IN_WIKTIONARY
kolo	slovak	kolo	ˈkɔɫɔ	ˈkolo	DIFFERENT
kolti	slovak	klatʹ	kɫat
koltiti	slovak	klátitʹ	ˈkɫatitʲ
konьcь	slovak	koniec	ˈkɔɲi̯ɛt͡s		IN_WIKTIONARY
kopa	slovak	kopa	ˈkɔpa	ˈkopa	DIFFERENT
kopati	slovak	kopatʹ	ˈkɔpatʲ
koprъ	slovak	kôpor	ˈku̯ɔpɔr	ˈku̯opor	DIFFERENT
korà	slovak	kôra	ˈku̯ɔra	ku̯ora	DIFFERENT
korenь	slovak	koreň	ˈkɔrɛɲ		IN_WIKTIONARY
korica	slovak	korica	ˈkɔrit͡sa	ˈkɔrit͡sa	SAME
korìti sę	slovak	koritʹ sa	ˈkɔrit sa
kortъkъjь	slovak	krátky	ˈkraːtki		IN_WIKTIONARY
korỳto	slovak	koryto	ˈkɔritɔ	ˈkorito	DIFFERENT
kosà	slovak	kosa	ˈkɔsa
kovati	slovak	kovatʹ	ˈkɔvatʲ
kozà	slovak	koza	ˈkɔza		IN_WIKTIONARY
kozьlъ	slovak	kozol	ˈkɔzɔɫ	ˈkɔzɔɫ	SAME
kòlda	slovak	klada	ˈkɫada	ˈkɫada	SAME
kòlъ	slovak	kôl	ku̯ol	ku̯ol	SAME
kòn̨ь	slovak	kôň	ku̯oɲ		IN_WIKTIONARY
kòrsta	slovak	chrasta	ˈxrasta	ˈxrasta	SAME
kòrva	slovak	krava	ˈkrava		IN_WIKTIONARY
kòšь	slovak	kôš	ku̯oʃ		IN_WIKTIONARY
kòža	slovak	koža	[ˈkɔʒa]		CORRECTED
kórtъ	slovak	dvakrát	ˈdvakraːt		IN_WIKTIONARY
kȏlsъ	slovak	klas	ˈkɫas		IN_WIKTIONARY
kȏstь	slovak	kostʹ	ˈkost
kȏsъ	slovak	kos	ˈkɔs	ˈkɔs	SAME
kǫpina	slovak	kǫpina	[ˈkupina]		CORRECTED
kǫsati	slovak	kúsatʹ	ˈkuːsatʲ
kǫtja	slovak	kučka	ˈkut͡ʃka	ˈkut͡ʃka	SAME
kǫ́tъ	slovak	kút	[ˈkuːt]		CORRECTED
kǫ̑sъ	slovak	kus	ˈkus		IN_WIKTIONARY
krajь	slovak	kraj	kraj		IN_WIKTIONARY
krakati	slovak	krákatʹ	ˈkraːkat
krasà	slovak	krása	ˈkraːsa		IN_WIKTIONARY
krasьnъjь	slovak	krásny	[ˈkraːsni]		CORRECTED
kremy	slovak	kremeň	ˈkrɛmɛɲ		IN_WIKTIONARY
krěpъ	slovak	krepý	ˈkrɛpiː	ˈkrepiː	DIFFERENT
krěpъkъ	slovak	krepký	ˈkrɛpkiː	ˈkrepkiː	DIFFERENT
krě̀slo	slovak	krieslo	ˈkri̯ɛsɫɔ	ˈkri̯ɛsɫɔ	SAME
kričati	slovak	kričatʹ	ˈkrit͡ʃatʲ
krȋkъ	slovak	krik	[ˈkrik]		CORRECTED
kropiti	slovak	kropitʹ	ˈkrɔpit
krotiti	slovak	krotitʹ	ˈkrɔtit
krotъkъ	slovak	krotký	ˈkrɔtkiː	ˈkrɔtkiː	SAME
krovъ	slovak	krov	ˈkrou̯	ˈkrɔu̯	DIFFERENT
krȍsno	slovak	krosná	ˈkrɔsnaː	ˈkrɔsnaː	SAME
krǫtiti	slovak	krútitʹ	ˈkruːtit
krǫtъ	slovak	krutý	ˈkrutiː	ˈkrutiː	SAME
krǫ̑gъ	slovak	kruh	ˈkrux	krux	DIFFERENT
kruxъ	slovak	kruch	krux	krux	SAME
krỳti	slovak	krytʹ	krit
krīdlò	slovak	krídlo	ˈkriːdlɔ	ˈkriːdɫɔ	DIFFERENT
krūpà	slovak	krúpy	ˈkruːpi	ˈkruːpi	SAME
krъvьnъ	slovak	krvný	ˈkr̩vniː	ˈkr̩vniː	SAME
kutiti	slovak	kutitʹ	ˈkutit
kuzn̨a	slovak	kúzňa	ˈkuːzɲa	ˈkuːzɲa	SAME
kùditi	slovak	kuditʹ	ˈkuditʲ
kvȃsъ	slovak	kvas	ˈkvas		IN_WIKTIONARY
kvě̑tъ	slovak	kvet	ˈkvɛt		IN_WIKTIONARY
kydati	slovak	kydatʹ	ˈkidatʲ
kydnǫti	slovak	kydnútʹ	ˈkidnuːt
kyjь	slovak	kyj	ˈkij	ˈkij	SAME
kypě̀ti	slovak	kypietʹ	ˈkipi̯ɛtʲ
kyprъ	slovak	kyprý	ˈkipriː	ˈkipriː	SAME
kyslъ	slovak	kyslý	ˈkisliː	ˈkisliː	SAME
kysьlъ	slovak	kyslý	ˈkisliː	ˈkisliː	SAME
kyvati	slovak	kývatʹ	ˈkiːvat
kyxati	slovak	kýchatʹ	ˈkiːxatʲ
kỳla	slovak	kyla	ˈkiɫa	ˈkiɫa	SAME
kādìti	slovak	kaditʹ	ˈkaditʲ
kūrìti	slovak	kúritʹ	ˈkuːrit
kъ	slovak	k	k
kъde	slovak	kde	ˈɡɟɛ		IN_WIKTIONARY
kъjь	slovak	ký	[ˈkiː]		CORRECTED
kъlъ	slovak	kel	ˈkɛɫ		IN_WIKTIONARY
kъn	slovak	k	k
kъrkati	slovak	kŕkatʹ	ˈkr̩ːkat
kъr̨ь	slovak	ker	kɛr		IN_WIKTIONARY
kъ̀rpa	slovak	krpa	ˈkr̩pa	kr̩pa	DIFFERENT
lazъ	slovak	lazy	ˈɫazi	ˈɫazi	SAME
làjati	slovak	látʹ	ˈɫaːt
làpa	slovak	laba	ˈɫaba	ˈɫaba	SAME
làska	slovak	láska	ˈɫaːs.ka		IN_WIKTIONARY
làskati	slovak	láskatʹ	ˈɫaːskat
làziti	slovak	lazitʹ	ˈɫazitʲ
legti	slovak	lʹästʹ	lʲæsʲtʲ
letěti	slovak	letietʹ	ˈlɛti̯ɛtʲ
ležàti	slovak	ležatʹ	ˈlɛʒatʲ
lěnìvъ	slovak	lenivý	ˈlɛɲiviː	ˈlɛniviː	DIFFERENT
lěnь	slovak	lieň	ˈli̯ɛɲ	ˈli̯ɛɲ	SAME
lěpiti	slovak	lepitʹ	ˈlɛpitʲ
lě̀to	slovak	leto	ˈlɛtɔ		IN_WIKTIONARY
lě̀zti	slovak	lieztʹ	ˈli̯ɛst
lě̑pъ	slovak	lep	ˈlɛp	ˈlɛp	SAME
lě̑sъ	slovak	les	ˈlɛs		IN_WIKTIONARY
lě̑vъ	slovak	lʹavý	ˈlʲjaviː
lȇdъ	slovak	lʹad	ˈɫʲat
lixъ	slovak	lichý 	ˈlixiː ɛː ɛr
lišiti sę	slovak	líšitʹ sa	ˈliːʃit
lomìti	slovak	lomitʹ	ˈɫɔmit
lonò	slovak	lono	ˈɫɔnɔ	ˈlono	DIFFERENT
lopàta	slovak	lopata	[ˈɫɔpata]		CORRECTED
lososь	slovak	losos	ˈɫɔsɔs		IN_WIKTIONARY
lovìti	slovak	lovitʹ	ˈɫɔvit
lozà	slovak	loza	ˈɫɔza	ˈɫɔza	SAME
ložìti	slovak	ložitʹ	ˈɫɔʒit
lȏjь	slovak	loj	ˈɫɔj	ˈɫɔj	SAME
lȏvъ	slovak	lov	ˈɫɔu̯	ˈɫɔu̯	SAME
lǭčìti sę	slovak	lúčitʹ sa	ˈɫuːt͡ʃit
lǫ̑gъ	slovak	luh	[ˈɫux]		CORRECTED
lǫ̑kъ	slovak	luk	ˈɫuk		IN_WIKTIONARY
lunà	slovak	luna	ˈluna		IN_WIKTIONARY
luskъ	slovak	lusk	[ˈɫusk]		CORRECTED
lučiti	slovak	lúčitʹ	ˈɫuːt͡ʃitʲ
luščiti	slovak	lúštitʹ	ˈluʃtitʲ
lȗbъ	slovak	lub	ˈɫup	ˈlup	DIFFERENT
lysъ	slovak	lysý	ˈɫisiː	ˈlisiː	DIFFERENT
līzàti	slovak	lízatʹ	ˈliːzat
lǭkà	slovak	lúka	ˈɫuːka		IN_WIKTIONARY
l̨ubъ	slovak	lʹubý	ˈlʲjubiː
lutъjь	slovak	lʹúty	ˈlʲuti
l̨ȗdъ	slovak	lʹud	ˈlʲjut
l̨ȗdьje	slovak	lʹudia	ˈljudia
l̨ūbìti	slovak	lʹúbitʹ	ˈlʲubitʲ
lъbъ	slovak	leb	[ˈlɛp]		CORRECTED
lъgati	slovak	luhatʹ	ˈɫuɦatʲ
lъkno	slovak	lekno	ˈlɛknɔ	ˈlɛknɔ	SAME
lъskъ	slovak	lesk	ˈlɛsk	ˈlɛsk	SAME
lъžь	slovak	lož	ˈɫɔʃ	ˈɫɔʃ	SAME
lьgъkъ	slovak	lʹahký	ˈlʲjaɦkiː
lь̑nъ	slovak	lʹan	ˈɫjan
lь̑stь	slovak	lestʹ	ˈlɛst
mara	slovak	mara	ˈmara	ˈmara	SAME
matati	slovak	mátatʹ	ˈmaːtatʲ
materьstvo	slovak	materstvo	ˈmatɛrstvɔ	ˈmatɛrstvɔ	SAME
màkъ	slovak	mak	ˈmak		IN_WIKTIONARY
màlъ	slovak	malý	ˈmaliː		IN_WIKTIONARY
màslo	slovak	maslo	[ˈmasɫɔ]		CORRECTED
màzati	slovak	mazatʹ	ˈmazatʲ
mȃmъ	slovak	mam	ˈmam	mam	DIFFERENT
mȃstь	slovak	mastʹ	ˈmasʲtʲ
medjà	slovak	medza	ˈmɛd͡za	ˈmɛd͡za	SAME
medvě̀dь	slovak	medvedʹ	ˈmɛdvɛtʲ
melkò	slovak	mlieko	ˈmli̯ɛkɔ	ˈmli̯ɛkɔ	SAME
melti	slovak	mliet́	ˈmli̯ɛc	ˈmli̯ɛt	DIFFERENT
melzti	slovak	mĺztʹ	mɫ̩ːst
merti	slovak	mrietʹ	mri̯et
metàti	slovak	metatʹ	ˈmɛtatʲ
mèrža	slovak	mreža	ˈmrɛʒa	ˈmrɛʒa	SAME
měniti sę	slovak	menitʹ sa	ˈmɛnit
měniti	slovak	mienitʹ	ˈmi̯enit
mě̀dь	slovak	medʹ	mɛt
mě̀ra	slovak	miera	ˈmi̯ɛra	ˈmi̯ɛra	SAME
mě̀riti	slovak	mieritʹ	ˈmi̯ɛrit
mě̀sęcь	slovak	mesiac	ˈmɛsi̯at͡s		IN_WIKTIONARY
mě̀sto	slovak	miesto	ˈmi̯ɛstɔ		IN_WIKTIONARY
mě̄zgà	slovak	miazga	ˈmi̯azɡa	ˈmi̯azɡa	SAME
mě̑sìti	slovak	miesitʹ	ˈmi̯ɛsit
mȇdъ	slovak	med	ˈmɛt		IN_WIKTIONARY
męknǫti	slovak	mäknútʹ	ˈmɛknuːt
mękъkъ	slovak	mäkký	ˈmɛkkiː	ˈmekkiː	DIFFERENT
męsti	slovak	miastʹ	ˈmi̯ast
męti	slovak	mätʹ	ˈmætʲ
mę̑so	slovak	mäso	ˈmæso		IN_WIKTIONARY
migati	slovak	migát́	ˈmiɡaːc	ˈmiɡaːt	DIFFERENT
mikati	slovak	mikatʹ	ˈmikat
mimo	slovak	mimo	ˈmimɔ	ˈmimɔ	SAME
minǫti	slovak	minútʹ	ˈminuːt
mirъ	slovak	mier	ˈmi̯ɛr	ˈmi̯ɛr	SAME
mìlъ	slovak	milý	ˈmiliː		IN_WIKTIONARY
mȋgъ	slovak	mih	ˈmix	mix	DIFFERENT
modla	slovak	modla	ˈmɔdɫa	ˈmɔdɫa	SAME
modliti sę	slovak	modlitʹ sa	ˈmɔdlit
modrъ	slovak	modrý	ˈmɔdriː		IN_WIKTIONARY
mogti	slovak	môctʹ	mu̯ot͡sʲ
mogtь	slovak	moc	[ˈmɔt͡s]		CORRECTED
mojь	slovak	môj	mu̯oj	mu̯oj	SAME
mokrъ	slovak	mokrý	ˈmɔkriː	ˈmɔkriː	SAME
moldenьcь	slovak	mládenec	ˈmɫaːɟɛnɛt͡s	ˈmɫaːɟɛɲɛt͡s	DIFFERENT
moldъ	slovak	mladý	ˈmɫadiː		IN_WIKTIONARY
moltiti	slovak	mlátitʹ	ˈmɫaːtit
molь	slovak	molʹ	ˈmɔlʲ
morà	slovak	mura	ˈmura
morъ	slovak	mor	ˈmɔr	ˈmɔr	SAME
motati	slovak	motatʹ	ˈmɔtatʲ
motyka	slovak	motyka	ˈmɔtika	ˈmɔtika	SAME
močìti	slovak	močitʹ	ˈmɔt͡ʃitʲ
mošьna	slovak	mošna	[ˈmɔʃna]		CORRECTED
mòrzъ	slovak	mráz	ˈmraːs		IN_WIKTIONARY
mȍr̨e	slovak	more	ˈmɔrɛ		IN_WIKTIONARY
mȏltъ	slovak	mlat	ˈmɫat	mɫat	DIFFERENT
mȏrkъ	slovak	mrak	ˈmrak	mrak	DIFFERENT
mȏstъ	slovak	most	[ˈmɔst]		CORRECTED
mȏzgъ	slovak	mozog	ˈmɔzɔk		IN_WIKTIONARY
mǫ̀ka	slovak	muka	ˈmuka	ˈmuka	SAME
mǫ̀čiti	slovak	mučitʹ	ˈmut͡ʃit
modrъjь	slovak	múdry	ˈmuːdri		IN_WIKTIONARY
mǭtìti	slovak	mútitʹ	ˈmuːtit
mǫ̑žь	slovak	muž	muʃ		IN_WIKTIONARY
mùxa	slovak	mucha	ˈmuxa		IN_WIKTIONARY
my	slovak	my	ˈmi		IN_WIKTIONARY
myto	slovak	mýto	ˈmiːtɔ		IN_WIKTIONARY
mỳdlo	slovak	mydlo	ˈmidɫɔ		IN_WIKTIONARY
mỳti	slovak	mytʹ	ˈmitʲ
mỳšь	slovak	myš	ˈmiʃ		IN_WIKTIONARY
my̑slь	slovak	myselʹ	ˈmiseʎ
māxàti	slovak	máchatʹ	ˈmaːxat
mǭkà	slovak	múka	ˈmuːka	ˈmuːka	SAME
mъdьlь	slovak	mdlý	mdliː	ˈmdliː	DIFFERENT
mъlva	slovak	mluva	ˈmɫuva	ˈmluva	DIFFERENT
mъlviti	slovak	mluvitʹ	ˈmɫuvit
mъnogъ	slovak	mnohý	ˈmnɔɦiː	ˈmnɔɦiː	SAME
mъrky	slovak	morkva	ˈmɔrkva	ˈmɔrkva	SAME
mъxъ	slovak	mach	ˈmax	ˈmax	SAME
mъšica	slovak	mšica	ˈmʃit͡sa	ˈmʃit͡sa	SAME
mьlčàti	slovak	mlčatʹ	ˈmɫ̩t͡ʃatʲ
mьněti	slovak	mnietʹ	mɲi̯ɛt
mьn̨ьjь	slovak	menší	ˈmɛnʃiː		IN_WIKTIONARY
mьrknǫti	slovak	mrknutʹ	ˈmr̩knut
mьrkъ	slovak	mrk	mr̩k	ˈmr̩k	DIFFERENT
mьrzěti	slovak	mrzietʹ	mr̩zi̯ɛt
mьrznǫti	slovak	mrznútʹ	ˈmr̩znuːt
mьzdà	slovak	mzda	mzda		IN_WIKTIONARY
mь̀rkъ	slovak	mrký	ˈmr̩kiː	ˈmr̩kiː	SAME
mьrtvъjь	slovak	mŕtvy	ˈmr̩ːt.vɪ		IN_WIKTIONARY
na	slovak	na	ˈna		IN_WIKTIONARY
nadъ	slovak	nad	nat
natь	slovak	natʹ	nat
načęti	slovak	načatʹ	ˈnat͡ʃatʲ
naglъjь	slovak	náhly	[ˈnaːɦli]		CORRECTED
nȃgъ	slovak	nahý	ˈnaɦiː	ˈnaɦiː	SAME
ne	slovak	ne	ˈɲɛ	ˈɲɛ	SAME
nebogъ	slovak	nebohý	ˈɲɛbɔɦiː		IN_WIKTIONARY
nedǫ̀gъ	slovak	neduh	ˈɲɛdux	ˈneduɦ	DIFFERENT
nestì	slovak	niestʹ	ˈɲi̯ɛst
netopyr'ь	slovak	netopier	[ˈɲɛtɔpi̯ɛr]		CORRECTED
nevě̀sta	slovak	nevěsta	ˈɲɛvjɛsta	ˈnɛfssta	DIFFERENT
neže	slovak	neže	ˈɲɛʒɛ	ˈɲɛʒɛ	SAME
nȅbo	slovak	nebo	ˈɲɛbɔ		IN_WIKTIONARY
ni	slovak	ni	ˈɲi	ˈɲi	SAME
nìtь	slovak	nitʹ	ˈnitʲ
nogà	slovak	noha	ˈnɔɦa		IN_WIKTIONARY
nogъtь	slovak	necht	ˈɲɛxt		IN_WIKTIONARY
nosìti	slovak	nositʹ	ˈnosit
novákъ	slovak	novák	ˈnɔvaːk	ˈnɔvaːk	SAME
nòvъ	slovak	nový	ˈnɔviː		IN_WIKTIONARY
nòžь	slovak	nôž	nu̯oʃ		IN_WIKTIONARY
nȏktь	slovak	noc	ˈnɔt͡s		IN_WIKTIONARY
nȏsъ	slovak	nos	nos		IN_WIKTIONARY
nuriti sę	slovak	nuritʹ sä	ˈnurit
nāròdъ	slovak	národ	ˈnaːrɔt	ˈnaːrɔt	SAME
ob	slovak	o	ɔ	o	DIFFERENT
obětjati	slovak	obecatʹ	ˈobet͡sat
obolkъ	slovak	oblak	ˈɔbɫak	ˈɔbɫak	SAME
obuti	slovak	obutʹ	ˈobut
obьlъ	slovak	oblý	ˈɔbliː	ˈɔbliː	SAME
odolě̀ti	slovak	odolietʹ	ˈɔdɔʎi̯ɛt
okъnò	slovak	okno	ˈɔknɔ		IN_WIKTIONARY
olni	slovak	lani	ˈɫaɲi	ˈɫaɲi	SAME
onutja	slovak	onuca	ˈɔnut͡sa	ˈɔnut͡sa	SAME
onъ	slovak	on	ɔn		IN_WIKTIONARY
oràti	slovak	oratʹ	ˈɔrat
orbiti	slovak	robitʹ	ˈrɔbitʲ
orbòta	slovak	robota	ˈrɔbɔta		IN_WIKTIONARY
orě̀xъ	slovak	orech	ˈorex	ˈɔrɛx	DIFFERENT
orkỳta	slovak	rakyta	ˈrakita	ˈrakita	SAME
orlьja	slovak	rolʹa	ˈrolʲa
orsti	slovak	rástʹ	ˈraːsʲtʲ
orz	slovak	roz-	ˈros	ˈrɔs	DIFFERENT
orь̀lъ	slovak	orel	ˈɔrɛɫ
osà	slovak	osa	ˈɔsa	ˈosa	DIFFERENT
osmъjь	slovak	ôsmy	ˈu̯os.mi		IN_WIKTIONARY
osnòvā	slovak	osnova	[ˈɔsnɔʋa]		CORRECTED
ostrъ	slovak	ostrý	[ˈɔstriː]		CORRECTED
osь̀lъ	slovak	osol	ˈɔsɔɫ	ˈɔsɔɫ	SAME
ot	slovak	od	ˈɔd		IN_WIKTIONARY
otjutiti	slovak	cítitʹ	ˈt͡siːtitʲ
otjьtnǫti sę	slovak	ocitnoutʹ sa	ˈɔt͡sitnɔu̯ɛ sa
otrokъ	slovak	otrok	ˈɔtrɔk		IN_WIKTIONARY
otvorìti	slovak	otvoritʹ	ˈɔtvɔrit
otъ	slovak	od	ˈɔd		IN_WIKTIONARY
otъvorìti	slovak	otvoritʹ	ˈɔtvɔrit
otьcь	slovak	otec	ˈɔcɛt͡s		IN_WIKTIONARY
ovьcà	slovak	ovca	ˈɔu̯t͡sa		IN_WIKTIONARY
ovь̀sъ	slovak	ovos	ˈɔvɔs	ˈɔvɔs	SAME
òdrъ	slovak	vôdor	ˈvu̯ɔdɔr	ˈvu̯drɔr	DIFFERENT
ògn'ь	slovak	oheň	ˈɔɦɛɲ		IN_WIKTIONARY
òlkomъ	slovak	lakomý	ˈɫakɔmiː	ˈɫakɔmiː	SAME
òlkomъjь	slovak	lakomý	ˈɫakɔmiː	ˈɫakɔmiː	SAME
òlni	slovak	laň	ˈɫaɲ	ˈɫaɲ	SAME
òlčьnъ	slovak	lačný	ˈɫat͡ʃniː	ˈɫat͡ʃniː	SAME
òrdlo	slovak	radlo	ˈradlo		IN_WIKTIONARY
òrkъ	slovak	rak	ˈrak		IN_WIKTIONARY
òrtajь	slovak	rataj	ˈrataj	ˈrataj	SAME
òsmь	slovak	osem	ˈɔsɛm		IN_WIKTIONARY
ȍko	slovak	oko	ˈɔkɔ		IN_WIKTIONARY
ȍlovo	slovak	olovo	ˈɔɫɔvɔ		IN_WIKTIONARY
ȏlsь	slovak	los	ˈɫɔs	ˈɫɔs	SAME
ȏstь	slovak	ostʹ	ˈosʲtʲ
ȏsь	slovak	os	ɔs		IN_WIKTIONARY
ǫgorь	slovak	úhor	ˈuːɦɔr	ˈuːɦɔr	SAME
ǫtrь	slovak	vnútri	ˈvnuːtri	ˈvnuːtri	SAME
ozъkъjь	slovak	úzky	ˈuːski		IN_WIKTIONARY
ǫ̀glь	slovak	uholʹ	ˈuɦol
ǫ̀zlъ	slovak	uzol	ˈuzol		IN_WIKTIONARY
ǫ́žь	slovak	užovka	ˈuʒɔu̯ka		IN_WIKTIONARY
ǫ̑gъlъ	slovak	uhol	ˈuɦɔɫ		IN_WIKTIONARY
palica	slovak	palica	ˈpalit͡sa	ˈpalit͡sa	SAME
palьcь	slovak	palec	ˈpalet͡s	ˈpalet͡s	SAME
pasti	slovak	pástʹ	ˈpaːst
paxnǫti	slovak	páchnutʹ	ˈpaːxnut
pazduxa	slovak	pazucha	[ˈpazuxa]		CORRECTED
pažitь	slovak	pažitʹ	ˈpaʒit
pàdati	slovak	padatʹ	ˈpadatʲ
pàmętь	slovak	pamätʹ	ˈpamætʲ
pàǭkъ	slovak	pavúk	ˈpavuːk		IN_WIKTIONARY
pàra	slovak	para	ˈpara	ˈpara	SAME
pekti	slovak	piectʹ	pi̯et͡sʲtʲ
perkъ	slovak	priek	pri̯ek	ˈpri̯ek	DIFFERENT
però	slovak	pero	ˈpɛrɔ	ˈpɛrɔ	SAME
pèlti	slovak	pletʹ	plet
pèlva	slovak	pleva	ˈplɛva	ˈpleva	DIFFERENT
pěsъ̀kъ	slovak	piesok	ˈpi̯esɔk	pi̯esok	DIFFERENT
pěšь	slovak	peší	ˈpɛʃiː	ˈpɛʃiː	SAME
pě̀na	slovak	pena	ˈpɛna		IN_WIKTIONARY
pě́stъ	slovak	piest	pi̯est		IN_WIKTIONARY
pȇktь	slovak	pec	ˈpɛt͡s		IN_WIKTIONARY
pȇlnъ	slovak	plen	plen	ˈplɛn	DIFFERENT
pę̑tь	slovak	pätʹ	ˈpetʲ
pętà	slovak	päta	ˈpɛta	ˈpɛta	SAME
pęti	slovak	pnútʹ	ˈpnuːt
petъjь	slovak	piaty	ˈpi̯ati		IN_WIKTIONARY
pę̑dь	slovak	piadʹ	pi̯at
pę̑stь	slovak	pästʹ	ˈpest
pìti	slovak	pitʹ	pit
pȋvo	slovak	pivo	pivo		IN_WIKTIONARY
pjьvàti	slovak	plʹuti	ˈplʲuci
plàkati	slovak	plakatʹ	ˈpɫakat
plàvati	slovak	plávatʹ	ˈpɫaːvat
plàviti	slovak	plavitʹ	ˈpɫavit
plástъ	slovak	plást	ˈpɫaːst	ˈpɫaːst	SAME
plesti	slovak	pliestʹ	pli̯est
pletjè	slovak	plece	ˈplet͡se		IN_WIKTIONARY
plěsnь	slovak	pleseň	ˈplɛsɛɲ	ˈplɛsɛɲ	SAME
plotъ	slovak	plot	ˈpɫɔt	ˈpɫɔt	SAME
pluti	slovak	plutʹ	plut
pl̨ūtjè	slovak	plʹúca	ˈplʲuːt͡sa
plъ̀tъ	slovak	pltʹ	pl̩t
podъ	slovak	pod	ˈpɔt		IN_WIKTIONARY
polè̌no	slovak	poleno	ˈpɔlɛnɔ	ˈpɔlɛnɔ	SAME
polìca	slovak	polica	ˈpɔlit͡sa	ˈpɔlit͡sa	SAME
poltьnò	slovak	plátno	ˈpɫaːtnɔ	ˈpɫaːtnɔ	SAME
polvъ	slovak	plavý	ˈpɫaviː	ˈpɫaviː	SAME
polxъ	slovak	poplach	ˈpɔpɫax	ˈpɔpɫax	SAME
polъ	slovak	pol	ˈpɔɫ	pol	DIFFERENT
pozdъ	slovak	pozde	ˈpɔzɟɛ	ˈpɔzɟɛ	SAME
pòlmy	slovak	plameň	ˈpɫamɛɲ	ˈpɫamɛɲ	SAME
pòlxъ	slovak	plachý	ˈpɫaxiː	ˈpɫaxiː	SAME
pòrgъ	slovak	prah	ˈprax	prax	DIFFERENT
pȍjāsъ	slovak	pás	ˈpaːs	ˈpaːs	SAME
pȍl̨e	slovak	pole	ˈpɔlɛ	ˈpɔlɛ	SAME
pȍrsę	slovak	prasa	ˈprasa		IN_WIKTIONARY
pȏlzъ	slovak	plaz	ˈpɫas	ˈpɫas	SAME
pȏrxъ	slovak	prach	prax	prax	SAME
pȏtъ	slovak	pot	ˈpɔt	ˈpɔt	SAME
pǫkъ	slovak	puk	ˈpuk	puk	DIFFERENT
pǫčati	slovak	pučatʹ	ˈput͡ʃatʲ
pǫ̀to	slovak	puto	ˈputɔ	ˈputɔ	SAME
pǫ́tь	slovak	pútʹ	ˈpuːt
pràvъ	slovak	pravý	ˈpraviː		IN_WIKTIONARY
pręsti	slovak	priastʹ	pri̯ast
pri	slovak	pri	[pri]		CORRECTED
prijatelь	slovak	priatelʹ	ˈpri̯atɛlʲ
prosìti	slovak	prositʹ	ˈprɔsitʲ
prȏstъ	slovak	prostý	ˈprɔstiː	ˈprɔstiː	SAME
prъskati	slovak	prskatʹ	ˈpr̩skatʲ
pustìti	slovak	pustitʹ	ˈpustit
puxnǫti	slovak	puchnútʹ	ˈpuxnuːt
pȗstъ	slovak	pustý	ˈpustiː	ˈpustiː	SAME
pȳtàti	slovak	pýtatʹ	ˈpiːtatʲ
pālìti	slovak	pálitʹ	ˈpalʲɪtʲ
pāxàti	slovak	páchatʹ	ˈpaːxat
pъlkъ	slovak	pluk	ˈpɫuk	pluk	DIFFERENT
pъtákъ	slovak	vták	ˈftaːk		IN_WIKTIONARY
pьrati	slovak	pratʹ	prat
pьsàti	slovak	písatʹ	ˈpiːsat
pьxati	slovak	pchatʹ	ˈpxatʲ
pьšenò	slovak	pšeno	ˈpʃɛnɔ	ˈpʃɛnɔ	SAME
pь̀lnъ	slovak	plný	pl̩niː		IN_WIKTIONARY
pь̀rstъ	slovak	prst	pr̩st		IN_WIKTIONARY
pь̀rsь	slovak	prsia	ˈpr̩si̯a	ˈpr̩si̯a	SAME
pь̀strъ	slovak	pestrý	ˈpɛstriː		IN_WIKTIONARY
pь̀sъ	slovak	pes	ˈpɛs		IN_WIKTIONARY
pь̑lstь	slovak	plstʹ	ˈpɫ̩st
pь̑nь	slovak	peň	ˈpɛɲ		IN_WIKTIONARY
rebrò	slovak	rebro	[ˈrɛbrɔ]		CORRECTED
rekti	slovak	riectʹ	ˈri̯ɛt͡sʲtʲ
remy	slovak	remeň	ˈrɛmɛɲ	ˈrɛmɛɲ	SAME
redъkъjь	slovak	riedky	ˈri̯ɛtki		IN_WIKTIONARY
rě̄kà	slovak	rieka	ˈri̯ɛka		IN_WIKTIONARY
rě̑čь	slovak	reč	[ˈrɛt͡ʃ]		CORRECTED
rę̑dъ	slovak	rad	ˈrat		IN_WIKTIONARY
rìnǫti sę	slovak	rinútʹ se	ˈrinuːt
rodìti	slovak	roditʹ	ˈrɔditʲ
rokъ	slovak	rok	ˈrɔk		IN_WIKTIONARY
rosà	slovak	rosa	ˈrosa	ˈrosa	SAME
rovъ	slovak	rov	ˈrou̯	ˈrɔu̯	DIFFERENT
ròjь	slovak	roj	ˈrɔj		IN_WIKTIONARY
rȏdъ	slovak	rod	ˈrɔt	ˈrɔd	DIFFERENT
rȏgъ	slovak	roh	ˈrɔx		IN_WIKTIONARY
rǭkà	slovak	ruka	ˈruka		IN_WIKTIONARY
rǫ̑bъ	slovak	rub	ˈrup	ˈrup	SAME
rȗdъ	slovak	rudý	ˈrudiː	ˈrudiː	SAME
rȗx	slovak	ruch	ˈrux	ˈrux	SAME
rỳdlo	slovak	rydlo	ˈridlɔ	ˈridlo	DIFFERENT
rỳti	slovak	rytʹ	ˈritʲ
rāčìti	slovak	ráčitʹ	ˈrat͡ɕɪtʲ
rūnò	slovak	rúno	[ˈruːnɔ]		CORRECTED
rъvàti	slovak	rvatʹ	ˈrvatʲ
sadìti	slovak	saditʹ	ˈsaditʲ
sȃdъ	slovak	sad	sad		IN_WIKTIONARY
sedъlò	slovak	sedlo	ˈsɛdɫɔ	ˈsɛdɫɔ	SAME
serdà	slovak	streda	ˈstreda		IN_WIKTIONARY
sestrà	slovak	sestra	ˈsɛstra		IN_WIKTIONARY
sedmъjь	slovak	siedmy	ˈsi̯ɛdmi		IN_WIKTIONARY
sèdmь	slovak	sedem	ˈsɛɟɛm		IN_WIKTIONARY
sěděti	slovak	sedietʹ	ˈsɛdi̯ɛtʲ
sětь	slovak	sietʹ	ˈsi̯et
sě̀jati	slovak	siatʹ	ˈsi̯atʲ
sě̀nь	slovak	sieň	si̯eɲ		IN_WIKTIONARY
sě̀ti	slovak	siatʹ	ˈsi̯atʲ
sě̀verъ	slovak	sever	ˈsever		IN_WIKTIONARY
sě̄dló	slovak	sídlo	ˈsiːdɫɔ		IN_WIKTIONARY
sě̑no	slovak	seno	ˈsɛnɔ		IN_WIKTIONARY
sęgnǫti	slovak	siahnutʹ	ˈsi̯aɦnut
sìla	slovak	sila	ˈsiɫa	ˈsiɫa	SAME
sìto	slovak	sito	ˈsito		IN_WIKTIONARY
sìvъ	slovak	sivý	ˈsiviː		IN_WIKTIONARY
slàbъ	slovak	slabý	ˈsɫa.biː		IN_WIKTIONARY
slàva	slovak	sláva	[ˈsɫaːʋa]		CORRECTED
slimakъ	slovak	slimak	ˈslimak	ˈslimak	SAME
slìna	slovak	slina	ˈslina	ˈslina	SAME
slȍvo	slovak	slovo	ˈsɫɔvɔ		IN_WIKTIONARY
slǫ̀ka	slovak	sluka	ˈsɫuka	ˈsɫuka	SAME
slùšati	slovak	slušatʹ	ˈsɫuʃatʲ
slȗxъ	slovak	sluch	ˈsɫux		IN_WIKTIONARY
směxъ	slovak	smiech	ˈsmi̯ɛx		IN_WIKTIONARY
smȏrdъ	slovak	smrad	ˈsmrat	ˈsmrat	SAME
smьjàti sę	slovak	smiatʹ sa	ˈsmi̯at
smьrdě̀ti	slovak	smrdietʹ	ˈsmr̩di̯ɛtʲ
sněgъ	slovak	sneh	ˈsɲɛx		IN_WIKTIONARY
snuti	slovak	snovatʹ	ˈsnɔvatʲ
sokъ	slovak	sok	[ˈsok]		CORRECTED
solnъ	slovak	slaný	ˈsɫaniː	ˈsɫaniː	SAME
soltina	slovak	slatina	ˈsɫacina	ˈsɫatina	DIFFERENT
sovà	slovak	sova	ˈsɔva		IN_WIKTIONARY
soxà	slovak	socha	ˈsɔxa		IN_WIKTIONARY
sòldъkъ	slovak	sladký	ˈsɫatkiː		IN_WIKTIONARY
sòlma	slovak	slama	ˈsɫama	ˈsɫama	SAME
sȏlь	slovak	solʹ	ˈsol
sǫ-	slovak	sú-	ˈsuː		IN_WIKTIONARY
sǫ́dъ	slovak	súd	ˈsuːt		IN_WIKTIONARY
sǫ̑kъ	slovak	suk	ˈsuk	suk	DIFFERENT
spě̀ti	slovak	spietʹ	spi̯et
stàdo	slovak	stádo	ˈstaːdɔ	ˈstaːdɔ	SAME
stàrъ	slovak	starý	ˈstariː		IN_WIKTIONARY
stàti sę	slovak	statʹ sa	stat
stàviti sę	slovak	stavitʹ sa	ˈstavit
stȃnъ	slovak	stan	ˈstan		IN_WIKTIONARY
stenàti	slovak	stenatʹ	ˈstenat
stìgnǫti	slovak	stihnútʹ	ˈstiɦnuːt
stogъ	slovak	stoh	ˈstox	ˈstɔx	DIFFERENT
stojati	slovak	státʹ	ˈstaːt
stonъ	slovak	ston	ˈstɔn	ˈstɔn	SAME
stornà	slovak	strana	[ˈstrana]		CORRECTED
stòlъ	slovak	stôl	stu̯ɔɫ		IN_WIKTIONARY
strǫkъ	slovak	struk	ˈstruk		IN_WIKTIONARY
studènъ	slovak	studený	ˈstuɟɛniː	ˈstuɟɛniː	SAME
studìti	slovak	studitʹ	ˈstuditʲ
stỳdnǫti	slovak	stydnútʹ	ˈstidnuːt
stьblò	slovak	steblo	ˈsteblo		IN_WIKTIONARY
sušìti	slovak	sušitʹ	ˈsuʃit
sȗxъ	slovak	suchý	ˈsuxiː		IN_WIKTIONARY
svekrъ	slovak	svokor	ˈsvɔkɔr		IN_WIKTIONARY
svě̑tъ	slovak	svet	ˈsvɛt		IN_WIKTIONARY
svętъ	slovak	svätý	ˈsvætiː		IN_WIKTIONARY
svinьjà	slovak	sviňa	ˈsviɲa		IN_WIKTIONARY
svȏrbъ	slovak	svrab	ˈsvrap	ˈsvrap	SAME
svьrběti	slovak	svrbietʹ	ˈsvr̩bi̯ɛtʲ
sỳpati	slovak	sypatʹ	ˈsipatʲ
sỳrъ	slovak	syr	ˈsir		IN_WIKTIONARY
sytъjь	slovak	sýty	ˈsiːti	ˈsiːti	SAME
sytъjьjь	slovak	sýty	ˈsiːti	ˈsiːti	SAME
sy̑nъ	slovak	syn	sin		IN_WIKTIONARY
śěrъ	slovak	šerý	ˈʃɛriː	ˈʃɛriː	SAME
sъ	slovak	s	s		IN_WIKTIONARY
sъdòrvъ	slovak	zdravý	ˈzdraviː		IN_WIKTIONARY
sъlàti	slovak	poslatʹ	ˈpɔsɫat
sъlojь	slovak	sloj	sɫɔj		IN_WIKTIONARY
sъmè̌ti	slovak	smietʹ	ˈsmi̯ɛtʲ
sъmьrtь	slovak	smrtʹ	smr̩t
sъn	slovak	s	s		IN_WIKTIONARY
sъpati	slovak	spatʹ	spat
sъporъ	slovak	spor	ˈspɔr	ˈspɔr	SAME
sъsàti	slovak	satʹ	ˈsatʲ
sъtȏ	slovak	sto	ˈstɔ		IN_WIKTIONARY
sъxnǫti	slovak	schnúti	ˈsxnuːci	ˈsxnuːci	SAME
sъ̀nъ	slovak	sen	ˈsɛn		IN_WIKTIONARY
sъ̏lnьce	slovak	slnce	ˈsɫ̩nt͡sɛ		IN_WIKTIONARY
sьrna	slovak	srna	ˈsr̩na		IN_WIKTIONARY
sьršenь	slovak	sršeň	ˈsr̩ʃɛɲ	ˈsr̩ʃɛɲ	SAME
sь̑rdьce	slovak	srdce	sr̩tsɛ		IN_WIKTIONARY
tajìti	slovak	tajitʹ	ˈtajitʲ
tekti	slovak	tiectʹ	ˈti̯ɛt͡sʲ
telktì	slovak	tlctʹ	tl̩t͡sʲ
teplъ	slovak	teplý	ˈcɛpliː		IN_WIKTIONARY
tesàti	slovak	tesatʹ	ˈtɛsatʲ
teti	slovak	tepatʹ	ˈtɛpatʲ
tèrti	slovak	trietʹ	tri̯et
těnь	slovak	tieň	[ˈci̯ɛɲ]		CORRECTED
těsnъ	slovak	tesný	ˈcɛsniː	ˈcɛsniː	SAME
tě̀mę	slovak	temä	ˈteme	ˈcɛmɛ	DIFFERENT
tě̑sto	slovak	cesto	ˈt͡sɛstɔ		IN_WIKTIONARY
tęgnǫti	slovak	tiahnoutʹ	ˈti̯aɦnɔu̯t
tęžъkъ	slovak	tʹažký	ˈtjaʃkiː
topìti	slovak	topitʹ	ˈtɔpit
tȏkъ	slovak	tok	ˈtɔk		IN_WIKTIONARY
tǫ̑gъ	slovak	tuhý	ˈtuɦiː	ˈtuɦiː	SAME
tretь	slovak	tretí	ˈtrɛciː		IN_WIKTIONARY
tręsti	slovak	triastʹ	tri̯ast
trǫtъ	slovak	trút	ˈtruːt	truːt	DIFFERENT
trudъ	slovak	trud	trut	trud	DIFFERENT
trȗpъ	slovak	trup	trup	trup	SAME
trāvà	slovak	tráva	ˈtraːva		IN_WIKTIONARY
trъ̑stь	slovak	trstʹ	tr̩sʲtʲ
tučьnъ	slovak	tučný	ˈtut͡ʃniː	ˈtut͡ʃniː	SAME
tȗkъ	slovak	tuk	tuk		IN_WIKTIONARY
tȗrъ	slovak	tur	ˈtur		IN_WIKTIONARY
tvȃrь	slovak	tvár	[ˈtʋaːr]		CORRECTED
tvorìti	slovak	tvoritʹ	ˈtvɔrit
tvorъ	slovak	tvor	ˈtvɔr	ˈtvɔr	SAME
tvь̑rdъ	slovak	tvrdý	ˈtvr̩diː	ˈtvr̩diː	SAME
ty	slovak	ty	ˈti		IN_WIKTIONARY
tỳlъ	slovak	tylo	ˈtiɫɔ	ˈtiɫɔ	SAME
tỳti	slovak	tytʹ	ˈtitʲ
tǭgà	slovak	túha	ˈtuːɦa	ˈtuːɦa	SAME
tъ	slovak	ten	tɛn		IN_WIKTIONARY
tъrgati	slovak	trhatʹ	ˈtr̩ɦat
tьlěti	slovak	tlietʹ	tli̯et
tьma	slovak	tma	ˈtma		IN_WIKTIONARY
tь̏nьkъ	slovak	tenký	ˈcɛŋkiː		IN_WIKTIONARY
užasъ	slovak	úžas	ˈuːʒas		IN_WIKTIONARY
vaditi	slovak	vaditʹ	ˈvaditʲ
varìti	slovak	varitʹ	ˈvarit
vȃrъ	slovak	var	ˈvar	ˈvar	SAME
velìkъ	slovak	veliký	ˈvɛlikiː	ˈvɛlikiː	SAME
velkti	slovak	vliectʹ	ˈʋli̯ɛt͡sʲtʲ
velьkъ	slovak	velʹký	ˈvɛlʲkiː
velьmi	slovak	velʹmi	ˈvɛlʲmi
vertenò	slovak	vreteno	ˈvrɛtɛnɔ	ˈvrɛcɛnɔ	DIFFERENT
veslò	slovak	veslo	ˈvɛsɫɔ	ˈvɛsɫɔ	SAME
vesti	slovak	viest	ˈvi̯ɛst	ˈvi̯ɛst	SAME
veztì	slovak	vieztʹ	ˈvi̯ɛst
věděti	slovak	vedetʹ	ˈvɛdɛtʲ
vědrò	slovak	vedro	ˈvɛdrɔ		IN_WIKTIONARY
vě̀jati	slovak	viatʹ	ˈvi̯at
vě̀ko	slovak	veko	ˈvɛkɔ		IN_WIKTIONARY
vě̀ra	slovak	viera	ˈvi̯ɛra		IN_WIKTIONARY
vě̀trъ	slovak	vietor	ˈvi̯ɛtɔr		IN_WIKTIONARY
vě̑no	slovak	veno	[ˈʋɛnɔ]		CORRECTED
vȅčerъ	slovak	večer	[ˈʋɛt͡ʃɛr]		CORRECTED
vę̀dnǫti	slovak	vädnútʹ	ˈvædnuːt
vę̄zàti	slovak	viazatʹ	ˈvi̯azat
virъ	slovak	vir	ˈvir	vir	DIFFERENT
viti	slovak	vitʹ	ˈvitʲ
vixъrъ	slovak	víchor	ˈviːxɔr		IN_WIKTIONARY
vìděti	slovak	videtʹ	ˈvidet
vȋdъ	slovak	vid	ˈvit	ˈvit	SAME
vodà	slovak	voda	ˈvɔda		IN_WIKTIONARY
vodìti	slovak	voditi	ˈvɔɟiti	ˈvɔɟiti	SAME
vojьna	slovak	vojna	ˈvɔjna	ˈvɔjna	SAME
voliti	slovak	volitʹ	ˈvolit
volknò	slovak	vlákno	ˈvɫaːknɔ	ˈvɫaːknɔ	SAME
volstь	slovak	vlastʹ	ˈvɫast
vorta	slovak	vráta	ˈvraːta	ˈvraːta	SAME
vortìti	slovak	vrátitʹ	ˈvraːtit
voskъ	slovak	vosk	ˈvɔsk	ˈvɔsk	SAME
vozìti	slovak	vozitʹ	ˈvɔzit
vòlga	slovak	vlaha	ˈvɫaɦa		IN_WIKTIONARY
vòl̨a	slovak	vôlʹa	ˈvu̯ɔɫja
vòrna	slovak	vrana	ˈvrana		IN_WIKTIONARY
vȏlkъ	slovak	vlak	ˈʋɫak	ˈvɫak	DIFFERENT
vȏrgъ	slovak	vrah	ˈvrax		IN_WIKTIONARY
vȏzъ	slovak	voz	ˈvɔs		IN_WIKTIONARY
vy	slovak	vy	ˈvi		IN_WIKTIONARY
vy-	slovak	vy-	ˈviː	ˈvi	DIFFERENT
vysòkъ	slovak	vysoký	ˈvisɔkiː	ˈvisɔkiː	SAME
vỳmę	slovak	vemä	ˈʋɛmɛ	ˈvɛmɛ	DIFFERENT
v̀ydra	slovak	vydra	ˈvidra		IN_WIKTIONARY
vъ	slovak	v	ˈʋ
vъn	slovak	v	ˈʋ
vъnùkъ	slovak	vnuk	[ˈʋnuk]		CORRECTED
vъ̑šь	slovak	voš	[ˈvɔʃ]		CORRECTED
vьdovà	slovak	vdova	ˈvdɔva	ˈvdɔva	SAME
vьlgъkъ	slovak	vlhký	ˈvɫ̩xkiː	ˈʋɫ̩ɦ̩kiː	DIFFERENT
vьrěti	slovak	vrietʹ	ˈʋri̯ɛt
vьrgnǫti	slovak	vrhnútʹ	ˈʋr̩ɦnuːt
vьrtě̀ti	slovak	vrtetʹ	ˈʋr̩tɛt
vьsь	slovak	ves	ˈʋes		IN_WIKTIONARY
vьčera	slovak	včera	ˈft͡ʃɛra		IN_WIKTIONARY
vь̀lna	slovak	vlna	[ˈʋɫ̩na]		CORRECTED
vь̀rxъ	slovak	vrch	ˈʋr̩x		IN_WIKTIONARY
vь̑lkъ	slovak	vlk	ˈvɫ̩k		IN_WIKTIONARY
xabiti	slovak	chabitʹ	ˈxabitʲ
xabъ	slovak	chabý	ˈxabiː	ˈxabiː	SAME
xlě̀bъ	slovak	chlieb	ˈxli̯ɛp	ˈxli̯ɛp	SAME
xoditi	slovak	choditʹ	ˈxɔditʲ
xoldьnъ	slovak	chladný	ˈxɫadniː		IN_WIKTIONARY
xomǫtъ	slovak	chomút	ˈxomuːt	ˈxɔmuːt	DIFFERENT
xȏdъ	slovak	chod	ˈxɔt	ˈxɔt	SAME
xȏldъ	slovak	hlad	ˈɦɫat		IN_WIKTIONARY
xromъ	slovak	chromý	ˈxrɔmiː	ˈxrɔmiː	SAME
xȗdъ	slovak	chudý	ˈxudiː	ˈxudiː	SAME
xvorstьje	slovak	chrastie	ˈxrasci̯ɛ	ˈxrasci̯ɛ	SAME
xvorъ	slovak	chorý	ˈxɔriː		IN_WIKTIONARY
za	slovak	za	ˈza	ˈza	SAME
zaverti	slovak	zavrietʹ	ˈzaʋri̯ɛt
zelènъ	slovak	zelený	ˈze̞.ɫe̞.niː		IN_WIKTIONARY
zeml̨à	slovak	zem	ˈzɛm		IN_WIKTIONARY
zěvati	slovak	zívatʹ	ˈziːʋat
zębnǫti	slovak	ziabnutʹ	ˈzi̯abnut
zę̀tь	slovak	zatʹ	ˈzatʲ
zmьjà	slovak	zmija	ˈzmija		IN_WIKTIONARY
znamenьje	slovak	znamenie	ˈznamɛɲi̯ɛ	ˈzanmɛɲi̯ɛ	DIFFERENT
znàti	slovak	znatʹ	znat
zobàti	slovak	zobatʹ	ˈzɔbatʲ
zȍlto	slovak	zlato	ˈzɫatɔ		IN_WIKTIONARY
zȏrkъ	slovak	zrak	ˈzrak		IN_WIKTIONARY
zīmà	slovak	zima	ˈzima		IN_WIKTIONARY
zъly	slovak	zolvica	[ˈzolʋit͡sa]		CORRECTED
zъlъ	slovak	zlý	ˈzɫiː		IN_WIKTIONARY
zъvati	slovak	zvatʹ	ˈzvatʲ
zьlčь	slovak	žlč	ʒl̩t͡ʃ		IN_WIKTIONARY
zьrěti	slovak	zrietʹ	zri̯et
zь̀rno	slovak	zrno	ˈzr̩.no̞		IN_WIKTIONARY
čakati	slovak	čakatʹ	ˈt͡ʃakatʲ
čarъ	slovak	čar	ˈt͡ʃar	ˈt͡ʃar	SAME
čàsъ	slovak	čas	ˈt͡ʃas		IN_WIKTIONARY
čelověkъ	slovak	človek	ˈt͡ʃɫɔvɛk		IN_WIKTIONARY
čelò	slovak	čelo	ˈt͡ʃɛɫɔ		IN_WIKTIONARY
čel̨adь	slovak	čelʹadʹ	ˈt͡ʃɛɫʲjatʲ
čemerъ	slovak	čemer	ˈt͡ʃɛmɛr	ˈt͡ʃɛmɛr	SAME
černovъ	slovak	čřenový 	ˈt͡ʃr̝ɛnɔviː 
černъ	slovak	čren	ˈt͡ʃrɛn
čerpti	slovak	črietʹ	ˈt͡ʃri̯ɛtʲ
čerslò	slovak	črieslo	ˈt͡ʃri̯ɛsɫɔ	ˈt͡ʃri̯ɛsɫɔ	SAME
česàti	slovak	česatʹ	ˈt͡ʃɛsatʲ
čȇrpъ	slovak	črep	ˈt͡ʃrɛp		IN_WIKTIONARY
čȇrvo	slovak	črevo	ˈt͡ʃrɛvɔ		IN_WIKTIONARY
čęstъ	slovak	častý	ˈt͡ʃastiː	ˈt͡ʃastiː	SAME
čę̑stь	slovak	častʹ	ˈt͡ʃasʲtʲ
činìti	slovak	činitʹ	ˈt͡ʃinit
čitati	slovak	čítatʹ	ˈt͡ʃiːtatʲ
čìstiti	slovak	čistitʹ	ˈt͡ʃistit
čìstъ	slovak	čistý	ˈt͡ʃistiː		IN_WIKTIONARY
čȋnъ	slovak	čin	ˈt͡ʃin		IN_WIKTIONARY
čùdo	slovak	čudo	ˈt͡ʃudɔ	ˈt͡ʃudɔ	SAME
čùti	slovak	čutʹ	ˈt͡ʃutʲ
čьrpati	slovak	čerpati	ˈt͡ʃɛrpaci	ˈt͡ʃɛrpaci	SAME
čьrtà	slovak	črta	ˈt͡ʃr̩ta		IN_WIKTIONARY
čьrvь	slovak	červ	ˈt͡ʃɛrw		IN_WIKTIONARY
čьrnъjь	slovak	čierny	[ˈt͡ʃi̯ɛrni]		CORRECTED
ę̄drò	slovak	jadro	[ˈjadrɔ]		CORRECTED
ǭtròba	slovak	útroba	ˈuː.trɔ.ba		IN_WIKTIONARY
šestъjь	slovak	šiesty	[ˈʃi̯ɛsti]		CORRECTED
šȇstь	slovak	šestʹ	ˈʃɛst
šibati	slovak	šibatʹ	ˈʃibatʲ
šìti	slovak	šitʹ	ˈʃitʲ
ščenę	slovak	šteňa	ˈʃcɛɲa	ˈʃcɛɲa	SAME
ščítъ	slovak	štít	ʃtiːt		IN_WIKTIONARY
ūstà	slovak	ústa	ˈuːsta		IN_WIKTIONARY
ūzdà	slovak	uzda	ˈuzda	ˈuzda	SAME
žalь	slovak	žialʹ	ˈʒi̯alʲ
žarъ	slovak	žiar	ˈʒi̯ar	ˈʒi̯ar	SAME
žàba	slovak	žaba	ˈʒaba		IN_WIKTIONARY
želě̀zo	slovak	železo	ˈʒe.ɫe.zɔ		IN_WIKTIONARY
želǫdъkъ	slovak	žalúdek	ˈʒaɫuːɟɛk	ˈʒaɫuːɟɛk	SAME
želza	slovak	žlʹaza	ˈʒlʲaza
ženà	slovak	žena	ˈʒe.na		IN_WIKTIONARY
žeravъ	slovak	žeravý	ˈʒɛraviː	ˈʒɛraviː	SAME
žeravь	slovak	žeriav	ˈʒɛri̯au̯		IN_WIKTIONARY
žerdlò	slovak	žriedlo	ˈʒri̯ɛdɫɔ	ˈʒri̯ɛdɫɔ	SAME
žę̄dàti	slovak	žiadatʹ	ˈʒi̯adat
žȅlǫdь	slovak	žaludʹ	ˈʒaɫutʲ
žęti	slovak	žatʹ	ˈʒatʲ
žę̀tva	slovak	žatva	ˈʒatva	ˈʒatva	SAME
živìca	slovak	živica	ˈʒivit͡sa	ˈʒivit͡sa	SAME
živòtъ	slovak	život	ˈʒivɔt	ˈʒivɔt	SAME
žìla	slovak	žila	ˈʒiɫa		IN_WIKTIONARY
žìti	slovak	žitʹ	ˈʒitʲ
žȋvъ	slovak	živý	ˈʒiviː		IN_WIKTIONARY
žuriti	slovak	zúritʹ	ˈzuːrit
žьlna	slovak	ž. zelená	ʃt͡z zɛlɛnaː
žьltъ	slovak	žltý	ˈʒɫ̩tiː		IN_WIKTIONARY
žьvàti	slovak	žutʹ	ˈʒutʲ
arьmò	slovak	jarmo	ˈjar.mo		IN_WIKTIONARY
àblъkъ	slovak	jablko	jabɫ̩ko		IN_WIKTIONARY
àstrě̄bъ	slovak	jastrab	ˈjastrap		IN_WIKTIONARY
ȁsenь	slovak	jaseň	ˈjasɛɲ		IN_WIKTIONARY
bolnъ	slovak	blen	blen		IN_WIKTIONARY
blekotъ	slovak	blʹakot	ˈblʲakɔt
bliskati	slovak	blýskatʹ	ˈbliːskat
blizъkъjь	slovak	blízky	ˈbliːski	ˈbliːski	SAME
boln̨a	slovak	blana	ˈbɫana	ˈbɫana	SAME
bràtrъ	slovak	bratr	ˈbratr̩
br̨ȗxъ	slovak	brucho	ˈbruxɔ		IN_WIKTIONARY
bъrtъ	slovak	brt	[ˈbr̩t]		CORRECTED
dęgъ	slovak	dʹah	ˈdjax
dę̄snò	slovak	dʹasno	ˈdjasnɔ
drevě	slovak	driev	dri̯eu̯	dri̯eu̯	SAME
drevьnъ	slovak	drevný	ˈdrɛvniː	ˈdrevniː	DIFFERENT
drobězgъ	slovak	drobizg	ˈdrɔbiz	ˈdrɔbiz	SAME
droždžьje	slovak	droždie	ˈdrɔʒɟi̯ɛ	ˈdrɔʒɟi̯ɛ	SAME
dupa	slovak	dúpa	ˈduːpa	ˈduːpa	SAME
ebàti	slovak	jebat́	ˈjɛbac	ˈjebat	DIFFERENT
edьnakъ	slovak	jednaký	ˈjɛdnakiː	jednakiː	DIFFERENT
edlà	slovak	jedlʹa	ˈjedlʲa
ledva	slovak	ledva	ˈlɛdva	ˈlɛdva	SAME
olbodà	slovak	loboda	ˈɫɔbɔda	ˈɫɔbɔda	SAME
elbǭtь	slovak	labutʹ	ˈɫabutʲ
elenь	slovak	jeleň	ˈjɛlɛɲ		IN_WIKTIONARY
elьxa	slovak	jelcha	ˈjɛɫxa	ˈjeloxa	DIFFERENT
emelo	slovak	hemelo	ˈɦɛmɛlo
esètrъ	slovak	jeseter	ˈjɛsɛcɛr		IN_WIKTIONARY
ȅzerъ	slovak	jazero	ˈjazɛrɔ	ˈjazɛrɔ	SAME
gatь	slovak	hatʹ	ˈɦatʲ
glěnъ	slovak	hlien	ˈɦli̯en	ɦli̯en	DIFFERENT
glīstà	slovak	hlísta	[ˈɦliːsta]		CORRECTED
górdja	slovak	hrádza	ˈɦraːd͡za	ˈɦraːdza	DIFFERENT
gorno	slovak	hrana	[ˈɦrana]		CORRECTED
gǫgnati	slovak	huhňatʹ	ˈɦuɦɲat
grozdьno	slovak	hrozno	ˈɦrɔznɔ	ˈɦrɔznɔ	SAME
grubъ	slovak	hrubý	ˈɦrubiː	ˈɦrubiː	SAME
gruda	slovak	hruda	ˈɦruda	ˈɦruda	SAME
gъrbъ	slovak	hrb	ˈɦr̩p		IN_WIKTIONARY
gъrno	slovak	grno	ɡrnɔ	ˈɡr̩nɔ	DIFFERENT
jьgra	slovak	hra	ˈɦra		IN_WIKTIONARY
jьkrà	slovak	ikra	ˈikra		IN_WIKTIONARY
klъkati	slovak	klkatʹ	ˈkɫ̩katʲ
kolto	slovak	klát	[ˈkɫaːt]		CORRECTED
kopъtъ	slovak	kopt	ˈkɔpt	ˈkɔpt	SAME
koterъ	slovak	koterý	ˈkɔtɛriː	ˈkɔcɛriː	DIFFERENT
košarъ	slovak	košiar	ˈkɔʃi̯ar	ˈkoʃi̯ar	DIFFERENT
krъxъ	slovak	krh	ˈkr̩x	kr̩x	DIFFERENT
kъrmъ	slovak	krm	kr̩m		IN_WIKTIONARY
lemešь	slovak	lemeš	ˈlɛmɛʃ	ˈlɛmɛʃ	SAME
lędvьje	slovak	lʹadvie	ˈljadvi̯e
mavati	slovak	mávatʹ	ˈmaːvat
mamiti	slovak	mamitʹ	ˈmamit
mèčь	slovak	meč	ˈmɛt͡ʃ		IN_WIKTIONARY
mě̑xъ	slovak	mech	[ˈmɛx]		CORRECTED
męzdra	slovak	mázra	ˈmaːzra
mьsta	slovak	mьstь	ˈm̩ːst
nekъto	slovak	niekto	ˈɲi̯ɛktɔ	ˈɲi̯ɛktɔ	SAME
nȇrstъ	slovak	neres	[ˈɲɛrɛs]		CORRECTED
nicati	slovak	nicatʹ	ˈɲit͡satʲ
nozdra	slovak	nozdra	ˈnɔzdra	ˈnɔzdra	SAME
nuditi	slovak	nuditʹ	ˈnuditʲ
nukati	slovak	núkatʹ	ˈnuːkat
nùdja	slovak	núdza	[ˈnuːd͡za]		CORRECTED
obora	slovak	obora	ˈɔbɔra	ˈɔbɔra	SAME
òrmę	slovak	ramä	ˈramɛ	ˈrame	DIFFERENT
ȍlkъtь	slovak	lakotʹ	ˈɫakɔt
ȍpakъ	slovak	opak	ˈɔpak	ˈɔpak	SAME
povorzъ	slovak	povraz	[ˈpɔʋras]		CORRECTED
pěga	slovak	peha	ˈpɛɦa		IN_WIKTIONARY
pȍpelъ	slovak	popel	ˈpɔpɛɫ	ˈpɔpɛɫ	SAME
piskorь	slovak	piskor	ˈpiskɔr	ˈpiskɔr	SAME
pǫpъkъ	slovak	pupok	ˈpupɔk	ˈpupɔk	SAME
proti	slovak	proti	ˈprɔci	ˈprɔci	SAME
pỳrъ	slovak	pýr	[ˈpiːr]		CORRECTED
pьkъlo	slovak	peklo	ˈpɛkɫɔ		IN_WIKTIONARY
sérn̨ь	slovak	srieň	ˈsri̯ɛɲ	ˈsri̯ɛɲ	SAME
sòrka	slovak	straka	ˈstraka		IN_WIKTIONARY
strycь	slovak	strýc	ˈstriːt͡s		IN_WIKTIONARY
strьženь	slovak	stržeň	ˈstr̩ʒɛɲ	ˈstr̩ʒɛɲ	SAME
surovъ	slovak	surový	[ˈsurɔviː]		CORRECTED
tri	slovak	tri	ˈtri		IN_WIKTIONARY
tỳsǫti	slovak	tisíc	ˈcisiːt͡s		IN_WIKTIONARY
vȇrsъ	slovak	vres	ˈvrɛs	ˈvrɛs	SAME
voinъ	slovak	vojín	[ˈʋɔjiːn]		CORRECTED
voldati	slovak	vládatʹ	ˈvɫaːdat
vòn̨a	slovak	vôňe	ˈvu̯ɔɲɛ	ˈvʊ̯ɔɲɛ	DIFFERENT
vỳgъn̨a	slovak	vyhňa	[ˈʋiɦɲa]		CORRECTED
vъtorъkъ	slovak	utorok	[ˈutɔrɔk]		CORRECTED
vьrstva	slovak	vrstva	ˈvr̩stva	ˈʋr̩stva	DIFFERENT
xvoja	slovak	chvoja	ˈxvɔja	ˈxvɔja	SAME
čàdja	slovak	čadza	[ˈt͡ʃad͡za]		CORRECTED
čemerica	slovak	čemeřica	ˈt͡ʃɛmɛr̝it͡sa
čerdà	slovak	čřieda	ˈt͡ʃr̝i̯ɛda	ˈt͡ʃri̯ɛda	DIFFERENT
čerěnь	slovak	čereň	ˈt͡ʃɛrɛɲ	ˈt͡ʃɛrɛɲ	SAME
čermъxa	slovak	čremcha	ˈt͡ʃremxa		IN_WIKTIONARY
česnъ	slovak	cesnak	ˈt͡sesnak	ˈt͡sɛsnak	DIFFERENT
