ukrainian	bolíty	[boˈlʲitɪ]
ukrainian	játy	[ˈjatɪ]
ukrainian	blidýj	[blʲiˈdɪi̯]
ukrainian	rux	[ˈrux]
ukrainian	tjáty	[ˈtʲatɪ]
ukrainian	járyj	[ˈjarɪi̯]
ukrainian	los'	[ˈlɔsʲ]
ukrainian	kotorá	[kɔtɔˈra]
ukrainian	mox	[ˈmox]
ukrainian	lemíš	[ɫɛˈmʲiʃ]
ukrainian	scjáty	[ˈst͡sʲatɪ]
ukrainian	óželed'	[ˈɔʒeledʲ]
ukrainian	hrývna	[ˈɦrɪu̯na]
ukrainian	drápaty	[ˈdrapatɪ]
ukrainian	boroná	[bɔrɔˈna]
ukrainian	nohá	[nɔˈɦa]
ukrainian	drik	[ˈdrʲik]
ukrainian	žuravél'	[ʒuraˈʋɛlʲ]
ukrainian	nyrjáty	[nɪˈrʲatɪ]
ukrainian	bájati	[ˈbajatɪ]
ukrainian	sverbíty	[sʋerˈbʲitɪ]
ukrainian	rostý	[rɔˈstɪ]
ukrainian	jid	[ˈjid]
ukrainian	dérbaty	[ˈdɛrbatɪ]
ukrainian	drib	[ˈdrib]
ukrainian	švec'	[ˈʃʋɛt͡sʲ]
ukrainian	čerémuxa	[t͡ʃɛˈrɛmuxa]
ukrainian	čérevo	[ˈt͡ʃɛrɛu̯ɔ]
ukrainian	ljudýna	[lʲuˈdɪna]
ukrainian	porá	[pɔˈra]
ukrainian	losós'	[lɔˈsɔsʲ]
ukrainian	óželed'	[ˈɔʒɛɫɛdʲ]
ukrainian	suddjá	[sudʲˈdʲa]
ukrainian	vísk	[ˈʋʲisk]
ukrainian	jástrib	[ˈjastrʲib]
ukrainian	hra	[ˈɦra]
ukrainian	hornó	[ɦɔrˈnɔ]
ukrainian	kýdaty	[ˈkɪdatɪ]
ukrainian	čerépaty	[t͡ʃɛˈrɛpatɪ]
ukrainian	krynýcja	[krɪˈnɪt͡sʲa]
ukrainian	onúk	[ˈɔnuk]
ukrainian	kréčet	[ˈkrɛt͡ʃɛt]
ukrainian	lušpá	[ɫuˈʃpa]
ukrainian	hrust'	[ˈɦrust]
ukrainian	kazýty	[kaˈzɪtɪ]
ukrainian	hlobýty	[ɦɫɔˈbɪtɪ]
ukrainian	blyščáti	[bɫɪˈʃt͡ʃatʲɪ]
ukrainian	hnizdó	[ɦnʲiˈzdɔ]
ukrainian	dim	[ˈdʲim]
ukrainian	móva	[ˈmɔʋa]
ukrainian	zalízo	[zaˈlʲizɔ]
ukrainian	pidóšva	[pʲiˈdɔʃʋa]
ukrainian	gugnávyj	[ɡuˈɡnaʋɪi̯]
ukrainian	volóka	[wɔˈɫɔka]
ukrainian	suk	[ˈsuk]
ukrainian	býdlo	[ˈbɪdɫɔ]
ukrainian	hórod	[ˈɦɔrɔd]
ukrainian	blýzna	[ˈbɫɪzna]
ukrainian	bih	[ˈbʲiɦ]
ukrainian	bil'	[ˈbʲilʲ]
ukrainian	blýz'kyj	[ˈbɫɪzʲkɪi̯]
ukrainian	luká	[ɫuˈkɑ]
ukrainian	brestý	[brɛˈstɪ]
ukrainian	ríjaty	[ˈrʲijatɪ]
ukrainian	blýskati	[ˈbɫɪskatɪ]
ukrainian	lébid'	[ˈɫɛbʲidʲ]
ukrainian	derén	[dɛˈrɛn]
ukrainian	ložýty	[ɫɔˈʒɪtɪ]
ukrainian	kútaty	[ˈkutatɪ]
ukrainian	beréža	[bɛˈrɛʒa]
ukrainian	cilýty	[t͡sʲiˈɫɪtɪ]
ukrainian	jaréc'	[jaˈrɛt͡sʲ]
ukrainian	hospód'	[ɦɔˈspɔdʲ]
ukrainian	šýty	[ˈʃɪtɪ]
ukrainian	čxáty	[ˈt͡ʃxatɪ]
ukrainian	bort	[ˈbɔrt]
ukrainian	bibr	[ˈbʲibr]
ukrainian	bij	[ˈbʲii̯]
ukrainian	véremje	[ˈʋɛrɛmʲjɛ]
ukrainian	hráty	[ˈɦratɪ]
ukrainian	bórošno	[ˈbɔrɔʃnɔ]
ukrainian	mórkva	[ˈmɔrkʋa]
ukrainian	kiš	[ˈkiʃ]
ukrainian	kólot	[ˈkɔɫɔt]
ukrainian	býlo	[ˈbɪɫɔ]
ukrainian	pára	[ˈpara]
ukrainian	nъ	[ˈnɪ]
ukrainian	strýžen'	[ˈstrɪʒɛn]
ukrainian	záloza	[ˈzalɔza]
ukrainian	gvizd'	[ɡʋʲizd]
ukrainian	tin'	[ˈtʲinʲ]
ukrainian	hlíva	[ˈɦlʲiʋɐ]
ukrainian	žýto	[ˈʒɪtɔ]
ukrainian	blýzna	[ˈbɫɪzna]
ukrainian	sány	[ˈsanɪ]
ukrainian	hlyst	[ˈɦɫɪst]
ukrainian	novák	[nɔˈʋak]
ukrainian	slúxaty	[ˈsɫuxatɪ]
ukrainian	bráttja	[ˈbratʲːa]
ukrainian	čerín'	[t͡ʃɛˈrʲinʲ]
ukrainian	xvoróst	[xwɔˈrɔst]
ukrainian	dúpa	[ˈdupa]
ukrainian	imíty	[iˈmʲitɪ]
ukrainian	bojáty sja	[bɔˈjatɪsʲsʲa]
ukrainian	rúno	[ˈrunɔ]
ukrainian	ciná	[ˈt͡sʲinˈɑ]
ukrainian	rilljá	[rʲiˈlʲ:ɑ]
ukrainian	lis	[ˈlʲis]
ukrainian	lódja	[ˈɫɔdʲa]
ukrainian	lájati	[ˈɫajɐtɪ]
ukrainian	hlum	[ˈɦɫum]
ukrainian	čéred	[ˈt͡ʃɛrɛd]
czech	mnohý	[ˈmnoɦiː]
czech	hromada	[ˈɦromada]
czech	mávati	[ˈmaːvatɪ]
czech	noc	[ˈnot͡s]
czech	hnísti	[ˈɦɲiːst]
czech	roj	[ˈroj]
czech	mour	[ˈmou̯r]
czech	kopí	[ˈkopiː]
czech	střemcha	[ˈstr̝̊ɛmxa]
czech	tvořiti	[ˈtvor̝ɪt]
czech	metati	[ˈmɛtat]
czech	on	[ˈon]
czech	síň	[ˈsiːɲ]
czech	puditi	[ˈpuɟɪt]
czech	lomiti	[ˈlomɪt]
czech	kos	[ˈkos]
czech	lnouti	[ˈlnou̯cɪ]
czech	bratr	[ˈbratr̩]
czech	mávati	[ˈmaːvat]
czech	díti	[ˈɟiːcɪ]
czech	síla	[ˈsiːla]
czech	hlad	[ˈɦlat]
czech	hra	[ˈɦra]
czech	jedva	[ˈjɛdva]
czech	luk	[ˈluk]
czech	vadnouti	[ˈvadnou̯t]
czech	libový	[ˈlɪboviː]
czech	hříva	[ˈɦr̝iːva]
czech	déšt'	[ˈdɛːʃc]
czech	čísti	[ˈt͡ʃiːst]
czech	jařmo	[ˈjar̝mo]
czech	trhati	[ˈtr̩ɦat]
czech	my	[ˈmɪ]
czech	drob	[ˈdrop]
czech	mlna	[ˈml̩na]
czech	rámě	[ˈraːmɲɛ]
czech	hrst	[ˈɦr̩st]
czech	buditi	[ˈbuɟɪt]
czech	kyprý	[ˈkɪpriː]
czech	čtverý	[ˈt͡ʃtvɛriː]
czech	hltati	[ˈɦl̩tat]
czech	vrána	[ˈvraːna]
czech	slina	[ˈslɪna]
czech	kel	[ˈkɛl]
czech	tvor	[ˈtvor]
czech	pleš	[ˈplɛʃ]
czech	páchati	[ˈpaːxat]
czech	pro-	[ˈpro]
czech	na	[ˈna]
czech	léto	[ˈlɛːto]
czech	bláto	[ˈblaːto]
czech	péci	[ˈpɛːt͡st]
czech	kašel	[ˈkaʃɛl]
czech	lub	[ˈlup]
czech	stud	[ˈstut]
czech	kokoš	[ˈkokoʃ]
czech	holub	[ˈɦolup]
czech	lítiti se	[ˈliːcɪt sɛ]
czech	rozbřesk	[ˈrozbr̝ɛsk]
czech	slyšeti	[ˈslɪʃɛt]
czech	vésti	[ˈvɛːst]
czech	chorý	[ˈxoriː]
czech	třenový (zub)	[ˈtr̝̊ɛnoviː]
czech	klíčiti	[ˈkliːt͡ʃɪt]
czech	přáti	[ˈpr̝̊aːt]
czech	jmelí	[ˈjmɛliː]
czech	čekati	[ˈt͡ʃɛkat]
czech	víko	[ˈviːko]
czech	zrak	[ˈzrak]
czech	dva	[ˈdva]
czech	sunouti	[ˈsunou̯t]
czech	vrše	[ˈvr̩ʃɛ]
czech	železo	[ˈʒɛlɛzo]
czech	družina	[ˈdruʒɪna]
czech	člověk	[ˈt͡ʃlovjɛk]
czech	rýti	[ˈriːt]
czech	třída	[ˈtr̝̊iːda]
czech	blizna	[ˈblɪzna]
czech	tesla	[ˈtɛsla]
czech	zelený	[ˈzɛlɛniː]
czech	vázati	[ˈvaːzat]
czech	šíti	[ˈʃiːt]
czech	ploský	[ˈploskiː]
czech	míhati	[ˈmiːɦat]
czech	lakomý	[ˈlakomiː]
czech	čemer	[ˈt͡ʃɛmɛr]
czech	blekot	[ˈblɛkot]
czech	var	[ˈvar]
czech	kutiti	[ˈkucɪt]
czech	výheň	[ˈviːɦɛɲ]
czech	lysý	[ˈlɪsiː]
czech	mknouti	[ˈmknou̯t]
czech	zdravý	[ˈzdraviː]
czech	jádro	[ˈjaːdro]
czech	blýskati (se)	[ˈbliːskat (sɛ)]
czech	blíti	[ˈbliːt]
czech	hnáti	[ˈɦnaːt]
czech	běhati	[ˈbjɛɦat]
czech	kasati	[ˈkasat]
czech	jař	[ˈjar̝̊]
czech	zed'	[ˈzɛc]
czech	oset	[ˈosɛt]
czech	lézti	[ˈlɛːst]
czech	dech	[ˈdɛx]
czech	běs	[ˈbjɛs]
czech	blaňa	[ˈblaɲa]
czech	kosm	[ˈkosm]
czech	viděti	[ˈvɪɟɛt]
czech	horší	[ˈɦorʃiː]
czech	hrouda	[ˈɦrou̯da]
czech	č(e)rstvý	[ˈt͡ʃɛrstviː]
czech	otevříti	[ˈotɛvr̝iːt]
czech	buben	[ˈbubɛn]
czech	klát	[ˈklaːt]
czech	bratr	[ˈbratr̩]
czech	jeřáb	[ˈjɛr̝aːp]
czech	vrch	[ˈvr̩x]
czech	klíč	[ˈkliːt͡ʃ]
czech	sedlo	[ˈsɛdlo]
czech	lebeda	[ˈlɛbɛda]
czech	hnusiti	[ˈɦnusɪt]
czech	letěti	[ˈlɛcɛt]
czech	hoditi	[ˈɦoɟɪt]
czech	ježdík	[ˈjɛʒɟiːk]
czech	luska	[ˈluska]
czech	douti	[ˈdou̯t]
czech	mehnouti	[ˈmɛɦnou̯t]
czech	národ	[ˈnaːrot]
czech	zlato	[ˈzlato]
czech	oje	[ˈojɛ]
czech	mazati	[ˈmazat]
czech	prach	[ˈprax]
czech	mýdlo	[ˈmiːdlo]
czech	voziti	[ˈvozɪt]
czech	ložiti	[ˈloʒɪt]
czech	spor	[ˈspor]
czech	dlaň	[ˈdlaɲ]
czech	hodný	[ˈɦɔdniː]
czech	brázda	[ˈbraːzda]
czech	bedra	[ˈbɛdra]
czech	roubiti	[ˈrou̯bɪt]
czech	prvý	[ˈpr̩viː]
czech	táhnouti	[ˈtaːɦnou̯t]
czech	proti	[ˈprocɪ]
czech	hnusný	[ˈɦnusniː]
czech	proti	[ˈprocɪ]
czech	kydnouti	[ˈkɪdnou̯t]
czech	nozdra	[ˈnozdra]
czech	kopt	[ˈkopt]
czech	plaviti	[ˈplavɪt]
czech	holot'	[ˈɦolot ˈt ɦoɦolot]
czech	oběcat	[ˈobjɛt͡sat o bjɛt͡sɛt͡sɛt]
slovene	kǫ́t	[kǒ:t]
slovene	žę́dǝn	[ʒěːdən]
slovene	kdọ́	[kdǒ:]
slovene	pšénọ	[pʃɛ̌ːno]
slovene	láskati	[lǎːskati]
slovene	dẹlíti	[delǐːti]
slovene	vọ̑z	[ʋôːs]
slovene	drọ̑b	[drôp]
slovene	dánǝs	[dǎ:nǝs]
slovene	mọ̑č	[môːt͡ʃ]
slovene	tȓd	[tə̂rt]
slovene	grȃd	[ɡrâːt]
slovene	prodȃja	[prɔdâːja]
slovene	lę́či	[lěːt͡ʃi]
slovene	plẹ̑n	[plêːn]
slovene	oblȃk	[ɔblâːk]
slovene	glòg	[ɡlɔ̂k]
slovene	plẹ́na	[plěːna]
slovene	kóza	[kɔ̌ːza]
slovene	gȓst	[ɡə̂rst]
slovene	gòj	[ɡô:i̯]
slovene	prì	[prî]
slovene	vȋt	[ʋîːt]
slovene	kr̀h	[kə̂rx]
slovene	vę́čati	[ʋěːt͡ʃati]
slovene	ǫ́zǝk	[ǒːzǝk]
slovene	hlȃd	[xlâːt]
slovene	gúmnọ	[ɡǔːmno]
slovene	dọ̑m	[dôːm]
slovene	gròb	[ɡrɔ̂p]
slovene	blízǝk	[blǐːzǝk]
slovene	ràk	[râːk]
slovene	mòr	[mɔ̂r]
slovene	žę́zlọ	[ʒěːzlo]
slovene	vlážiti	[ʋlǎːʒiti]
slovene	zmȃj	[zmâːi]
slovene	ráčiti	[rǎːt͡ʃiti]
slovene	srę̑mša	[srêːmʃa]
slovene	bŕzda	[bə̌rzda]
slovene	májati	[mǎːjati]
slovene	múzga	[mǔːzɡa]
slovene	gȓm	[ɡə̂rm]
slovene	krǫ̑g	[krô:k]
slovene	dẹ́te	[děːtɛ]
slovene	jáboɫka	[jǎːbɔu̯ka]
slovene	mámiti	[mǎːmiti]
slovene	orǫ̑dje	[ɔrôːdjɛ]
slovene	vpíti	[ʋpǐːti]
slovene	mẹ̑lj	[mêːl]
slovene	dúša	[dǔːʃa]
slovene	jásen	[jǎːsɛn]
slovene	gnẹ́zdọ	[ɡněːzdo]
slovene	svẹ́ča	[sʋěːt͡ʃa]
slovene	lóboda	[lɔ̌ːbɔda]
slovene	blǫ̑d	[blôːt]
slovene	gǫ́žva	[ɡǒːʒʋa]
slovene	prijȃtelj	[prijâːtɛl]
slovene	dróbǝn	[drɔ̌ːbən]
slovene	bréme	[brɛ̌ːmɛ]
slovene	jáviti	[jǎːʋiti]
slovene	dẹ́lọ	[děːlo]
slovene	svę̑t	[sʋêːt]
slovene	gòɫ	[ɡɔ̂u̯]
slovene	žíla	[ʒǐːla]
slovene	drǫ̑g	[drôːk]
slovene	ò(b)	[ɔ̂p]
slovene	čìst	[t͡ʃîst]
slovene	imę̑	[imêː]
slovene	slína	[slǐːna]
slovene	nesìt	[nɛsît]
slovene	bȋtva	[bîːtʋa]
slovene	lokàv	[lɔkâu̯]
slovene	bŕkati	[bə̌rkati]
slovene	dlésna	[dlɛ̌ːsna]
slovene	šurják	[ʃurjǎːk]
slovene	plavíti	[plaʋǐːti]
slovene	jávǝn	[jǎːʋən]
slovene	mẹ̑sec	[mêːsɛt͡s]
slovene	polẹ́ti	[pɔlěːti]
slovene	jẹ̑z	[jêːs]
slovene	súti	[sǔːti]
slovene	globòk	[ɡlɔbɔ̂k]
slovene	zlatọ̑	[zlatǒː]
slovene	púhǝɫ	[pǔːxǝu̯]
slovene	prósiti	[prɔ̌ːsiti]
slovene	klȃs	[klâːs]
slovene	sǝ̀ɫ	[sǝ̂u̯]
slovene	kláda	[klǎːda]
slovene	tésati	[tɛ̌ːsati]
slovene	mȃst	[mâːst]
slovene	gasíti	[ɡasǐːti]
slovene	tȗr	[tûːr]
slovene	vę́zati	[ʋěːzati]
slovene	mésti	[mɛ̌ːsti]
slovene	glúma	[ɡlǔːma]
slovene	jáma	[jǎːma]
slovene	leknọ	[lɛkno]
slovene	kísati	[kǐːsati]
slovene	úzda	[ǔːzda]
slovene	lisíca	[lisǐːt͡sa]
slovene	dúriti	[dǔːriti]
slovene	jarína	[jarǐːna]
slovene	ládja	[lǎːdja]
slovene	tajíti	[tajǐːti]
slovene	želẹ́zọ	[ʒɛlěːzo]
slovene	jesę́	[jɛsěː]
slovene	pŕga	[pə̌rɡa]
slovene	lȃjati	[lâːjati]
slovene	ję́za	[jěːza]
slovene	vláka	[ʋlǎːka]
slovene	mǝgníti	[mǝɡnǐːti]
slovene	krúpa	[krǐːpa]
slovene	kǝsȃn	[kəsâːn]
slovene	drážiti	[drǎːʒiti]
slovene	mǝkníti	[mǝknǐːti]
slovene	dẹ̀lj	[dêl]
slovene	národ	[nǎːrɔt]
slovene	číhati	[t͡ʃǐːxati]
slovene	mȓk	[mə̂rk]
slovene	vrȃn	[ʋrâːn]
slovene	golǫ̑bji	[ɡɔlôːbji]
slovene	ogǫ́r	[ɔɡǒːr]
slovene	kák	[kǎːk]
slovene	nàd	[nât]
slovene	mŕkǝv	[mə̌rkǝu̯]
slovene	kláta	[klǎːta]
slovene	móɫčati	[mɔ̌ːut͡ʃati]
slovene	rálọ	[rǎːlo]
slovene	mlẹ́sti	[mlěːsti]
slovene	tŕgati	[tə̌rɡati]
slovene	tópǝɫ	[tɔ̌ːpǝu̯]
slovene	rẹ́ka	[rěːka]
slovene	tȋɫ	[tî:u̯]
slovene	klẹ̑j	[klêːi̯]
slovene	dŕpati	[də̀rpati]
slovene	vojník	[ʋɔi̯nǐːk]
slovene	kotíti	[kɔtǐːti]
slovene	čelę̑sǝn	[t͡ʃɛlêːsǝn]
slovene	vójna	[ʋɔ̌ːi̯na]
slovene	mẹ́siti	[měːsiti]
slovene	núditi	[nǔːditi]
slovene	plása	[plǎːsa]
slovene	mèč	[mɛ̂t͡ʃ]
slovene	krílọ	[krǐːlo]
slovene	čȃr	[t͡ʃâːr]
slovene	mnẹ́ti	[mněːti]
russian	brosnútʹ	[brɐsˈnutʲ]
russian	us	[ˈus]
russian	tésnyj	[ˈtʲesnɨi̯]
russian	ílʹm	[ˈilʲm]
russian	tatʹ	[ˈtatʲ]
russian	líbo	[ˈlʲibə]
russian	kudé	[]
russian	oréx	[ɐˈrʲex]
russian	dugá	[dʊˈɡa]
russian	kidátʹ	[kʲɪˈdatʲ]
russian	ė́to	[ˈɛtə]
russian	balovátʹ	[bəɫɐˈvatʲ]
russian	grom	[ˈɡrom]
russian	jásenʹ	[ˈjæsʲɪnʲ]
russian	sérna	[ˈsʲernə]
russian	zob	[ˈzop]
russian	lik	[ˈlʲik]
russian	kájatʹsja	[ˈka(j)ɪt͡s:ə]
russian	boroná	[bərɐˈna]
russian	vídetʹ	[ˈvʲidʲɪtʲ]
russian	drobezgá	[drəbʲɪzˈɡa]
russian	jedvá	[jɪdˈva]
russian	činítʹ	[t͡ɕɪˈnʲitʲ]
russian	bolʹ	[ˈbolʲ]
russian	lʹnutʹ	[ˈlʲnutʲ]
russian	gólenʹ	[ˈɡolʲɪnʲ]
russian	bežátʹ	[bʲɪˈʐatʲ]
russian	snovátʹ	[snɐˈvatʲ]
russian	gorstь	[ˈɡorsʲtʲ]
russian	xudój	[xʊˈdoi̯]
russian	setʹ	[ˈsʲetʲ]
russian	kára	[ˈkarə]
russian	drok	[ˈdrok]
russian	devjátyj	[dʲɪˈvʲatɨi̯]
russian	dérzkij	[ˈdʲerskʲɪi̯]
russian	sérdce	[ˈsʲert͡sə]
russian	grestí	[ɡrʲɪˈsʲtʲi]
russian	plená	[plʲɪˈna]
russian	sedló	[sʲɪdˈlo]
russian	célyj	[ˈt͡sɛɫɨi̯]
russian	mókryj	[ˈmokrɨi̯]
russian	tjága	[ˈtʲaɡə]
russian	grúda	[ˈɡrudə]
russian	kópot	[ˈkopət]
russian	djógotʹ	[ˈdʲɵɡətʲ]
russian	óblako	[ˈobɫəkə]
russian	nórost	[ˈnorəst]
russian	norá	[nɐˈra]
russian	sedʹmój	[sʲɪdʲˈmoi̯]
russian	brjúxo	[ˈbrʲuxə]
russian	plávitʹ	[ˈpɫavʲɪtʲ]
russian	dróžži	[ˈdroʐːɨ]
russian	glist	[ˈɡlʲist]
russian	polotnó	[pəɫɐtˈno]
russian	gredut	[]
russian	jáblonʹ	[ˈjabɫənʲ]
russian	tjážkij	[ˈtʲaʂkʲɪi̯]
russian	mex	[ˈmʲex]
russian	múčitʹ	[ˈmut͡ɕɪtʲ]
russian	nékto	[ˈnʲektə]
russian	vesʹ	[ˈvʲesʲ]
russian	cenítʹ	[t͡sɨˈnʲitʲ]
russian	ljógkij	[ˈlʲɵxkʲɪi̯]
russian	odolétʹ	[ɐdɐˈlʲetʲ]
russian	modetʹ	[]
russian	glenʹ	[ˈɡlʲenʲ]
russian	čerjóvʹja	[t͡ɕɪˈrʲɵv⁽ʲ⁾jə]
russian	kolesó	[kəlʲɪˈso]
russian	bes	[ˈbʲes]
russian	čudítʹ	[t͡ɕʉˈdʲitʲ]
russian	kosnútʹsja	[kɐsˈnut͡sːə]
russian	mečʹ	[ˈmʲet͡ɕ]
russian	tri	[ˈtrʲi]
russian	lʹzja	[ˈlʲzʲa]
russian	žurávlʹ	[ʐʊˈravlʲ]
russian	bez	[ˈbʲes]
russian	búben	[ˈbubʲɪn]
russian	rvatʹ	[ˈrvatʲ]
russian	médlennyj	[ˈmʲedlʲɪn(ː)ɨi̯]
russian	gólyj	[ˈɡolɨj]
russian	grúbyj	[ˈɡrubɨi̯]
russian	otvérztʹ	[ɐtˈvʲersʲtʲ]
russian	rjabíka	[rʲɪˈbʲikə]
russian	bórzyj	[ˈborzɨi̯]
russian	désjatʹ	[ˈdʲesʲɪtʲ]
russian	stol	[ˈstoɫ]
russian	čádo	[ˈt͡ɕadə]
russian	lexá	[lʲɪˈxa]
russian	ovjós	[ɐˈvʲɵs]
russian	vesʹ	[ˈvʲesʲ]
russian	bljókot	[ˈblʲɵkət]
russian	blízna	[ˈblʲiznə]
russian	il	[ˈil]
russian	jáblonʹ	[ˈjabɫənʲ]
russian	rýlo	[ˈrɨɫə]
russian	otvečátʹ	[ɐtvʲɪˈt͡ɕætʲ]
russian	letʹ	[ˈlʲetʲ]
russian	gáditʹ	[ˈɡadʲɪtʲ]
russian	pološítʹ	[pəɫɐˈʂɨtʲ]
russian	proséjatʹ	[prɐˈsʲe(j)ɪtʲ]
russian	tjága	[ˈtʲaɡə]
russian	bitʹ	[ˈbʲitʲ]
russian	runó	[rʊˈno]
russian	brostʹ	[ˈbrosʲtʲ]
russian	natína	[nɐˈtʲinə]
russian	ja	[ˈja]
russian	ožíka	[ɐˈʐɨkə]
russian	meréža	[mʲɪˈrʲeʐə]
russian	jágoda	[ˈjaɡədə]
russian	pisátʹ	[pʲɪˈsatʲ]
russian	statʹ	[ˈstatʲ]
russian	morgát	[mɐrˈɡat]
russian	detʹ	[ˈdʲetʲ]
russian	ikrá	[ɪˈkra]
russian	olʹxá	[ɐlʲˈxa]
russian	igrá	[ɪˈɡra]
russian	želézo	[ʐɨˈlʲezə]
russian	krasá	[krɐˈsa]
russian	velij	[vʲɪlʲɪi̯]
russian	vsúe	[ˈfsu(j)ɪ]
russian	durnój	[dʊrˈnoi̯]
russian	vérša	[ˈvʲerʂə]
russian	kričátʹ	[krʲɪˈt͡ɕætʲ]
russian	xod	[ˈxot]
russian	soxá	[sɐˈxa]
russian	béreg	[ˈbʲerʲɪk]
russian	kotóryj	[kɐˈtorɨi̯]
russian	most	[ˈmost]
russian	mozžítʹ	[]
russian	klej	[ˈklʲej]
russian	gnitʹ	[ˈɡnʲitʲ]
russian	znatʹ	[ˈznatʲ]
russian	plytʹ	[pɫɨtʲ]
russian	oknó	[ɐkˈno]
russian	licó	[lʲɪˈt͡so]
russian	celítʹ	[t͡sɨˈlʲitʲ]
russian	divítʹsja	[dʲɪˈvʲit͡sːə]
russian	olénʹ	[ɐˈlʲenʲ]
russian	mošьná	[mɐʂˈna]
russian	ožíka	[ɐˈʐɨkə]
russian	druk	[ˈdruk]
russian	ležátʹ	[lʲɪˈʐatʲ]
russian	žátva	[ˈʐatvə]
russian	vopítʹ	[vɐˈpʲitʲ]
russian	mólvitʹ	[ˈmoɫvʲɪtʲ]
russian	brat	[ˈbrat]
russian	ljakátʹ	[lʲɪˈkatʲ]
russian	séjatʹ	[ˈsʲe(j)ɪtʲ]
russian	trútenʹ	[ˈtrutʲɪnʲ]
russian	níkatʹ	[ˈnʲikətʲ]
polish	pięść	[pjej̃ɕt͡ɕ]
polish	para	[ˈpara]
polish	noc	[ˈnɔt͡s]
polish	żebro	[ˈʐɛbrɔ]
polish	kadzidɫo	[kaˈd͡ʑidwɔ]
polish	gɫos	[ˈɡwɔs]
polish	mięso	[ˈmʲɛw̃sɔ]
polish	siać	[ˈɕat͡ɕ]
polish	ziewać	[ˈʑɛvat͡ɕ]
polish	bór	[ˈbur]
polish	glozna	[ˈɡlɔzna]
polish	perz	[ˈpɛʂ]
polish	ziemia	[ˈʑɛmʲa]
polish	i	[i]
polish	ziębnąć	[ˈʑɛmbnɔɲt͡ɕ]
polish	luby	[ˈlubɨ]
polish	czas	[ˈt͡ʂas]
polish	mrzost	[ˈmʐɔst]
polish	zdrowy	[ˈzdrɔvɨ]
polish	cześć	[ˈt͡ʂɛɕt͡ɕ]
polish	jako	[ˈjakɔ]
polish	trzon	[ˈtʂɔn]
polish	bo	[bɔ]
polish	kokosz	[ˈkɔkɔʂ]
polish	grzać	[ˈɡʐat͡ɕ]
polish	kamień	[ˈkamʲɛɲ]
polish	pęk	[ˈpɛŋk]
polish	ɫono	[ˈwɔnɔ]
polish	jary	[ˈjarɨ]
polish	wɫadać	[ˈvwadat͡ɕ]
polish	ɫazić	[ˈwaʑit͡ɕ]
polish	dzień	[ˈd͡ʑɛɲ]
polish	droga	[ˈdrɔɡa]
polish	gɫęboki	[ɡwɛmˈbɔkʲi]
polish	lep	[ˈlɛp]
polish	mamić	[ˈmamʲit͡ɕ]
polish	moc	[ˈmɔt͡s]
polish	okno	[ˈɔknɔ]
polish	miedźwiedź	[ˈmʲɛd͡ʑvʲɛt͡ɕ]
polish	gorszy	[ˈɡɔrʂɨ]
polish	drwa	[ˈdrva]
polish	sanie	[ˈsaɲɛ]
polish	czeznąć	[ˈt͡ʂɛznɔɲt͡ɕ]
polish	trzeci	[ˈtʂɛt͡ɕi]
polish	prząść	[ˈpʂɔw̃ɕt͡ɕ]
polish	jabɫko	[ˈjabwkɔ]
polish	źrenica	[ʑrɛˈɲit͡sa]
polish	jabɫoń	[ˈjabwɔɲ]
polish	kiedy	[ˈkʲɛdɨ]
polish	szron	[ˈʂrɔn]
polish	śmiech	[ˈɕmʲɛx]
polish	goić	[ˈɡɔit͡ɕ]
polish	lecieć	[ˈlɛt͡ɕɛt͡ɕ]
polish	wędzić	[ˈvɛɲd͡ʑit͡ɕ]
polish	twardy	[ˈtfardɨ]
polish	orędzie	[ɔˈrɛɲd͡ʑɛ]
polish	jazda	[ˈjazda]
polish	bɫąd	[ˈbwɔnt]
polish	browek	[ˈbrɔvɛk]
polish	kaɫ	[ˈkaw]
polish	oseɫka	[ɔˈsɛwka]
polish	myć	[ˈmɨt͡ɕ]
polish	lepić	[ˈlɛpʲit͡ɕ]
polish	ślimak	[ˈɕlʲimak]
polish	ledwo	[ˈlɛdvɔ]
polish	wesz	[ˈvɛʂ]
polish	wczoraj	[ˈft͡ʂɔraj]
polish	dzielić	[ˈd͡ʑɛlʲit͡ɕ]
polish	bydɫo	[ˈbɨdwɔ]
polish	kroba	[ˈkrɔba]
polish	kisiaɫy	[kʲiˈɕawɨ]
polish	ość	[ˈɔɕt͡ɕ]
polish	jajo	[ˈjajɔ]
polish	gruby	[ˈɡrubɨ]
polish	pies	[ˈpʲɛs]
polish	lędźwie	[ˈlɛɲd͡ʑvʲɛ]
polish	czar	[ˈt͡ʂar]
polish	drożdże	[ˈdrɔʐd͡ʐɛ]
polish	myśl	[ˈmɨɕl]
polish	mysz	[ˈmɨʂ]
polish	ɫuna	[ˈwuna]
polish	miasto	[ˈmʲastɔ]
polish	powróz	[ˈpɔvrus]
polish	pamięć	[ˈpamʲɛɲt͡ɕ]
polish	durzyć	[ˈduʐɨt͡ɕ]
polish	żar	[ˈʐar]
polish	sova	[ˈsɔva]
polish	lemiesz	[ˈlɛmʲɛʂ]
polish	duży	[ˈduʐɨ]
polish	sęk	[ˈsɛŋk]
polish	syn	[ˈsɨn]
polish	jugo	[ˈjuɡɔ]
polish	mieść	[mʲɛɕt͡ɕ]
polish	burza	[ˈbuʐa]
polish	sɫać	[swat͡ɕ]
polish	póɫ	[puw]
polish	obɫy	[ˈɔbwɨ]
polish	doba	[ˈdɔba]
polish	nagi	[ˈnaɡʲi]
polish	miedza	[ˈmʲɛd͡za]
polish	niknąć	[ˈɲiknɔɲt͡ɕ]
polish	wiano	[ˈvʲanɔ]
polish	kąsać	[ˈkɔw̃sat͡ɕ]
polish	jastrząb	[ˈjastʂɔmp]
polish	kręcić	[ˈkrɛɲt͡ɕit͡ɕ]
polish	wąs	[ˈvɔw̃s]
polish	nędza	[ˈnɛnd͡za]
polish	gęba	[ˈɡɛmba]
polish	dziewięć	[ˈd͡ʑɛvʲɛɲt͡ɕ]
polish	korzyć się	[ˈkɔʐɨt͡ɕ ɕɛ]
polish	męka	[ˈmɛŋka]
polish	jęczeć	[ˈjɛnt͡ʂɛt͡ɕ]
polish	siąść	[ɕɔw̃ɕt͡ɕ]
polish	jarząb	[ˈjaʐɔmp]
polish	pachnąć	[ˈpaxnɔɲt͡ɕ]
polish	jąkać	[ˈjɔŋkat͡ɕ]
polish	wymię	[ˈvɨmʲɛ]
polish	brzemię	[ˈbʐɛmʲɛ]
polish	brnąć	[brnɔɲt͡ɕ]
polish	kinąć	[ˈkʲinɔɲt͡ɕ]
polish	blaknąć	[ˈblaknɔɲt͡ɕ]
polish	schnąć	[ˈsxnɔɲt͡ɕ]
polish	mięzdra	[ˈmʲɛw̃zdra]
polish	jąć	[ˈjɔɲt͡ɕ]
polish	imię	[ˈimʲɛ]
polish	węzeɫ	[ˈvɛw̃zɛw]
polish	wewnątrz	[ˈvɛvnɔntʂ]
polish	miękki	[ˈmʲɛŋkkʲi]
polish	ɫączyć	[ˈwɔnt͡ʂɨt͡ɕ]
polish	przeć (się)	[pʂɛt͡ɕ ˈsfʲɛ]
polish	ɫąka	[ˈwɔŋka]
polish	trąd	[ˈtrɔnt]
polish	dęga	[ˈdɛŋɡa]
polish	szczenię	[ˈʂt͡ʂɛɲɛ]
polish	jastrząb	[ˈjastʂɔmp]
polish	lgnąć	[ˈlɡnɔɲt͡ɕ]
polish	kocić się	[ˈkɔt͡ɕit͡ɕ ɕɛ]
polish	ciąć	[t͡ɕɔɲt͡ɕ]
polish	mąka	[ˈmɔŋka]
polish	ramię	[ˈramʲɛ]
polish	piędź	[pʲɛɲt͡ɕ]
polish	wątroba	[vɔnˈtrɔba]
polish	ɫącze	[ˈwɔnt͡ʂɛ]
polish	jątrew	[ˈjɔntrɛf]
polish	jarząb	[ˈjaʐɔmp]
polish	sunąć	[ˈsunɔɲt͡ɕ]
polish	miesiąc	[ˈmʲɛɕɔnt͡s]
polish	tęgi	[ˈtɛŋɡʲi]
polish	dzięgel	[ˈd͡ʑɛŋɡɛl]
polish	zadzierzgnąć	[zaˈd͡ʑɛʐɡnɔɲt͡ɕ]
polish	dzięcioɫ	[ˈd͡ʑɛɲt͡ɕɔw]
polish	pęto	[ˈpɛntɔ]
polish	dziąsɫa	[ˈd͡ʑɔw̃swa]
polish	darznąć	[ˈdarznɔɲt͡ɕ]
polish	ɫąg	[wɔŋk]
polish	drąg	[drɔŋk]
bcs	krȉjep	[krîjep]
bcs	pȁsti	[pâsti]
bcs	pri	[pri]
bcs	djèvica	[djěʋit͡sa]
bcs	járōst	[jǎːroːst]
bcs	màgla	[mǎɡla]
bcs	nȕkati	[nûkati]
bcs	bȉti	[bîti]
bcs	jȁster	[jâster]
bcs	monisto	[monisto]
bcs	prȉjek	[prîjek]
bcs	k(a)	[ka]
bcs	k(a)	[ka]
bcs	dajȁt	[dajât]
bcs	grno	[ɡrno]
bcs	vjȅtar	[ʋjêtar]
bcs	zȋd	[zîːd]
bcs	brȉti	[brîti]
bcs	sŕna	[sřːna]
bcs	brùsnica	[brǔsnit͡sa]
bcs	kljȕka	[kʎûka]
bcs	dvògub	[dʋǒɡub]
bcs	sȍk	[sôk]
bcs	dijel	[dijel]
bcs	klȉknuti	[klîknuti]
bcs	vȋr	[ʋîːr]
bcs	smìjati se	[smǐjati]
bcs	mrȃv	[mrâːʋ]
bcs	gr̀mljeti	[ɡř̩mʎeti]
bcs	cȅsta	[t͡sêsta]
bcs	dȃr	[dâːr]
bcs	mȍre	[môre]
bcs	obresti	[obresti]
bcs	grȏzd	[ɡrôːzd]
bcs	sȋn	[sîːn]
bcs	sȉjeno	[sîjeno]
bcs	mèdvjed	[mědʋjed]
bcs	prȍtīv	[prôtiːʋ]
bcs	gospòdin	[ɡospǒdin]
bcs	kȏst	[kôːst]
bcs	jȅtra	[jêtra]
bcs	hrána	[xrǎːna]
bcs	čȕditi se	[tʃûditi se]
bcs	lòkati	[lǒkati]
bcs	cȓn	[t͡sr̂ːn]
bcs	jerèbica	[jerěbit͡sa]
bcs	stȏg	[stôːɡ]
bcs	znȁmēnje	[znâmeːɲe]
bcs	čètvȓtī	[tʃětʋr̩ːtiː]
bcs	čȅkati	[tʃêkati]
bcs	vȏz	[ʋôːz]
bcs	žèzlo	[ʒězlo]
bcs	brȃv	[brâːʋ]
bcs	grȇz	[ɡrêːz]
bcs	ìmati	[ǐmati]
bcs	po	[po]
bcs	grȗb	[ɡrûːb]
bcs	drískati	[drǐːskati]
bcs	bȍlje	[bôʎe]
bcs	brȏd	[brôːd]
bcs	s(a)	[sa]
bcs	kòtac	[kǒtat͡s]
bcs	kòrito	[kǒrito]
bcs	rȉnuti	[rînuti]
bcs	bȉjes	[bîjes]
bcs	líšit	[lǐːʃit]
bcs	mrmljiti	[mr̩mʎiti]
bcs	jèmeš	[jěmeʃ]
bcs	pȁūk	[pâuːk]
bcs	léviti	[lěːʋiti]
bcs	brȁt	[brât]
bcs	glȇj	[ɡlêːi̯]
bcs	nȉšt	[nîʃt]
bcs	gnȉo	[ɡnîo]
bcs	žȇđa	[ʒêːdʑa]
bcs	jȅčmēn	[jêtʃmeːn]
bcs	gnȕsan	[ɡnûsan]
bcs	ráditi	[rǎːditi]
bcs	govòriti	[ɡoʋǒriti]
bcs	grèpsti	[ɡrěpsti]
bcs	vládati	[ʋlǎːdati]
bcs	mȕsti	[mûsti]
bcs	plátno	[plǎːtno]
bcs	lȃđa	[lâːdʑa]
bcs	unútar	[unǔːtar]
bcs	làža	[lǎʒa]
bcs	díviti se	[dǐːʋiti]
bcs	màžđiti	[mǎʑd͡ʑiti]
bcs	lèžati	[lěʒati]
bcs	kòtiti (se)	[kǒtiti]
bcs	mjȅsto	[mjêsto]
bcs	lȉjes	[lîjes]
bcs	mȁlak	[mâlak]
bcs	tȋ	[tîː]
bcs	klokòtati	[klokǒtati]
bcs	utòliti	[utǒliti]
bcs	gnȏj	[ɡnôːi̯]
bcs	górak	[ɡǒːrak]
bcs	lȇd	[lêːd]
bcs	lúna	[lǔːna]
bcs	cȓv	[tsr̩̂ːʋ]
bcs	bo	[bo]
bcs	nȏs	[nôːs]
bcs	òvāj	[ǒʋaːi̯]
bcs	mr̀mrati	[mř̩mrati]
bcs	čètiri	[t͡ʃětiri]
bcs	kŕzno	[kř̩ːzno]
bcs	jálac	[jǎːlat͡s]
bcs	rebica	[rebit͡sa]
bcs	bíće	[bǐːt͡ɕe]
bcs	brȅđ	[brêd͡ʑ]
bcs	čèsati	[t͡ʃěsati]
bcs	pȓh	[pr̩̂ːx]
bcs	smȑt	[smr̩̂t]
bcs	strȉći	[strît͡ɕi]
bcs	múčati	[mǔːt͡ʃati]
bcs	sȑšljēnj	[sr̩̂ʃʎeːɲ]
bcs	bŕcati	[břːt͡sati]
bcs	ràtaj	[rǎtai̯]
bcs	kȑknuti	[kr̩̂knuti]
bcs	bȓz	[br̩̂ːz]
bcs	sjȅći	[sjêt͡ɕi]
bcs	stȉći	[stît͡ɕi]
bcs	jȇtrva	[jêːtr̩ʋa]
bcs	mȑznuti	[mr̩̂znuti]
bcs	čèrjen	[t͡ʃěrjen]
bcs	mȑknuti	[mr̩̂knuti]
bcs	mȕčiti	[mût͡ʃiti]
bcs	čȅdo	[t͡ʃêdo]
bcs	krȃj	[krâːi̯]
bcs	crman	[t͡sr̩man]
bcs	bŕvno	[bř̩ːʋno]
bcs	tvȓd	[tʋr̩̂ːd]
upper_sorbian	polo	[ˈpɔlɔ]
upper_sorbian	jězer	[ˈjɪzɛɐ̯]
upper_sorbian	drobina	[ˈdʀobʲina]
upper_sorbian	krej	[ˈkʀej]
upper_sorbian	mjeno	[ˈmʲɛnɔ]
upper_sorbian	jaseń	[ˈjasen]
upper_sorbian	ɫochć	[ˈwoxt͡ʃ]
upper_sorbian	sroka	[ˈsʀoka]
upper_sorbian	blek	[ˈblɛk]
upper_sorbian	són	[ˈsʊn]
upper_sorbian	črjóda	[ˈt͡ʃʀʲʊda]
upper_sorbian	dźeń	[ˈd͡ʒenʲ]
upper_sorbian	ćma	[ˈt͡ʃma]
upper_sorbian	zɫoto	[ˈzwɔtɔ]
upper_sorbian	jemjel	[ˈjemʲɛl]
upper_sorbian	mlěć	[ˈmlɪt͡ʃ]
upper_sorbian	bɫyskać	[ˈbɨskat͡ʃ]
upper_sorbian	wɫós	[ˈwʊs]
upper_sorbian	cydźić	[ˈt͡sɨd͡ʒit͡ʃ]
upper_sorbian	ɫochć	[ˈwoxt͡ʃ]
upper_sorbian	pjata	[ˈpʲata]
upper_sorbian	brać	[ˈbrat͡ʃ]
upper_sorbian	wjes	[ˈwʲɛs]
upper_sorbian	kazyć	[ˈkazɨt͡ʃ]
upper_sorbian	jesetr	[ˈjɛsɛt]
upper_sorbian	črjósɫo	[ˈt͡ʃʀʲʊswɔ]
upper_sorbian	mječ	[ˈmet͡ʃ]
upper_sorbian	borno	[ˈbɔɐ̯nɔ]
upper_sorbian	jědź	[ˈjɪt͡ʃ]
upper_sorbian	sɫoma	[ˈswoma]
upper_sorbian	brodaty	[ˈbʀɔdatɨ]
upper_sorbian	bróna	[ˈbʀʊna]
upper_sorbian	mjeza	[ˈmʲɛza]
upper_sorbian	kóń	[ˈkʊjn]
upper_sorbian	kɫóda	[ˈkwʊda]
upper_sorbian	wobora	[ˈwobɔʀa]
upper_sorbian	wječor	[ˈwet͡ʃɔɐ̯]
upper_sorbian	hózdź	[ˈhʊst͡ʃ]
upper_sorbian	wrjećeno	[ˈʀet͡ʃɛnɔ]
upper_sorbian	ɫakomy	[ˈwakomɨ]
upper_sorbian	lěhać	[ˈlɪhat͡ʃ]
upper_sorbian	blekot	[ˈblɛkɔt]
upper_sorbian	ɫakać	[ˈwakat͡ʃ]
upper_sorbian	jatřob	[ˈjat͡ʃop]
upper_sorbian	mjedź	[ˈmet͡ʃ]
upper_sorbian	mihel	[ˈmʲihɛl]
upper_sorbian	mróz	[ˈmʀʊs]
upper_sorbian	bratr	[ˈbʀat]
upper_sorbian	pjeń	[ˈpen]
upper_sorbian	blizki	[ˈbliskʲi]
upper_sorbian	kónc	[ˈkʊnt͡s]
upper_sorbian	podroha	[ˈpodʀoha]
upper_sorbian	hwězda	[ˈvʲɪzda]
upper_sorbian	chróst	[ˈkʀʊst]
upper_sorbian	njewjesta	[ˈnewʲɛsta]
upper_sorbian	jakny	[ˈjaknɨ]
upper_sorbian	syɫobik	[ˈsɨwobʲik]
upper_sorbian	móst	[ˈmʊst]
upper_sorbian	bać	[ˈbat͡ʃ]
upper_sorbian	wichor	[ˈwʲixɔɐ̯]
upper_sorbian	spěch	[ˈspʲɪx]
upper_sorbian	jězer	[ˈjɪzɛɐ̯]
upper_sorbian	jebać	[ˈjɛbat͡ʃ]
upper_sorbian	bóle	[ˈbʊlɛ]
upper_sorbian	měza	[ˈmʲɪza]
upper_sorbian	tón	[ˈtʊn]
upper_sorbian	květ	[ˈkʲɪt]
upper_sorbian	gněw	[ˈhnʲɪw]
upper_sorbian	bóh	[ˈbʊ]
upper_sorbian	mječ	[met͡ʃ]
upper_sorbian	draby	[ˈdʀabɨ]
upper_sorbian	sól	[ˈsɨl]
upper_sorbian	bić	[ˈbʲit͡ʃ]
upper_sorbian	wosa	[ˈwɔsa]
upper_sorbian	radɫo	[ˈʀadwɔ]
upper_sorbian	mara	[ˈmaʀa]
upper_sorbian	módry	[ˈmʊdʀɨ]
upper_sorbian	wuknyć	[ˈuknɨt͡ʃ]
upper_sorbian	jemjel	[ˈjemʲɛl]
upper_sorbian	wuž	[ˈwuʃ]
upper_sorbian	rola	[ˈʀɔla]
upper_sorbian	sydom	[ˈsɨdom]
upper_sorbian	jěd	[ˈjɪt]
upper_sorbian	wólša	[ˈwʊlʃa]
upper_sorbian	worjoɫ	[ˈwoʀʲow]
upper_sorbian	město	[ˈmʲɪstɔ]
upper_sorbian	jerjabina	[ˈjeʀʲabʲina]
upper_sorbian	lac	[ˈlat͡s]
upper_sorbian	mikać	[ˈmʲikat͡ʃ]
upper_sorbian	rěka	[ˈʀʲɪka]
upper_sorbian	hroch	[ˈʀox]
upper_sorbian	česć	[ˈt͡ʃɛst͡ʃ]
upper_sorbian	chɫód	[ˈkwʊt]
upper_sorbian	hat	[ˈhat]
upper_sorbian	bahno	[ˈbaɣnɔ]
upper_sorbian	pluwa	[ˈpluwa]
upper_sorbian	kroma	[ˈkʀoma]
upper_sorbian	syc	[ˈsɨt͡s]
upper_sorbian	rědki	[ˈʀʲɪtkʲi]
upper_sorbian	brěmjo	[ˈbʀʲɪmʲɔ]
upper_sorbian	brodźić	[ˈbʀɔd͡ʒit͡ʃ]
upper_sorbian	pěsk	[ˈpʲɪsk]
upper_sorbian	jebać	[ˈjɛbat͡ʃ]
upper_sorbian	měd	[ˈmʲɪt]
upper_sorbian	ɫoni	[ˈwɔnʲi]
upper_sorbian	sydɫo	[ˈsɨdwɔ]
upper_sorbian	ramjo	[ˈʀamʲɔ]
upper_sorbian	přasć	[ˈpʃast͡ʃ]
upper_sorbian	strona	[ˈstʀɔna]
upper_sorbian	hójić	[ˈhʊjit͡ʃ]
upper_sorbian	čerw	[t͡ʃɛɐ̯]
upper_sorbian	cywa	[ˈt͡sɨwa]
upper_sorbian	hrono	[ˈʀonɔ]
upper_sorbian	dom	[ˈdom]
upper_sorbian	syɫobik	[ˈsɨwobʲik]
upper_sorbian	ćopɫy	[ˈtopwɨ]
upper_sorbian	bɫyskać	[ˈbɨskat͡ʃ]
upper_sorbian	čichać	[ˈt͡ʃixat͡ʃ]
upper_sorbian	wóz	[ˈwʊs]
upper_sorbian	lědma	[ˈlʲɪdma]
upper_sorbian	bratr	[ˈbʀat]
upper_sorbian	njebjo	[ˈnebʲɔ]
upper_sorbian	žoɫma	[ˈʒoma]
upper_sorbian	ćepać	[ˈt͡ʃɛpat͡ʃ]
upper_sorbian	wuheń	[ˈwuhɛn]
upper_sorbian	bučeć	[ˈbut͡ʃɛt͡ʃ]
upper_sorbian	brózda	[ˈbʀʊzda]
upper_sorbian	hɫós	[ˈwʊs]
upper_sorbian	hród	[ˈʀʊt]
upper_sorbian	sowjer	[ˈsowʲɛɐ̯]
upper_sorbian	nurić	[ˈnuʀʲit͡ʃ]
upper_sorbian	wrjós	[ˈʀʲʊs]
upper_sorbian	hɫowa	[ˈwowa]
upper_sorbian	mihel	[ˈmʲihɛl]
upper_sorbian	dźěža	[ˈd͡ʒɪʒa]
upper_sorbian	lěp	[ˈlɪp]
upper_sorbian	pɫót	[ˈpʊt]
upper_sorbian	bór	[ˈbʊɐ̯]
upper_sorbian	črjóda	[ˈt͡sʀʲʊda]
upper_sorbian	jatřob	[ˈjat͡ʃop]
upper_sorbian	wosa	[ˈwɔsa]
upper_sorbian	mɫót	[ˈmʊt]
upper_sorbian	kɫós	[ˈkʊs]
upper_sorbian	próh	[ˈpʀʊ]
upper_sorbian	hora	[ˈhɔra]
upper_sorbian	wuhor	[ˈwuhɔɐ̯]
upper_sorbian	nóc	[ˈnʊt͡s]
upper_sorbian	wrota	[ˈʀɔta]
upper_sorbian	hrono	[ˈʀɔnɔ]
upper_sorbian	drobina	[ˈdʀobʲina]
upper_sorbian	wróh	[ˈʀʊ]
upper_sorbian	pčola	[ˈpt͡ʃɔla]
upper_sorbian	ležeć	[ˈleʒɛt͡ʃ]
upper_sorbian	 dwěrja	[ˈdvʲɪʀʲa]
upper_sorbian	bosy	[ˈbɔsɨ]
upper_sorbian	hrěch	[ˈʀʲɪx]
upper_sorbian	hózdź	[ˈhʊst͡ʃ]
upper_sorbian	lědma	[ˈlʲɪdma]
upper_sorbian	jatřob	[ˈjat͡ʃop]
upper_sorbian	drjewo	[ˈdʀʲɛwɔ]
upper_sorbian	dźěra	[ˈd͡ʒɪʀa]
upper_sorbian	jejko	[ˈjekɔ]
upper_sorbian	jaboɫń	[ˈjabojn]
upper_sorbian	brěza	[ˈbʀʲɪza]
upper_sorbian	bród	[ˈbʀʊt]
upper_sorbian	nós	[ˈnʊs]
upper_sorbian	dešć	[ˈdeʃt͡ʃ]
upper_sorbian	blědy	[ˈblɪdɨ]
upper_sorbian	kotry	[ˈkotʀɨ]
upper_sorbian	kipry	[ˈkʲipʀɨ]
upper_sorbian	bɫóto	[ˈbʊtɔ]
upper_sorbian	lesć	[ˈlɛst͡ʃ]
upper_sorbian	njetopyŕ	[ˈnʲɛtopɨɐ̯]
upper_sorbian	maz	[ˈmas]
upper_sorbian	wěno	[ˈvʲɪnɔ]
upper_sorbian	cylić	[ˈt͡sɨlit͡ʃ]
upper_sorbian	ból	[ˈbʊl]
upper_sorbian	mɫócić	[ˈmʊt͡sit͡ʃ]
upper_sorbian	maz	[ˈmas]
upper_sorbian	drěć	[ˈdʀʲɪt͡ʃ]
upper_sorbian	jerjab	[ˈjeʀʲap]
upper_sorbian	pěc	[ˈpʲɪt͡s]
upper_sorbian	hɫód	[ˈwʊt]
upper_sorbian	jěć	[ˈjɪt͡ʃ]
upper_sorbian	pjero	[ˈpʲɛʀɔ]
upper_sorbian	wótry	[ˈwʊtʀɨ]
upper_sorbian	lód	[ˈlʊt]
upper_sorbian	koɫṕ	[ˈkow]
upper_sorbian	moch	[ˈmox]
upper_sorbian	njež	[nʲɛʃ]
upper_sorbian	dźiki	[ˈd͡ʒikʲi]
upper_sorbian	bɫuzna	[ˈbuzna]
upper_sorbian	sroka	[ˈsʀoka]
upper_sorbian	bróń	[ˈbʀʊjn]
upper_sorbian	měch	[ˈmʲɪx]
upper_sorbian	broda	[ˈbʀɔda]
upper_sorbian	wóst	[ˈwʊst]
upper_sorbian	jejo	[ˈjejɔ]
upper_sorbian	dwór	[ˈdwʊɐ̯]
upper_sorbian	měć	[ˈmʲɪt͡ʃ]
upper_sorbian	ramjo	[ˈʀamʲɔ]
upper_sorbian	bleć	[ˈblet͡ʃ]
upper_sorbian	wětr	[ˈwʲɪt]
upper_sorbian	čakać	[ˈtʃakat͡ʃ]
upper_sorbian	ɫuska	[ˈwuska]
upper_sorbian	měch	[ˈmʲɪx]
upper_sorbian	mɫódny	[ˈmʊdnɨ]
upper_sorbian	woš	[ˈwɔʃ]
upper_sorbian	pos	[ˈpɔs]
upper_sorbian	wón	[ˈwʊn]
upper_sorbian	jesetr	[ˈjɛsɛt]
upper_sorbian	dźěɫo	[ˈd͡ʒɪwɔ]
upper_sorbian	bɫuzna	[ˈbuzna]
upper_sorbian	wosa	[ˈwɔsa]
upper_sorbian	drěn	[ˈdʀʲɪn]
upper_sorbian	wróna	[ˈʀʊna]
upper_sorbian	jerjab	[ˈjeʀʲap]
upper_sorbian	jemjel	[ˈjemʲɛl]
upper_sorbian	syć	[ˈsɨt͡ʃ]
upper_sorbian	šěry	[ˈʃɪʀɨ]
upper_sorbian	wón	[ˈwʊn]
upper_sorbian	brjóh	[ˈbʀʲʊ]
upper_sorbian	čichać	[ˈt͡ʃixat͡ʃ]
upper_sorbian	črona	[ˈt͡ʃʀɔna]
upper_sorbian	bojeć so	[ˈbɔjɛt͡ʃ sɔ]
upper_sorbian	jěž	[ˈjɪʃ]
upper_sorbian	wola	[ˈwɔla]
upper_sorbian	ćěsto	[ˈt͡ʃɪstɔ]
upper_sorbian	dźehel	[ˈd͡ʒɛhɛl]
upper_sorbian	jemjel	[ˈjemʲɛl]
upper_sorbian	bɫyskać	[ˈbɨskat͡ʃ]
upper_sorbian	woheń	[ˈwohen]
upper_sorbian	čorny	[ˈt͡ʃɔɐ̯nɨ]
upper_sorbian	přećiwo	[ˈpʃet͡ʃiwɔ]
upper_sorbian	měra	[ˈmʲɪʀa]
upper_sorbian	syɫobik	[ˈsɨwobʲik]
upper_sorbian	mihel	[ˈmʲihɛl]
upper_sorbian	wólša	[ˈwʊlʃa]
upper_sorbian	jebać	[ˈjɛbat͡ʃ]
upper_sorbian	hat	[ˈhat]
upper_sorbian	wósom	[ˈwʊsom]
upper_sorbian	wrjós	[ˈʀʲʊs]
upper_sorbian	žadać	[ˈʒadat͡ʃ]
upper_sorbian	blekot	[ˈblɛkɔt]
upper_sorbian	lědma	[ˈlɪdma]
upper_sorbian	svět	[ˈswʲɪt]
upper_sorbian	mloko	[ˈmlokɔ]
upper_sorbian	britki	[ˈbʀʲitkʲi]
upper_sorbian	jerjab	[ˈjeʀʲap]
upper_sorbian	črjódźić	[ˈt͡sʀʲʊd͡ʒit͡ʃ]
upper_sorbian	nochć	[ˈnoxt͡ʃ]
upper_sorbian	črjewo	[ˈt͡sʀʲɛwɔ]
upper_sorbian	syć	[ˈsɨt͡ʃ]
upper_sorbian	kruwa	[ˈkʀuwa]
upper_sorbian	len	[ˈlɛn]
upper_sorbian	boleć	[ˈbɔlɛt͡ʃ]
upper_sorbian	wot(e)ry	[ˈwɔtɛʀɨ]
upper_sorbian	nóž	[ˈnʊʃ]
upper_sorbian	jaseń	[ˈjasen]
upper_sorbian	jatřob	[ˈjat͡ʃop]
upper_sorbian	wuheń	[ˈwuhen]
upper_sorbian	drob	[ˈdʀop]
upper_sorbian	pěna	[ˈpʲɪna]
upper_sorbian	kotry	[ˈkɔtʀɨ]
upper_sorbian	bóle	[ˈbʊlɛ]
upper_sorbian	srjeda	[ˈsʀʲɛda]
upper_sorbian	bɫysćeć	[ˈbɨst͡ʃɛt͡ʃ]
upper_sorbian	šěsć	[ˈʃɪst͡ʃ]
upper_sorbian	jakny	[ˈjaknɨ]
upper_sorbian	běda	[ˈbʲɪda]
upper_sorbian	dróha	[ˈdʀʊha]
upper_sorbian	rěč	[ˈʀʲɪt͡ʃ]
upper_sorbian	žaɫza	[ˈʒawza]
upper_sorbian	jaboɫń	[ˈjabojn]
upper_sorbian	šesty	[ˈʃestɨ]
upper_sorbian	rośc	[ˈʀɔst͡ʃ]
upper_sorbian	bɫudzić	[ˈbud͡zit͡ʃ]
upper_sorbian	ɫakomy	[ˈwakomɨ]
upper_sorbian	dźiwi	[ˈd͡ʒiwʲi]
upper_sorbian	hryzać	[ˈʀɨzat͡ʃ]
upper_sorbian	blěsk	[ˈblɪsk]
upper_sorbian	syno	[ˈsɨnɔ]
upper_sorbian	wɫoha	[ˈwoha]
upper_sorbian	strowy	[ˈstʀowɨ]
upper_sorbian	tcha	[tka]
slovak	leb	[ˈlɛp]
slovak	reč	[ˈrɛt͡ʃ]
slovak	myť	[ˈmic]
slovak	sok	[ˈsok]
slovak	moc	[ˈmɔt͡s]
slovak	surový	[ˈsurɔviː]
slovak	povraz	[ˈpɔʋras]
slovak	hlísta	[ˈɦliːsta]
slovak	smiať sa	[ˈsmi̯ac sa]
slovak	lopata	[ˈɫɔpata]
slovak	zolvica	[ˈzolʋit͡sa]
slovak	tvár	[ˈtʋaːr]
slovak	hlobiť	[ˈɦlobic]
slovak	večer	[ˈʋɛt͡ʃɛr]
slovak	voš	[ˈvɔʃ]
slovak	krik	[ˈkrik]
slovak	habať	[ˈɦabac]
slovak	hustý	[ˈɦustiː]
slovak	hlísta	[ˈɦliːsta]
slovak	mať	[ˈmac]
slovak	koža	[ˈkɔʒa]
slovak	kǫpina	[ˈkupina]
slovak	mútiť	[ˈmuːcic]
slovak	most	[ˈmɔst]
slovak	sláva	[ˈsɫaːʋa]
slovak	dieža	[ˈɟi̯ɛʒa]
slovak	mlčať	[ˈmɫ̩t͡ʃac]
slovak	plsť	[ˈpɫ̩sc]
slovak	zavrieť	[ˈzaʋri̯ɛc]
slovak	niť	[ˈɲic]
slovak	čadza	[ˈt͡ʃad͡za]
slovak	zúriť	[ˈzuːric]
slovak	hliva	[ˈɦliʋa]
slovak	pazucha	[ˈpazuxa]
slovak	drať	[ˈdrac]
slovak	pri	[pri]
slovak	brat́	[ˈbrac]
slovak	ocitnouť sa	[ˈɔt͡sitnɔuc]
slovak	hrad	[ˈɦrat]
slovak	klásť	[ˈkɫaːsc]
slovak	vlna	[ˈʋɫ̩na]
slovak	drzý	[ˈdr̩ziː]
slovak	pýr	[ˈpiːr]
slovak	vyhňa	[ˈʋiɦɲa]
slovak	nať	[ˈnac]
slovak	vojín	[ˈʋɔjiːn]
slovak	šiesty	[ˈʃi̯ɛsti]
slovak	láť	[ˈɫaːc]
slovak	rúno	[ˈruːnɔ]
slovak	luh	[ˈɫux]
slovak	mošna	[ˈmɔʃna]
slovak	jemelo	[ˈjɛmɛlo]
slovak	dávať	[ˈdaːʋac]
slovak	vrhnúť	[ˈʋr̩ɦnuːc]
slovak	honiť	[ˈɦɔɲic]
slovak	žľaza	[ˈʒʎaza]
slovak	jama	[ˈjama]
slovak	osnova	[ˈɔsnɔʋa]
slovak	drúh	[ˈdruːx]
slovak	kút	[ˈkuːt]
slovak	dech	[ˈɟɛx]
slovak	ký	[ˈkiː]
slovak	krásny	[ˈkraːsni]
slovak	netopier	[ˈɲɛtɔpi̯ɛr]
slovak	nudiť	[ˈnuɟic]
slovak	biť	[ˈbic]
slovak	maslo	[ˈmasɫɔ]
slovak	jedľa	[ˈjɛdʎa]
slovak	sedieť	[ˈsɛɟi̯ɛc]
slovak	masť	[ˈmasc]
slovak	klát	[ˈkɫaːt]
slovak	blahý	[ˈbɫaɦiː]
slovak	siahnuť	[ˈsi̯aɦnuc]
slovak	hrsť	[ˈɦr̩sc]
slovak	vnuk	[ˈʋnuk]
slovak	čierny	[ˈt͡ʃi̯ɛrni]
slovak	náhly	[ˈnaːɦli]
slovak	kričať	[ˈkrit͡ʃac]
slovak	jerab	[ˈjɛrap]
slovak	krotiť	[ˈkrɔcic]
slovak	neres	[ˈɲɛrɛs]
slovak	kudiť	[ˈkuɟic]
slovak	tieň	[ˈci̯ɛɲ]
slovak	vliecť	[ˈʋli̯ɛt͡sc]
slovak	jadro	[ˈjadrɔ]
slovak	utorok	[ˈutɔrɔk]
slovak	hrana	[ˈɦrana]
slovak	mech	[ˈmɛx]
slovak	drieň	[dri̯ɛɲ]
slovak	topiť	[ˈtɔpic]
slovak	núdza	[ˈnuːd͡za]
slovak	hnusný	[ˈɦnusniː]
slovak	lusk	[ˈɫusk]
slovak	brt	[ˈbr̩t]
slovak	rebro	[ˈrɛbrɔ]
slovak	mĺzť	[ˈmɫ̩ːsc]
slovak	veno	[ˈʋɛnɔ]
slovak	hovieť	[ˈɦoʋi̯ɛc]
slovak	ostrý	[ˈɔstriː]
slovak	strana	[ˈstrana]
bulgarian	vtórnik	[ˈftɔrnik]
bulgarian	pắkăl	[ˈpɤkɐɫ]
bulgarian	lov	[ˈlɔf]
bulgarian	slaná	[slɐˈna]
bulgarian	bran	[ˈbran]
bulgarian	gắžva	[ˈɡɤʒvɐ]
bulgarian	nágăl	[ˈnaɡɐɫ]
bulgarian	dnes	[ˈdnɛs]
bulgarian	prost	[ˈprɔst]
bulgarian	žúna	[ˈʒunɐ]
bulgarian	dắno	[ˈdɤno]
bulgarian	čérep	[ˈtʃɛrɛp]
bulgarian	lóboda	[ˈlɔbodɐ]
bulgarian	ézero	[ˈɛzɛro]
bulgarian	ljutjá	[ljuˈtja]
bulgarian	brékna	[ˈbrɛknɐ]
bulgarian	máslo	[ˈmasɫo]
bulgarian	bắrna	[ˈbɤrnɐ]
bulgarian	studén	[stuˈdɛn]
bulgarian	prídăt	[ˈpridɐt]
bulgarian	grózen	[ˈɡrɔzɛn]
bulgarian	zvezdá	[zvɛzˈda]
bulgarian	nedắg	[nɛˈdɤk]
bulgarian	bedró	[bɛdˈrɔ]
bulgarian	klokòtati	[kɫoˈkɔtɐti]
bulgarian	nózdra	[ˈnɔzdrɐ]
bulgarian	kladá	[kɫɐˈdɤ]
bulgarian	kipjá	[kiˈpjɤ]
bulgarian	gvózdej	[ˈɡvɔzdɛj]
bulgarian	mălčá	[mɐɫˈtʃa]
bulgarian	gásna	[ˈɡasnɐ]
bulgarian	kol	[ˈkɔl]
bulgarian	kvas	[ˈkvas]
bulgarian	govórja	[ɡoˈvɔrjɐ]
bulgarian	posetjá	[posɛˈtja]
bulgarian	kúkam	[ˈkukɐm]
bulgarian	búrja	[ˈburjɐ]
bulgarian	koj	[ˈkɔj]
bulgarian	otvórja	[otˈvɔrjɐ]
bulgarian	véja	[ˈvɛjɐ]
bulgarian	čédo	[ˈtʃɛdo]
bulgarian	sékna	[ˈsɛknɐ]
bulgarian	sláva	[ˈsɫavɐ]
bulgarian	pắkăl	[ˈpɤkɐɫ]
bulgarian	mắka	[ˈmɤkɐ]
bulgarian	grében	[ˈɡrɛbɛn]
bulgarian	bjas	[ˈbjas]
bulgarian	vălk	[ˈvɤɫk]
bulgarian	petá	[pɛˈta]
bulgarian	vrána	[ˈvranɐ]
bulgarian	edín	[ɛˈdin]
bulgarian	rastá	[rɐsˈta]
bulgarian	košára	[koˈʃarɐ]
bulgarian	névod	[ˈnɛvot]
bulgarian	gnúsăn	[ˈɡnusɐn]
bulgarian	járina	[ˈjarinɐ]
bulgarian	lomjá	[loˈmja]
bulgarian	grad	[ˈɡrat]
bulgarian	vósăk	[ˈvɔsɐk]
bulgarian	kléšti	[ˈklɛʃti]
bulgarian	mălvá	[mɐɫˈvɤ]
bulgarian	snjag	[snjak]
bulgarian	krúpen	[ˈkrupɛn]
bulgarian	čin	[ˈtʃin]
bulgarian	orắdie	[oˈrɤdiɛ]
bulgarian	plávam	[ˈpɫavɐm]
bulgarian	părvi	[ˈpɤrvi]
bulgarian	grúda	[ˈɡrudɐ]
bulgarian	krăg	[ˈkrɤk]
bulgarian	pálec	[ˈpalɛt͡s]
bulgarian	stud	[ˈstut]
bulgarian	vrja	[ˈvrja]
bulgarian	mrắzna	[ˈmrɤznɐ]
bulgarian	pojá	[poˈjɤ]
bulgarian	pljúja	[ˈpljujɐ]
bulgarian	s(ăs)	[sɤs]
bulgarian	metá	[mɛˈtɤ]
bulgarian	svinjá	[sviˈnja]
bulgarian	grúda	[ˈɡrudɐ]
bulgarian	rebró	[rɛˈbrɔ]
bulgarian	edvá	[ɛdˈva]
bulgarian	glas	[ˈɡlas]
bulgarian	sắxna	[ˈsɤxnɐ]
bulgarian	cená	[t͡sɛˈna]
bulgarian	mȋg	[ˈmik]
bulgarian	edín	[ɛˈdin]
bulgarian	slíva	[ˈslivɐ]
bulgarian	móga	[ˈmɔɡɐ]
bulgarian	grozd	[ˈɡrost]
bulgarian	svjat	[ˈsvjat]
bulgarian	dvor	[ˈdvɔr]
bulgarian	kláda	[ˈkɫadɐ]
bulgarian	vídra	[ˈvidrɐ]
bulgarian	krépăk	[ˈkrɛpɐk]
bulgarian	grábja	[ˈɡrabjɐ]
bulgarian	meždá	[mɛʒˈda]
bulgarian	naród	[nɐˈrɔt]
bulgarian	gắltam	[ˈɡɤltɐm]
bulgarian	grob	[ˈɡrɔp]
bulgarian	víme	[ˈvimɛ]
bulgarian	mărmórja	[mɐrˈmɔrjɐ]
bulgarian	víja	[ˈvijɐ]
bulgarian	ečá	[ɛˈtʃa]
bulgarian	ljágam	[ˈljaɡɐm]
bulgarian	os	[ˈɔs]
bulgarian	pot	[ˈpɔt]
bulgarian	čist	[ˈt͡ʃist]
bulgarian	dávam	[ˈdavɐm]
bulgarian	vonjá	[voˈnja]
bulgarian	érebica	[ˈɛrɛbit͡sɐ]
bulgarian	pčelá	[ptʃɛˈla]
bulgarian	brazdá	[brɐzˈda]
bulgarian	síla	[ˈsilɐ]
bulgarian	tri	[ˈtri]
bulgarian	mek	[ˈmɛk]
bulgarian	reká	[rɛˈkɤ]
bulgarian	gasjá	[ɡɐˈsjɤ]
bulgarian	blenúvam	[blɛˈnuvɐm]
bulgarian	blenúvam	[blɛˈnuvɐm]
bulgarian	motíka	[moˈtikɐ]
bulgarian	gắžva	[ˈɡɤʒvɐ]
bulgarian	glédam	[ˈɡlɛdɐm]
bulgarian	jelén	[jɛˈlɛn]
bulgarian	xódja	[ˈɔdjɐ]
bulgarian	ópak	[ˈɔpɐk]
bulgarian	órex	[ˈɔɾɛx]
bulgarian	grebá	[ɡrɛˈbɤ]
bulgarian	govédo	[ɡoˈvɛdo]
bulgarian	svešt	[ˈsvɛʃt]
bulgarian	gadája	[ɡɐˈdajɐ]
bulgarian	jad	[ˈjat]
bulgarian	játo	[ˈjato]
bulgarian	pešt	[ˈpɛʃt]
bulgarian	kólja	[ˈkɔljɐ]
bulgarian	glína	[ˈɡlinɐ]
bulgarian	găgnív	[ɡɐɡˈnif]
bulgarian	buníka	[buˈnikɐ]
bulgarian	lozá	[loˈza]
bulgarian	reč	[ˈrɛtʃ]
bulgarian	smrad	[ˈsmrat]
bulgarian	lákăt	[ˈlakɐt]
bulgarian	mlin	[ˈmlin]
bulgarian	lis	[ˈlis]
bulgarian	bolí	[boˈljɤ]
bulgarian	jebá	[jɛˈba]
bulgarian	nésit	[ˈnɛsit]
bulgarian	deséti	[dɛˈsɛti]
